fips,chng-fips
01000,01000
01001,01001
01003,01003
01005,01005
01007,01007
01009,01009
01011,01011
01013,01013
01015,01015
01017,01017
01019,01019
01021,01021
01023,01023
01025,01025
01027,01027
01029,01029
01031,01031
01033,01033
01035,01035
01037,01037
01039,01039
01041,01041
01043,01043
01045,01045
01047,01g02
01049,01049
01051,01051
01053,01053
01055,01055
01057,01057
01059,01059
01061,01061
01063,01g01
01065,01g01
01067,01067
01069,01069
01071,01071
01073,01073
01075,01075
01077,01077
01079,01079
01081,01081
01083,01083
01085,01085
01087,01087
01089,01089
01091,01091
01093,01093
01095,01095
01097,01097
01099,01099
01101,01101
01103,01103
01105,01g02
01107,01107
01109,01109
01111,01111
01113,01113
01115,01115
01117,01117
01119,01119
01121,01121
01123,01123
01125,01125
01127,01127
01129,01129
01131,01131
01133,01133
02000,02000
02013,02013
02016,02016
02020,02020
02050,02050
02060,02060
02063,02063
02066,02066
02068,02068
02070,02070
02090,02090
02100,02100
02105,02105
02110,02110
02122,02122
02130,02130
02150,02150
02158,02158
02164,02164
02170,02170
02180,02180
02185,02185
02188,02188
02195,02195
02198,02198
02220,02220
02230,02230
02240,02240
02275,02275
02282,02282
02290,02290
04000,04000
04001,04001
04003,04003
04005,04005
04007,04007
04009,04g01
04011,04g01
04012,04012
04013,04013
04015,04015
04017,04017
04019,04019
04021,04021
04023,04023
04025,04025
04027,04027
05000,05000
05001,05001
05003,05003
05005,05005
05007,05007
05009,05g08
05011,05g01
05013,05g01
05015,05015
05017,05017
05019,05019
05021,05021
05023,05023
05025,05g01
05027,05027
05029,05029
05031,05031
05033,05033
05035,05035
05037,05037
05039,05g02
05041,05041
05043,05043
05045,05045
05047,05047
05049,05049
05051,05051
05053,05g02
05055,05055
05057,05g07
05059,05059
05061,05061
05063,05063
05065,05065
05067,05g10
05069,05069
05071,05071
05073,05g03
05075,05075
05077,05g04
05079,05079
05081,05081
05083,05083
05085,05085
05087,05087
05089,05g09
05091,05g03
05093,05093
05095,05g05
05097,05g06
05099,05g07
05101,05g08
05103,05103
05105,05105
05107,05107
05109,05g06
05111,05111
05113,05113
05115,05115
05117,05g05
05119,05119
05121,05121
05123,05g04
05125,05125
05127,05127
05129,05g09
05131,05131
05133,05133
05135,05135
05137,05137
05139,05139
05141,05141
05143,05143
05145,05145
05147,05g10
05149,05149
06000,06000
06001,06001
06003,06g01
06005,06005
06007,06007
06009,06009
06011,06011
06013,06013
06015,06015
06017,06017
06019,06019
06021,06021
06023,06023
06025,06025
06027,06027
06029,06029
06031,06031
06033,06033
06035,06g02
06037,06037
06039,06039
06041,06041
06043,06043
06045,06045
06047,06047
06049,06g02
06051,06051
06053,06053
06055,06055
06057,06g03
06059,06059
06061,06061
06063,06063
06065,06065
06067,06067
06069,06069
06071,06071
06073,06073
06075,06075
06077,06077
06079,06079
06081,06081
06083,06083
06085,06085
06087,06087
06089,06089
06091,06g03
06093,06093
06095,06095
06097,06097
06099,06099
06101,06101
06103,06103
06105,06105
06107,06107
06109,06g01
06111,06111
06113,06113
06115,06115
08000,08000
08001,08001
08003,08g04
08005,08005
08007,08g12
08009,08g01
08011,08g01
08013,08013
08014,08014
08015,08g10
08017,08g02
08019,08g03
08021,08g15
08023,08g04
08025,08g05
08027,08g06
08029,08029
08031,08031
08033,08g07
08035,08035
08037,08037
08039,08g11
08041,08041
08043,08g06
08045,08g14
08047,08g03
08049,08g09
08051,08051
08053,08g07
08055,08g08
08057,08g09
08059,08059
08061,08g01
08063,08g02
08065,08g10
08067,08067
08069,08069
08071,08071
08073,08g11
08075,08g13
08077,08077
08079,08g12
08081,08081
08083,08083
08085,08g07
08087,08g16
08089,08g05
08091,08g07
08093,08093
08095,08g13
08097,08097
08099,08g01
08101,08g08
08103,08g14
08105,08g15
08107,08107
08109,08g15
08111,08g07
08113,08g07
08115,08g13
08117,08117
08119,08119
08121,08g16
08123,08123
08125,08g02
09000,09000
09001,09001
09003,09003
09005,09005
09007,09007
09009,09009
09011,09011
09013,09013
09015,09015
10000,10000
10001,10001
10003,10003
10005,10005
11000,11000
11001,11001
12000,12000
12001,12001
12003,12003
12005,12005
12007,12007
12009,12009
12011,12011
12013,12013
12015,12015
12017,12017
12019,12019
12021,12021
12023,12023
12027,12027
12029,12029
12031,12031
12033,12033
12035,12035
12037,12g02
12039,12039
12041,12041
12043,12043
12045,12045
12047,12047
12049,12049
12051,12051
12053,12053
12055,12055
12057,12057
12059,12059
12061,12061
12063,12063
12065,12065
12067,12g01
12069,12069
12071,12071
12073,12073
12075,12075
12077,12g02
12079,12079
12081,12081
12083,12083
12085,12085
12086,12086
12087,12087
12089,12089
12091,12091
12093,12093
12095,12095
12097,12097
12099,12099
12101,12101
12103,12103
12105,12105
12107,12107
12109,12109
12111,12111
12113,12113
12115,12115
12117,12117
12119,12119
12121,12g01
12123,12123
12125,12125
12127,12127
12129,12129
12131,12131
12133,12133
13000,13000
13001,13001
13003,13g01
13005,13005
13007,13g02
13009,13g24
13011,13011
13013,13013
13015,13015
13017,13g06
13019,13019
13021,13021
13023,13g21
13025,13025
13027,13027
13029,13029
13031,13031
13033,13g07
13035,13035
13037,13g03
13039,13039
13043,13043
13045,13045
13047,13047
13049,13049
13051,13051
13053,13g14
13055,13055
13057,13057
13059,13059
13061,13g03
13063,13063
13065,13g04
13067,13067
13069,13g01
13071,13071
13073,13073
13075,13075
13077,13077
13079,13079
13081,13g20
13083,13083
13085,13085
13087,13g13
13089,13089
13091,13091
13093,13093
13095,13095
13097,13097
13099,13g11
13101,13g04
13103,13103
13105,13105
13107,13g19
13109,13109
13111,13111
13113,13113
13115,13115
13117,13117
13119,13119
13121,13121
13123,13123
13125,13g05
13127,13127
13129,13129
13131,13131
13133,13g16
13135,13135
13137,13137
13139,13139
13141,13g24
13143,13143
13145,13145
13147,13147
13149,13149
13151,13151
13153,13153
13155,13g06
13157,13157
13159,13159
13161,13161
13163,13163
13165,13g07
13167,13g08
13169,13169
13171,13171
13173,13173
13175,13175
13177,13g18
13179,13179
13181,13g09
13183,13183
13185,13185
13187,13187
13189,13g05
13191,13191
13193,13g17
13195,13195
13197,13g10
13199,13199
13201,13g11
13205,13g02
13207,13207
13209,13g12
13211,13211
13213,13213
13215,13215
13217,13217
13219,13219
13221,13221
13223,13223
13225,13225
13227,13227
13229,13229
13231,13231
13233,13233
13235,13g23
13237,13237
13239,13g03
13241,13241
13243,13g03
13245,13245
13247,13247
13249,13g10
13251,13251
13253,13g13
13255,13255
13257,13257
13259,13g14
13261,13261
13263,13g15
13265,13g16
13267,13267
13269,13g17
13271,13g22
13273,13g18
13275,13275
13277,13277
13279,13g12
13281,13281
13283,13g19
13285,13285
13287,13g20
13289,13g21
13291,13291
13293,13g15
13295,13295
13297,13297
13299,13299
13301,13g05
13303,13g08
13305,13305
13307,13g14
13309,13g22
13311,13311
13313,13313
13315,13g23
13317,13g09
13319,13g24
13321,13321
15000,15000
15001,15001
15003,15003
15005,15005
15007,15007
15009,15009
16000,16000
16001,16001
16003,16g01
16005,16005
16007,16g05
16009,16g02
16011,16011
16013,16013
16015,16g03
16017,16017
16019,16019
16021,16021
16023,16g06
16025,16g04
16027,16027
16029,16g05
16031,16031
16033,16g06
16035,16g07
16037,16g08
16039,16039
16041,16g05
16043,16043
16045,16g03
16047,16g04
16049,16049
16051,16g06
16053,16g10
16055,16055
16057,16g02
16059,16g08
16061,16g09
16063,16g10
16065,16065
16067,16067
16069,16g09
16071,16g11
16073,16073
16075,16075
16077,16g11
16079,16g07
16081,16081
16083,16083
16085,16085
16087,16g01
17000,17000
17001,17001
17003,17g01
17005,17005
17007,17007
17009,17g02
17011,17011
17013,17g03
17015,17015
17017,17017
17019,17019
17021,17021
17023,17023
17025,17025
17027,17027
17029,17029
17031,17031
17033,17033
17035,17g08
17037,17037
17039,17039
17041,17041
17043,17043
17045,17045
17047,17g04
17049,17049
17051,17051
17053,17053
17055,17055
17057,17057
17059,17g05
17061,17061
17063,17063
17065,17g06
17067,17067
17069,17g05
17071,17g07
17073,17073
17075,17075
17077,17077
17079,17g08
17081,17081
17083,17g03
17085,17085
17087,17087
17089,17089
17091,17091
17093,17093
17095,17095
17097,17097
17099,17099
17101,17101
17103,17103
17105,17105
17107,17107
17109,17109
17111,17111
17113,17113
17115,17115
17117,17117
17119,17119
17121,17121
17123,17g10
17125,17125
17127,17g09
17129,17129
17131,17131
17133,17133
17135,17135
17137,17g11
17139,17139
17141,17141
17143,17g12
17145,17145
17147,17147
17149,17149
17151,17g09
17153,17g01
17155,17g10
17157,17157
17159,17159
17161,17161
17163,17163
17165,17g05
17167,17167
17169,17g02
17171,17g11
17173,17173
17175,17g12
17177,17177
17179,17179
17181,17181
17183,17183
17185,17g04
17187,17g07
17189,17189
17191,17191
17193,17g06
17195,17195
17197,17197
17199,17199
17201,17201
17203,17203
18000,18000
18001,18001
18003,18003
18005,18005
18007,18g01
18009,18009
18011,18011
18013,18013
18015,18015
18017,18017
18019,18019
18021,18021
18023,18023
18025,18025
18027,18027
18029,18029
18031,18031
18033,18033
18035,18035
18037,18037
18039,18039
18041,18g03
18043,18043
18045,18045
18047,18047
18049,18049
18051,18051
18053,18053
18055,18055
18057,18057
18059,18059
18061,18061
18063,18063
18065,18065
18067,18067
18069,18069
18071,18071
18073,18073
18075,18075
18077,18077
18079,18079
18081,18081
18083,18083
18085,18085
18087,18087
18089,18089
18091,18091
18093,18093
18095,18095
18097,18097
18099,18099
18101,18101
18103,18103
18105,18105
18107,18107
18109,18109
18111,18111
18113,18113
18115,18g02
18117,18117
18119,18119
18121,18121
18123,18123
18125,18125
18127,18127
18129,18129
18131,18131
18133,18133
18135,18135
18137,18137
18139,18139
18141,18141
18143,18143
18145,18145
18147,18147
18149,18149
18151,18151
18153,18153
18155,18g02
18157,18157
18159,18159
18161,18g03
18163,18163
18165,18165
18167,18167
18169,18169
18171,18g01
18173,18173
18175,18175
18177,18177
18179,18179
18181,18181
18183,18183
19000,19000
19001,19g01
19003,19g02
19005,19005
19007,19g14
19009,19g03
19011,19011
19013,19013
19015,19015
19017,19017
19019,19019
19021,19021
19023,19023
19025,19g04
19027,19027
19029,19g03
19031,19031
19033,19g18
19035,19g11
19037,19g09
19039,19g05
19041,19041
19043,19043
19045,19045
19047,19047
19049,19049
19051,19g06
19053,19g05
19055,19055
19057,19057
19059,19059
19061,19061
19063,19g07
19065,19065
19067,19067
19069,19069
19071,19g08
19073,19g10
19075,19075
19077,19g01
19079,19079
19081,19081
19083,19083
19085,19085
19087,19087
19089,19g09
19091,19g10
19093,19g11
19095,19095
19097,19097
19099,19099
19101,19g17
19103,19103
19105,19105
19107,19107
19109,19109
19111,19111
19113,19113
19115,19115
19117,19g12
19119,19119
19121,19121
19123,19123
19125,19125
19127,19127
19129,19g08
19131,19131
19133,19g13
19135,19g14
19137,19137
19139,19139
19141,19g15
19143,19g15
19145,19145
19147,19g07
19149,19149
19151,19g04
19153,19153
19155,19155
19157,19157
19159,19g16
19161,19161
19163,19163
19165,19165
19167,19167
19169,19169
19171,19171
19173,19g02
19175,19g16
19177,19g17
19179,19g06
19181,19181
19183,19183
19185,19g12
19187,19g10
19189,19189
19191,19191
19193,19g13
19195,19g18
19197,19197
20000,20000
20001,20g01
20003,20g01
20005,20g06
20007,20g24
20009,20g22
20011,20011
20013,20g06
20015,20015
20017,20g02
20019,20g27
20021,20021
20023,20g03
20025,20g04
20027,20g26
20029,20g21
20031,20g12
20033,20g24
20035,20035
20037,20037
20039,20g05
20041,20041
20043,20g06
20045,20045
20047,20g24
20049,20g27
20051,20g09
20053,20g07
20055,20g10
20057,20g04
20059,20059
20061,20g02
20063,20g08
20065,20g09
20067,20g18
20069,20g10
20071,20g11
20073,20g12
20075,20g11
20077,20g13
20079,20079
20081,20g17
20083,20g14
20085,20085
20087,20087
20089,20g23
20091,20091
20093,20g11
20095,20g13
20097,20g24
20099,20099
20101,20g08
20103,20103
20105,20g07
20107,20g15
20109,20g08
20111,20111
20113,20113
20115,20115
20117,20g16
20119,20g17
20121,20g15
20123,20g23
20125,20g27
20127,20g02
20129,20g18
20131,20131
20133,20133
20135,20g14
20137,20g05
20139,20139
20141,20g23
20143,20g21
20145,20g14
20147,20g19
20149,20g16
20151,20g24
20153,20g20
20155,20155
20157,20g21
20159,20g07
20161,20g26
20163,20g19
20165,20g14
20167,20g22
20169,20169
20171,20g08
20173,20173
20175,20g17
20177,20g25
20179,20g05
20181,20g03
20183,20g23
20185,20g24
20187,20g11
20189,20g18
20191,20191
20193,20g20
20195,20g09
20197,20g25
20199,20g03
20201,20g26
20203,20g11
20205,20g27
20207,20g12
20209,20209
21000,21000
21001,21001
21003,21003
21005,21005
21007,21g01
21009,21009
21011,21011
21013,21013
21015,21015
21017,21g13
21019,21019
21021,21021
21023,21g02
21025,21025
21027,21027
21029,21029
21031,21031
21033,21g09
21035,21035
21037,21037
21039,21g01
21041,21g14
21043,21g05
21045,21045
21047,21047
21049,21049
21051,21051
21053,21g04
21055,21g03
21057,21g04
21059,21g10
21061,21061
21063,21g05
21065,21065
21067,21067
21069,21069
21071,21071
21073,21073
21075,21g06
21077,21g07
21079,21079
21081,21081
21083,21083
21085,21085
21087,21g12
21089,21089
21091,21g10
21093,21093
21095,21095
21097,21097
21099,21099
21101,21101
21103,21103
21105,21g06
21107,21107
21109,21109
21111,21111
21113,21113
21115,21115
21117,21117
21119,21119
21121,21121
21123,21123
21125,21125
21127,21127
21129,21g08
21131,21131
21133,21133
21135,21135
21137,21137
21139,21g03
21141,21141
21143,21g09
21145,21145
21147,21147
21149,21g10
21151,21151
21153,21153
21155,21155
21157,21157
21159,21159
21161,21161
21163,21163
21165,21g11
21167,21167
21169,21g12
21171,21171
21173,21173
21175,21175
21177,21177
21179,21179
21181,21g13
21183,21183
21185,21185
21187,21g07
21189,21g08
21191,21191
21193,21193
21195,21195
21197,21197
21199,21199
21201,21g02
21203,21203
21205,21205
21207,21207
21209,21209
21211,21211
21213,21213
21215,21215
21217,21217
21219,21219
21221,21221
21223,21g14
21225,21225
21227,21227
21229,21229
21231,21231
21233,21233
21235,21235
21237,21g11
21239,21239
22000,22000
22001,22001
22003,22003
22005,22005
22007,22007
22009,22009
22011,22011
22013,22g04
22015,22015
22017,22017
22019,22g02
22021,22g01
22023,22g02
22025,22025
22027,22027
22029,22029
22031,22031
22033,22033
22035,22g03
22037,22037
22039,22039
22041,22g05
22043,22043
22045,22045
22047,22047
22049,22049
22051,22051
22053,22053
22055,22055
22057,22057
22059,22059
22061,22061
22063,22063
22065,22065
22067,22067
22069,22069
22071,22071
22073,22g01
22075,22075
22077,22077
22079,22079
22081,22g04
22083,22083
22085,22085
22087,22087
22089,22089
22091,22091
22093,22093
22095,22095
22097,22097
22099,22099
22101,22101
22103,22103
22105,22105
22107,22g05
22109,22109
22111,22111
22113,22113
22115,22115
22117,22117
22119,22119
22121,22121
22123,22g03
22125,22125
22127,22127
23000,23000
23001,23001
23003,23003
23005,23005
23007,23007
23009,23009
23011,23011
23013,23013
23015,23015
23017,23017
23019,23019
23021,23021
23023,23023
23025,23025
23027,23027
23029,23029
23031,23031
24000,24000
24001,24001
24003,24003
24005,24005
24009,24009
24011,24011
24013,24013
24015,24015
24017,24017
24019,24019
24021,24021
24023,24023
24025,24025
24027,24027
24029,24029
24031,24031
24033,24033
24035,24035
24037,24037
24039,24039
24041,24041
24043,24043
24045,24045
24047,24047
24510,24510
25000,25000
25001,25001
25003,25003
25005,25005
25007,25007
25009,25009
25011,25011
25013,25013
25015,25015
25017,25017
25019,25019
25021,25021
25023,25023
25025,25025
25027,25027
26000,26000
26001,26001
26003,26g01
26005,26005
26007,26007
26009,26009
26011,26011
26013,26g02
26015,26015
26017,26017
26019,26019
26021,26021
26023,26023
26025,26025
26027,26027
26029,26029
26031,26031
26033,26033
26035,26035
26037,26037
26039,26039
26041,26041
26043,26043
26045,26045
26047,26047
26049,26049
26051,26051
26053,26g05
26055,26055
26057,26057
26059,26059
26061,26g02
26063,26063
26065,26065
26067,26067
26069,26069
26071,26071
26073,26073
26075,26075
26077,26077
26079,26079
26081,26081
26083,26g02
26085,26085
26087,26087
26089,26089
26091,26091
26093,26093
26095,26g03
26097,26g03
26099,26099
26101,26101
26103,26103
26105,26105
26107,26107
26109,26109
26111,26111
26113,26113
26115,26115
26117,26117
26119,26g04
26121,26121
26123,26123
26125,26125
26127,26127
26129,26129
26131,26g05
26133,26133
26135,26g04
26137,26137
26139,26139
26141,26141
26143,26143
26145,26145
26147,26147
26149,26149
26151,26151
26153,26g01
26155,26155
26157,26157
26159,26159
26161,26161
26163,26163
26165,26165
27000,27000
27001,27001
27003,27003
27005,27005
27007,27g06
27009,27009
27011,27g03
27013,27013
27015,27015
27017,27017
27019,27019
27021,27021
27023,27g10
27025,27025
27027,27g11
27029,27g01
27031,27g02
27033,27033
27035,27035
27037,27037
27039,27039
27041,27041
27043,27043
27045,27045
27047,27047
27049,27049
27051,27g03
27053,27053
27055,27055
27057,27057
27059,27059
27061,27061
27063,27063
27065,27065
27067,27067
27069,27g04
27071,27071
27073,27g05
27075,27g02
27077,27g06
27079,27079
27081,27g07
27083,27083
27085,27085
27087,27g01
27089,27g04
27091,27091
27093,27093
27095,27095
27097,27097
27099,27099
27101,27g09
27103,27103
27105,27g09
27107,27g11
27109,27109
27111,27111
27113,27g08
27115,27115
27117,27g07
27119,27119
27121,27121
27123,27123
27125,27g08
27127,27127
27129,27129
27131,27131
27133,27g09
27135,27135
27137,27137
27139,27139
27141,27141
27143,27143
27145,27145
27147,27147
27149,27g03
27151,27g10
27153,27153
27155,27g03
27157,27157
27159,27159
27161,27161
27163,27163
27165,27165
27167,27g11
27169,27169
27171,27171
27173,27g05
28000,28000
28001,28g08
28003,28003
28005,28g04
28007,28007
28009,28g01
28011,28011
28013,28013
28015,28015
28017,28017
28019,28g02
28021,28g03
28023,28023
28025,28025
28027,28g07
28029,28029
28031,28031
28033,28033
28035,28035
28037,28g04
28039,28039
28041,28041
28043,28043
28045,28045
28047,28047
28049,28049
28051,28051
28053,28g05
28055,28g05
28057,28057
28059,28059
28061,28061
28063,28g03
28065,28065
28067,28067
28069,28g06
28071,28071
28073,28073
28075,28g06
28077,28077
28079,28079
28081,28081
28083,28083
28085,28085
28087,28087
28089,28089
28091,28091
28093,28093
28095,28095
28097,28097
28099,28099
28101,28101
28103,28103
28105,28105
28107,28107
28109,28109
28111,28111
28113,28113
28115,28115
28117,28117
28119,28g07
28121,28121
28123,28123
28125,28g05
28127,28127
28129,28129
28131,28131
28133,28133
28135,28135
28137,28137
28139,28g01
28141,28141
28143,28143
28145,28145
28147,28147
28149,28149
28151,28151
28153,28153
28155,28g02
28157,28g08
28159,28159
28161,28161
28163,28g05
29000,29000
29001,29001
29003,29003
29005,29g01
29007,29007
29009,29009
29011,29011
29013,29013
29015,29015
29017,29017
29019,29019
29021,29021
29023,29023
29025,29g02
29027,29027
29029,29029
29031,29031
29033,29g03
29035,29g04
29037,29037
29039,29g07
29041,29g05
29043,29043
29045,29g06
29047,29047
29049,29049
29051,29051
29053,29053
29055,29055
29057,29g07
29059,29059
29061,29g08
29063,29g09
29065,29g19
29067,29g15
29069,29069
29071,29071
29073,29073
29075,29g09
29077,29077
29079,29g13
29081,29g08
29083,29g18
29085,29g10
29087,29g01
29089,29089
29091,29091
29093,29g17
29095,29095
29097,29097
29099,29099
29101,29101
29103,29g11
29105,29105
29107,29107
29109,29109
29111,29g06
29113,29113
29115,29g05
29117,29g03
29119,29119
29121,29121
29123,29123
29125,29g12
29127,29127
29129,29g13
29131,29131
29133,29133
29135,29135
29137,29g14
29139,29139
29141,29141
29143,29143
29145,29145
29147,29g01
29149,29149
29151,29g12
29153,29g15
29155,29155
29157,29157
29159,29159
29161,29161
29163,29163
29165,29165
29167,29g10
29169,29169
29171,29g16
29173,29173
29175,29175
29177,29g02
29179,29g17
29181,29g04
29183,29183
29185,29g18
29186,29186
29187,29187
29189,29189
29195,29195
29197,29g11
29199,29g11
29201,29201
29203,29g19
29205,29g14
29207,29207
29209,29209
29211,29g16
29213,29213
29215,29215
29217,29217
29219,29219
29221,29221
29223,29223
29225,29225
29227,29g09
29229,29229
29510,29510
30000,30000
30001,30g04
30003,30003
30005,30g01
30007,30g02
30009,30009
30011,30g09
30013,30g07
30015,30g03
30017,30g14
30019,30g17
30021,30g09
30023,30g04
30025,30g09
30027,30g13
30029,30029
30031,30g10
30033,30g16
30035,30035
30037,30g05
30039,30g06
30041,30g03
30043,30g02
30045,30g07
30047,30047
30049,30g15
30051,30g08
30053,30053
30055,30g09
30057,30g10
30059,30g07
30061,30g11
30063,30063
30065,30g12
30067,30067
30069,30g13
30071,30g01
30073,30g08
30075,30g14
30077,30g06
30079,30g09
30081,30081
30083,30083
30085,30g17
30087,30g16
30089,30g11
30091,30g17
30093,30g04
30095,30g05
30097,30g05
30099,30g15
30101,30g08
30103,30g16
30105,30g17
30107,30g05
30109,30g09
30111,30g12
31000,31000
31001,31g24
31003,31g01
31005,31g06
31007,31g21
31009,31g02
31011,31g01
31013,31g20
31015,31g02
31017,31g02
31019,31019
31021,31g03
31023,31g04
31025,31025
31027,31g05
31029,31g06
31031,31g07
31033,31g15
31035,31g08
31037,31g04
31039,31g09
31041,31041
31043,31043
31045,31g20
31047,31047
31049,31g15
31051,31g05
31053,31053
31055,31055
31057,31g06
31059,31g10
31061,31g24
31063,31g11
31065,31g18
31067,31067
31069,31g15
31071,31g02
31073,31g18
31075,31g06
31077,31g23
31079,31079
31081,31g16
31083,31g18
31085,31g06
31087,31g06
31089,31g02
31091,31g07
31093,31g23
31095,31g12
31097,31g13
31099,31g24
31101,31g06
31103,31g02
31105,31g21
31107,31g14
31109,31109
31111,31g07
31113,31g07
31115,31g02
31117,31g07
31119,31119
31121,31g16
31123,31g15
31125,31g16
31127,31g17
31129,31g08
31131,31g13
31133,31g13
31135,31g06
31137,31g18
31139,31g14
31141,31141
31143,31g19
31145,31g11
31147,31g17
31149,31g02
31151,31g12
31153,31153
31155,31155
31157,31g21
31159,31159
31161,31g20
31163,31g23
31165,31g21
31167,31g22
31169,31g10
31171,31g07
31173,31g09
31175,31g23
31177,31g03
31179,31g22
31181,31g24
31183,31g23
31185,31g19
32000,32000
32001,32g03
32003,32g02
32005,32005
32007,32g05
32009,32g01
32011,32g03
32013,32013
32015,32g03
32017,32g02
32019,32g01
32021,32g01
32023,32023
32027,32g03
32029,32g04
32031,32031
32033,32g05
32510,32g04
33000,33000
33001,33001
33003,33003
33005,33005
33007,33007
33009,33009
33011,33011
33013,33013
33015,33015
33017,33017
33019,33019
34000,34000
34001,34001
34003,34003
34005,34005
34007,34007
34009,34009
34011,34011
34013,34013
34015,34015
34017,34017
34019,34019
34021,34021
34023,34023
34025,34025
34027,34027
34029,34029
34031,34031
34033,34033
34035,34035
34037,34037
34039,34039
34041,34041
35000,35000
35001,35001
35003,35g01
35005,35005
35006,35g01
35007,35g02
35009,35g05
35011,35g04
35013,35013
35015,35015
35017,35g03
35019,35g04
35021,35g02
35023,35g03
35025,35025
35027,35027
35028,35028
35029,35029
35031,35031
35033,35g04
35035,35035
35037,35g05
35039,35039
35041,35041
35043,35043
35045,35045
35047,35g04
35049,35049
35051,35051
35053,35053
35055,35055
35057,35057
35059,35g02
35061,35061
36000,36000
36001,36001
36003,36003
36005,36005
36007,36007
36009,36009
36011,36011
36013,36013
36015,36015
36017,36017
36019,36019
36021,36021
36023,36023
36025,36025
36027,36027
36029,36029
36031,36031
36033,36033
36035,36035
36037,36037
36039,36039
36041,36g01
36043,36g01
36045,36045
36047,36047
36049,36049
36051,36051
36053,36053
36055,36055
36057,36057
36059,36059
36061,36061
36063,36063
36065,36065
36067,36067
36069,36069
36071,36071
36073,36073
36075,36075
36077,36077
36079,36079
36081,36081
36083,36083
36085,36085
36087,36087
36089,36089
36091,36091
36093,36093
36095,36095
36097,36097
36099,36099
36101,36101
36103,36103
36105,36105
36107,36107
36109,36109
36111,36111
36113,36113
36115,36115
36117,36117
36119,36119
36121,36121
36123,36123
37000,37000
37001,37001
37003,37003
37005,37005
37007,37007
37009,37009
37011,37011
37013,37013
37015,37015
37017,37017
37019,37019
37021,37021
37023,37023
37025,37025
37027,37027
37029,37029
37031,37031
37033,37033
37035,37035
37037,37037
37039,37039
37041,37041
37043,37g01
37045,37045
37047,37047
37049,37049
37051,37051
37053,37053
37055,37055
37057,37057
37059,37059
37061,37061
37063,37063
37065,37065
37067,37067
37069,37069
37071,37071
37073,37073
37075,37g01
37077,37077
37079,37079
37081,37081
37083,37083
37085,37085
37087,37087
37089,37089
37091,37091
37093,37093
37095,37g02
37097,37097
37099,37099
37101,37101
37103,37103
37105,37105
37107,37107
37109,37109
37111,37111
37113,37113
37115,37115
37117,37117
37119,37119
37121,37121
37123,37123
37125,37125
37127,37127
37129,37129
37131,37131
37133,37133
37135,37135
37137,37137
37139,37139
37141,37141
37143,37143
37145,37145
37147,37147
37149,37149
37151,37151
37153,37153
37155,37155
37157,37157
37159,37159
37161,37161
37163,37163
37165,37165
37167,37167
37169,37169
37171,37171
37173,37173
37175,37175
37177,37g02
37179,37179
37181,37181
37183,37183
37185,37185
37187,37g02
37189,37189
37191,37191
37193,37193
37195,37195
37197,37197
37199,37199
38000,38000
38001,38g07
38003,38g05
38005,38g01
38007,38g07
38009,38g02
38011,38g07
38013,38g03
38015,38g14
38017,38g17
38019,38g04
38021,38g05
38023,38g06
38025,38g07
38027,38g09
38029,38g14
38031,38g09
38033,38g07
38035,38g08
38037,38g15
38039,38g08
38041,38g07
38043,38g09
38045,38g05
38047,38g09
38049,38g02
38051,38g09
38053,38053
38055,38g10
38057,38g10
38059,38g15
38061,38g03
38063,38g08
38065,38g10
38067,38g11
38069,38g16
38071,38g04
38073,38g12
38075,38g13
38077,38g12
38079,38g16
38081,38g12
38083,38g14
38085,38g15
38087,38g07
38089,38g07
38091,38g08
38093,38g09
38095,38g16
38097,38g17
38099,38g11
38101,38g13
38103,38g01
38105,38g06
39000,39000
39001,39001
39003,39003
39005,39005
39007,39007
39009,39009
39011,39011
39013,39013
39015,39015
39017,39017
39019,39019
39021,39021
39023,39023
39025,39025
39027,39027
39029,39029
39031,39031
39033,39033
39035,39035
39037,39037
39039,39039
39041,39041
39043,39043
39045,39045
39047,39047
39049,39049
39051,39051
39053,39053
39055,39055
39057,39057
39059,39059
39061,39061
39063,39063
39065,39065
39067,39067
39069,39069
39071,39071
39073,39073
39075,39075
39077,39077
39079,39079
39081,39081
39083,39083
39085,39085
39087,39087
39089,39089
39091,39091
39093,39093
39095,39095
39097,39097
39099,39099
39101,39101
39103,39103
39105,39105
39107,39107
39109,39109
39111,39111
39113,39113
39115,39115
39117,39117
39119,39119
39121,39121
39123,39123
39125,39125
39127,39127
39129,39129
39131,39131
39133,39133
39135,39135
39137,39137
39139,39139
39141,39141
39143,39143
39145,39145
39147,39147
39149,39149
39151,39151
39153,39153
39155,39155
39157,39157
39159,39159
39161,39161
39163,39163
39165,39165
39167,39167
39169,39169
39171,39171
39173,39173
39175,39175
40000,40000
40001,40001
40003,40g13
40005,40g04
40007,40g01
40009,40g11
40011,40g02
40013,40013
40015,40015
40017,40017
40019,40g10
40021,40021
40023,40023
40025,40g03
40027,40027
40029,40g04
40031,40g12
40033,40g12
40035,40035
40037,40037
40039,40g05
40041,40041
40043,40g05
40045,40g01
40047,40g06
40049,40049
40051,40051
40053,40g06
40055,40g07
40057,40g07
40059,40g01
40061,40061
40063,40063
40065,40g07
40067,40g08
40069,40069
40071,40071
40073,40g02
40075,40g09
40077,40077
40079,40079
40081,40081
40083,40083
40085,40g10
40087,40087
40089,40089
40091,40091
40093,40g13
40095,40095
40097,40097
40099,40099
40101,40101
40103,40103
40105,40105
40107,40107
40109,40109
40111,40111
40113,40113
40115,40115
40117,40117
40119,40119
40121,40121
40123,40123
40125,40125
40127,40127
40129,40g11
40131,40131
40133,40133
40135,40135
40137,40g08
40139,40g03
40141,40g12
40143,40143
40145,40145
40147,40147
40149,40g09
40151,40g13
40153,40153
41000,41000
41001,41001
41003,41003
41005,41005
41007,41007
41009,41009
41011,41011
41013,41013
41015,41015
41017,41017
41019,41019
41021,41g01
41023,41g02
41025,41g03
41027,41027
41029,41029
41031,41031
41033,41033
41035,41g04
41037,41g04
41039,41039
41041,41041
41043,41043
41045,41g03
41047,41047
41049,41g02
41051,41051
41053,41053
41055,41g01
41057,41057
41059,41059
41061,41g05
41063,41g05
41065,41g01
41067,41067
41069,41g02
41071,41071
42000,42000
42001,42001
42003,42003
42005,42005
42007,42007
42009,42009
42011,42011
42013,42013
42015,42g03
42017,42017
42019,42019
42021,42021
42023,42g01
42025,42025
42027,42027
42029,42029
42031,42031
42033,42033
42035,42035
42037,42037
42039,42039
42041,42041
42043,42043
42045,42045
42047,42047
42049,42049
42051,42051
42053,42g02
42055,42055
42057,42057
42059,42059
42061,42061
42063,42063
42065,42065
42067,42067
42069,42069
42071,42071
42073,42073
42075,42075
42077,42077
42079,42079
42081,42081
42083,42083
42085,42085
42087,42087
42089,42089
42091,42091
42093,42093
42095,42095
42097,42097
42099,42099
42101,42101
42103,42103
42105,42g01
42107,42107
42109,42109
42111,42111
42113,42g03
42115,42115
42117,42117
42119,42119
42121,42121
42123,42g02
42125,42125
42127,42127
42129,42129
42131,42131
42133,42133
44000,44000
44001,44001
44003,44003
44005,44005
44007,44007
44009,44009
45000,45000
45001,45001
45003,45003
45005,45g01
45007,45007
45009,45009
45011,45g01
45013,45013
45015,45015
45017,45017
45019,45019
45021,45021
45023,45023
45025,45025
45027,45027
45029,45029
45031,45031
45033,45033
45035,45035
45037,45037
45039,45039
45041,45041
45043,45043
45045,45045
45047,45g02
45049,45049
45051,45051
45053,45053
45055,45055
45057,45057
45059,45059
45061,45061
45063,45063
45065,45g02
45067,45067
45069,45069
45071,45071
45073,45073
45075,45075
45077,45077
45079,45079
45081,45081
45083,45083
45085,45085
45087,45087
45089,45089
45091,45091
46000,46000
46003,46g18
46005,46g19
46007,46g01
46009,46g02
46011,46g07
46013,46g15
46015,46g03
46017,46g03
46019,46g12
46021,46g08
46023,46g04
46025,46g10
46027,46027
46029,46g10
46031,46g05
46033,46g06
46035,46g18
46037,46g10
46039,46g07
46041,46g05
46043,46g04
46045,46g08
46047,46g06
46049,46g08
46051,46g09
46053,46g03
46055,46g01
46057,46g10
46059,46g14
46061,46g11
46063,46g12
46065,46g14
46067,46g02
46069,46g14
46071,46g01
46073,46g18
46075,46g14
46077,46g13
46079,46g13
46081,46081
46083,46083
46085,46g14
46087,46g11
46089,46g08
46091,46g15
46093,46g17
46095,46g01
46097,46g11
46099,46g16
46101,46g16
46102,46102
46103,46103
46105,46g17
46107,46g08
46109,46g09
46111,46g18
46115,46g19
46117,46g14
46119,46g08
46121,46g20
46123,46g20
46125,46g21
46127,46127
46129,46g08
46135,46g21
46137,46g05
47000,47000
47001,47001
47003,47g05
47005,47005
47007,47007
47009,47009
47011,47011
47013,47013
47015,47015
47017,47017
47019,47019
47021,47021
47023,47023
47025,47025
47027,47g01
47029,47029
47031,47031
47033,47033
47035,47035
47037,47037
47039,47g06
47041,47041
47043,47043
47045,47g04
47047,47047
47049,47g07
47051,47051
47053,47053
47055,47055
47057,47057
47059,47059
47061,47061
47063,47063
47065,47065
47067,47g02
47069,47069
47071,47071
47073,47g02
47075,47075
47077,47077
47079,47079
47081,47081
47083,47g03
47085,47085
47087,47g01
47089,47089
47091,47091
47093,47093
47095,47g04
47097,47097
47099,47099
47101,47101
47103,47103
47105,47105
47107,47107
47109,47109
47111,47g08
47113,47113
47115,47115
47117,47117
47119,47119
47121,47121
47123,47123
47125,47125
47127,47g05
47129,47129
47131,47131
47133,47133
47135,47g06
47137,47g07
47139,47139
47141,47141
47143,47143
47145,47145
47147,47147
47149,47149
47151,47151
47153,47153
47155,47155
47157,47157
47159,47159
47161,47g03
47163,47163
47165,47165
47167,47167
47169,47g08
47171,47171
47173,47173
47175,47g09
47177,47177
47179,47179
47181,47181
47183,47183
47185,47g09
47187,47187
47189,47189
48000,48000
48001,48001
48003,48003
48005,48005
48007,48g39
48009,48g01
48011,48g02
48013,48013
48015,48015
48017,48g03
48019,48019
48021,48021
48023,48g04
48025,48g21
48027,48027
48029,48029
48031,48031
48033,48g20
48035,48035
48037,48037
48039,48039
48041,48041
48043,48g05
48045,48g06
48047,48g07
48049,48g10
48051,48051
48053,48053
48055,48055
48057,48057
48059,48g43
48061,48061
48063,48063
48065,48g02
48067,48067
48069,48g08
48071,48071
48073,48073
48075,48g22
48077,48077
48079,48g03
48081,48g09
48083,48g10
48085,48085
48087,48g22
48089,48089
48091,48091
48093,48093
48095,48g11
48097,48097
48099,48g23
48101,48g22
48103,48g12
48105,48g13
48107,48g06
48109,48g14
48111,48g15
48113,48113
48115,48g35
48117,48g38
48119,48g16
48121,48121
48123,48123
48125,48g17
48127,48127
48129,48g40
48131,48131
48133,48g45
48135,48g12
48137,48g18
48139,48139
48141,48g25
48143,48143
48145,48145
48147,48147
48149,48149
48151,48g19
48153,48g06
48155,48g22
48157,48157
48159,48159
48161,48161
48163,48g30
48165,48g48
48167,48167
48169,48g17
48171,48171
48173,48g20
48175,48g21
48177,48177
48179,48g40
48181,48181
48183,48183
48185,48185
48187,48187
48189,48189
48191,48g22
48193,48g23
48195,48g24
48197,48g22
48199,48199
48201,48201
48203,48203
48205,48g15
48207,48g04
48209,48209
48211,48g40
48213,48213
48215,48215
48217,48217
48219,48219
48221,48g44
48223,48g16
48225,48225
48227,48g20
48229,48g25
48231,48231
48233,48g02
48235,48g13
48237,48g26
48239,48239
48241,48241
48243,48g14
48245,48245
48247,48g07
48249,48249
48251,48251
48253,48g19
48255,48255
48257,48257
48259,48259
48261,48g27
48263,48g17
48265,48g28
48267,48g28
48269,48g22
48271,48g29
48273,48273
48275,48g04
48277,48277
48279,48g08
48281,48281
48283,48g30
48285,48285
48287,48287
48289,48289
48291,48291
48293,48293
48295,48g31
48297,48g34
48299,48299
48301,48g32
48303,48g33
48305,48g33
48307,48g11
48309,48309
48311,48g34
48313,48313
48315,48315
48317,48g35
48319,48g28
48321,48321
48323,48g29
48325,48325
48327,48g11
48329,48329
48331,48331
48333,48g36
48335,48g37
48337,48337
48339,48339
48341,48g24
48343,48343
48345,48g06
48347,48347
48349,48349
48351,48351
48353,48g09
48355,48355
48357,48g31
48359,48g38
48361,48361
48363,48g26
48365,48365
48367,48367
48369,48g38
48371,48g47
48373,48373
48375,48375
48377,48g05
48379,48379
48381,48g46
48383,48g13
48385,48g18
48387,48387
48389,48g14
48391,48g39
48393,48g40
48395,48395
48397,48397
48399,48399
48401,48401
48403,48g41
48405,48g41
48407,48407
48409,48409
48411,48g36
48413,48g42
48415,48g17
48417,48g43
48419,48419
48421,48g24
48423,48423
48425,48g44
48427,48427
48429,48g45
48431,48g37
48433,48g19
48435,48g42
48437,48g46
48439,48439
48441,48441
48443,48g47
48445,48445
48447,48g04
48449,48449
48451,48g42
48453,48453
48455,48455
48457,48457
48459,48459
48461,48g13
48463,48g18
48465,48465
48467,48467
48469,48469
48471,48471
48473,48473
48475,48g32
48477,48477
48479,48479
48481,48481
48483,48g40
48485,48g01
48487,48487
48489,48g27
48491,48491
48493,48493
48495,48g32
48497,48497
48499,48499
48501,48g48
48503,48503
48505,48505
48507,48507
49000,49000
49001,49g01
49003,49003
49005,49g05
49007,49007
49009,49g02
49011,49011
49013,49013
49015,49g03
49017,49g04
49019,49g03
49021,49g01
49023,49023
49025,49g04
49027,49027
49029,49029
49031,49g04
49033,49g05
49035,49035
49037,49037
49039,49039
49041,49g04
49043,49043
49045,49045
49047,49g02
49049,49049
49051,49051
49053,49053
49055,49g04
49057,49057
50000,50000
50001,50001
50003,50003
50005,50g01
50007,50007
50009,50g01
50011,50g02
50013,50g02
50015,50015
50017,50017
50019,50019
50021,50021
50023,50023
50025,50025
50027,50027
51000,51000
51001,51001
51003,51003
51005,51005
51007,51007
51009,51009
51011,51011
51013,51013
51015,51015
51017,51g01
51019,51019
51021,51g02
51023,51023
51025,51025
51027,51027
51029,51g05
51031,51031
51033,51033
51035,51035
51036,51g03
51037,51037
51041,51041
51043,51043
51045,51g04
51047,51047
51049,51g05
51051,51051
51053,51053
51057,51057
51059,51059
51061,51061
51063,51063
51065,51065
51067,51067
51069,51069
51071,51071
51073,51g07
51075,51075
51077,51077
51079,51079
51081,51081
51083,51083
51085,51085
51087,51087
51089,51089
51091,51g01
51093,51093
51095,51g10
51097,51g06
51099,51099
51101,51g06
51103,51103
51105,51105
51107,51107
51109,51109
51111,51111
51113,51113
51115,51g07
51117,51117
51119,51119
51121,51121
51125,51125
51127,51g03
51131,51131
51133,51133
51135,51135
51137,51137
51139,51139
51141,51141
51143,51143
51145,51145
51147,51147
51149,51149
51153,51153
51155,51155
51157,51g08
51159,51g09
51161,51g04
51163,51g01
51165,51165
51167,51167
51169,51169
51171,51171
51173,51173
51175,51175
51177,51177
51179,51179
51181,51g10
51183,51183
51185,51185
51187,51g08
51191,51191
51193,51g09
51195,51195
51197,51g02
51199,51199
51510,51510
51520,51520
51530,51530
51540,51540
51550,51550
51570,51570
51580,51580
51590,51590
51595,51595
51600,51600
51610,51610
51620,51620
51630,51630
51640,51640
51650,51650
51660,51660
51670,51670
51678,51678
51680,51680
51683,51683
51685,51685
51690,51690
51700,51700
51710,51710
51720,51720
51730,51730
51735,51735
51740,51740
51750,51750
51760,51760
51770,51770
51775,51775
51790,51790
51800,51800
51810,51810
51820,51820
51830,51830
51840,51840
53000,53000
53001,53001
53003,53g01
53005,53005
53007,53007
53009,53009
53011,53011
53013,53g01
53015,53015
53017,53017
53019,53g02
53021,53021
53023,53g01
53025,53025
53027,53027
53029,53029
53031,53031
53033,53033
53035,53035
53037,53037
53039,53039
53041,53041
53043,53043
53045,53045
53047,53047
53049,53g03
53051,53051
53053,53053
53055,53055
53057,53057
53059,53059
53061,53061
53063,53063
53065,53g02
53067,53067
53069,53g03
53071,53071
53073,53073
53075,53075
53077,53077
54000,54000
54001,54001
54003,54003
54005,54005
54007,54g04
54009,54009
54011,54011
54013,54g01
54015,54g02
54017,54g03
54019,54019
54021,54g04
54023,54g07
54025,54025
54027,54027
54029,54029
54031,54031
54033,54033
54035,54035
54037,54037
54039,54039
54041,54041
54043,54043
54045,54045
54047,54047
54049,54049
54051,54051
54053,54053
54055,54055
54057,54057
54059,54059
54061,54061
54063,54063
54065,54065
54067,54g02
54069,54069
54071,54g07
54073,54g05
54075,54g06
54077,54077
54079,54079
54081,54081
54083,54083
54085,54g05
54087,54g01
54089,54089
54091,54091
54093,54g07
54095,54g03
54097,54097
54099,54099
54101,54g06
54103,54103
54105,54g08
54107,54g08
54109,54109
55000,55000
55001,55001
55003,55g02
55005,55005
55007,55007
55009,55009
55011,55g04
55013,55013
55015,55015
55017,55017
55019,55019
55021,55021
55023,55023
55025,55025
55027,55027
55029,55029
55031,55031
55033,55033
55035,55035
55037,55g01
55039,55039
55041,55g01
55043,55043
55045,55045
55047,55047
55049,55049
55051,55g02
55053,55053
55055,55055
55057,55057
55059,55059
55061,55061
55063,55063
55065,55065
55067,55067
55069,55069
55071,55071
55073,55073
55075,55075
55077,55077
55078,55g03
55079,55079
55081,55081
55083,55083
55085,55085
55087,55087
55089,55089
55091,55g04
55093,55093
55095,55095
55097,55097
55099,55099
55101,55101
55103,55103
55105,55105
55107,55107
55109,55109
55111,55111
55113,55113
55115,55g03
55117,55117
55119,55119
55121,55121
55123,55123
55125,55125
55127,55127
55129,55129
55131,55131
55133,55133
55135,55135
55137,55137
55139,55139
55141,55141
56000,56000
56001,56001
56003,56g06
56005,56005
56007,56007
56009,56009
56011,56g01
56013,56g02
56015,56g04
56017,56g02
56019,56g03
56021,56021
56023,56g05
56025,56025
56027,56g04
56029,56029
56031,56g04
56033,56g03
56035,56g05
56037,56037
56039,56039
56041,56041
56043,56g06
56045,56g01
60000,60000
60010,60010
60020,60020
60030,60030
60040,60040
60050,60050
66000,66000
66010,66010
69000,69000
69085,69085
69100,69100
69110,69110
69120,69120
70000,70000
70002,70002
70003,70003
72000,72000
72001,72001
72003,72003
72005,72005
72007,72007
72009,72009
72011,72011
72013,72013
72015,72015
72017,72017
72019,72019
72021,72021
72023,72023
72025,72025
72027,72027
72029,72029
72031,72031
72033,72033
72035,72035
72037,72037
72039,72039
72041,72041
72043,72043
72045,72045
72047,72047
72049,72049
72051,72051
72053,72053
72054,72054
72055,72055
72057,72057
72059,72059
72061,72061
72063,72063
72065,72065
72067,72067
72069,72069
72071,72071
72073,72073
72075,72075
72077,72077
72079,72079
72081,72081
72083,72083
72085,72085
72087,72087
72089,72089
72091,72091
72093,72093
72095,72095
72097,72097
72099,72099
72101,72101
72103,72103
72105,72105
72107,72107
72109,72109
72111,72111
72113,72113
72115,72115
72117,72117
72119,72119
72121,72121
72123,72123
72125,72125
72127,72127
72129,72129
72131,72131
72133,72133
72135,72135
72137,72137
72139,72139
72141,72141
72143,72143
72145,72145
72147,72147
72149,72149
72151,72151
72153,72153
78000,78000
78010,78010
78020,78020
78030,78030
