jhu_uid,fips,weight
16,60000,1.0
316,66000,1.0
580,69000,1.0
630,72000,1.0
63072001,72001,1.0
63072003,72003,1.0
63072005,72005,1.0
63072007,72007,1.0
63072009,72009,1.0
63072011,72011,1.0
63072013,72013,1.0
63072015,72015,1.0
63072017,72017,1.0
63072019,72019,1.0
63072021,72021,1.0
63072023,72023,1.0
63072025,72025,1.0
63072027,72027,1.0
63072029,72029,1.0
63072031,72031,1.0
63072033,72033,1.0
63072035,72035,1.0
63072037,72037,1.0
63072039,72039,1.0
63072041,72041,1.0
63072043,72043,1.0
63072045,72045,1.0
63072047,72047,1.0
63072049,72049,1.0
63072051,72051,1.0
63072053,72053,1.0
63072054,72054,1.0
63072055,72055,1.0
63072057,72057,1.0
63072059,72059,1.0
63072061,72061,1.0
63072063,72063,1.0
63072065,72065,1.0
63072067,72067,1.0
63072069,72069,1.0
63072071,72071,1.0
63072073,72073,1.0
63072075,72075,1.0
63072077,72077,1.0
63072079,72079,1.0
63072081,72081,1.0
63072083,72083,1.0
63072085,72085,1.0
63072087,72087,1.0
63072089,72089,1.0
63072091,72091,1.0
63072093,72093,1.0
63072095,72095,1.0
63072097,72097,1.0
63072099,72099,1.0
63072101,72101,1.0
63072103,72103,1.0
63072105,72105,1.0
63072107,72107,1.0
63072109,72109,1.0
63072111,72111,1.0
63072113,72113,1.0
63072115,72115,1.0
63072117,72117,1.0
63072119,72119,1.0
63072121,72121,1.0
63072123,72123,1.0
63072125,72125,1.0
63072127,72127,1.0
63072129,72129,1.0
63072131,72131,1.0
63072133,72133,1.0
63072135,72135,1.0
63072137,72137,1.0
63072139,72139,1.0
63072141,72141,1.0
63072143,72143,1.0
63072145,72145,1.0
63072147,72147,1.0
63072149,72149,1.0
63072151,72151,1.0
63072153,72153,1.0
63072888,72000,1.0
63072999,72000,1.0
84000001,01000,1.0
84000002,02000,1.0
84000004,04000,1.0
84000005,05000,1.0
84000006,06000,1.0
84000008,08000,1.0
84000009,09000,1.0
84000010,10000,1.0
84000011,11000,1.0
84000012,12000,1.0
84000013,13000,1.0
84000015,15000,1.0
84000016,16000,1.0
84000017,17000,1.0
84000018,18000,1.0
84000019,19000,1.0
84000020,20000,1.0
84000021,21000,1.0
84000022,22000,1.0
84000023,23000,1.0
84000024,24000,1.0
84000025,25000,1.0
84000026,26000,1.0
84000027,27000,1.0
84000028,28000,1.0
84000029,29000,1.0
84000030,30000,1.0
84000031,31000,1.0
84000032,32000,1.0
84000033,33000,1.0
84000034,34000,1.0
84000035,35000,1.0
84000036,36000,1.0
84000037,37000,1.0
84000038,38000,1.0
84000039,39000,1.0
84000040,40000,1.0
84000041,41000,1.0
84000042,42000,1.0
84000044,44000,1.0
84000045,45000,1.0
84000046,46000,1.0
84000047,47000,1.0
84000048,48000,1.0
84000049,49000,1.0
84000050,50000,1.0
84000051,51000,1.0
84000053,53000,1.0
84000054,54000,1.0
84000055,55000,1.0
84000056,56000,1.0
84001001,01001,1.0
84001003,01003,1.0
84001005,01005,1.0
84001007,01007,1.0
84001009,01009,1.0
84001011,01011,1.0
84001013,01013,1.0
84001015,01015,1.0
84001017,01017,1.0
84001019,01019,1.0
84001021,01021,1.0
84001023,01023,1.0
84001025,01025,1.0
84001027,01027,1.0
84001029,01029,1.0
84001031,01031,1.0
84001033,01033,1.0
84001035,01035,1.0
84001037,01037,1.0
84001039,01039,1.0
84001041,01041,1.0
84001043,01043,1.0
84001045,01045,1.0
84001047,01047,1.0
84001049,01049,1.0
84001051,01051,1.0
84001053,01053,1.0
84001055,01055,1.0
84001057,01057,1.0
84001059,01059,1.0
84001061,01061,1.0
84001063,01063,1.0
84001065,01065,1.0
84001067,01067,1.0
84001069,01069,1.0
84001071,01071,1.0
84001073,01073,1.0
84001075,01075,1.0
84001077,01077,1.0
84001079,01079,1.0
84001081,01081,1.0
84001083,01083,1.0
84001085,01085,1.0
84001087,01087,1.0
84001089,01089,1.0
84001091,01091,1.0
84001093,01093,1.0
84001095,01095,1.0
84001097,01097,1.0
84001099,01099,1.0
84001101,01101,1.0
84001103,01103,1.0
84001105,01105,1.0
84001107,01107,1.0
84001109,01109,1.0
84001111,01111,1.0
84001113,01113,1.0
84001115,01115,1.0
84001117,01117,1.0
84001119,01119,1.0
84001121,01121,1.0
84001123,01123,1.0
84001125,01125,1.0
84001127,01127,1.0
84001129,01129,1.0
84001131,01131,1.0
84001133,01133,1.0
84002013,02013,1.0
84002016,02016,1.0
84002020,02020,1.0
84002050,02050,1.0
84002060,02060,1.0
84002063,02063,1.0
84002066,02066,1.0
84002068,02068,1.0
84002070,02070,1.0
84002090,02090,1.0
84002100,02100,1.0
84002105,02105,1.0
84002110,02110,1.0
84002122,02122,1.0
84002130,02130,1.0
84002150,02150,1.0
84002158,02270,1.0
84002164,02164,1.0
84002170,02170,1.0
84002180,02180,1.0
84002185,02185,1.0
84002188,02188,1.0
84002195,02195,1.0
84002198,02198,1.0
84002220,02220,1.0
84002230,02230,1.0
84002240,02240,1.0
84002261,02261,1.0
84002275,02275,1.0
84002282,02282,1.0
84002290,02290,1.0
84004001,04001,1.0
84004003,04003,1.0
84004005,04005,1.0
84004007,04007,1.0
84004009,04009,1.0
84004011,04011,1.0
84004012,04012,1.0
84004013,04013,1.0
84004015,04015,1.0
84004017,04017,1.0
84004019,04019,1.0
84004021,04021,1.0
84004023,04023,1.0
84004025,04025,1.0
84004027,04027,1.0
84005001,05001,1.0
84005003,05003,1.0
84005005,05005,1.0
84005007,05007,1.0
84005009,05009,1.0
84005011,05011,1.0
84005013,05013,1.0
84005015,05015,1.0
84005017,05017,1.0
84005019,05019,1.0
84005021,05021,1.0
84005023,05023,1.0
84005025,05025,1.0
84005027,05027,1.0
84005029,05029,1.0
84005031,05031,1.0
84005033,05033,1.0
84005035,05035,1.0
84005037,05037,1.0
84005039,05039,1.0
84005041,05041,1.0
84005043,05043,1.0
84005045,05045,1.0
84005047,05047,1.0
84005049,05049,1.0
84005051,05051,1.0
84005053,05053,1.0
84005055,05055,1.0
84005057,05057,1.0
84005059,05059,1.0
84005061,05061,1.0
84005063,05063,1.0
84005065,05065,1.0
84005067,05067,1.0
84005069,05069,1.0
84005071,05071,1.0
84005073,05073,1.0
84005075,05075,1.0
84005077,05077,1.0
84005079,05079,1.0
84005081,05081,1.0
84005083,05083,1.0
84005085,05085,1.0
84005087,05087,1.0
84005089,05089,1.0
84005091,05091,1.0
84005093,05093,1.0
84005095,05095,1.0
84005097,05097,1.0
84005099,05099,1.0
84005101,05101,1.0
84005103,05103,1.0
84005105,05105,1.0
84005107,05107,1.0
84005109,05109,1.0
84005111,05111,1.0
84005113,05113,1.0
84005115,05115,1.0
84005117,05117,1.0
84005119,05119,1.0
84005121,05121,1.0
84005123,05123,1.0
84005125,05125,1.0
84005127,05127,1.0
84005129,05129,1.0
84005131,05131,1.0
84005133,05133,1.0
84005135,05135,1.0
84005137,05137,1.0
84005139,05139,1.0
84005141,05141,1.0
84005143,05143,1.0
84005145,05145,1.0
84005147,05147,1.0
84005149,05149,1.0
84006001,06001,1.0
84006003,06003,1.0
84006005,06005,1.0
84006007,06007,1.0
84006009,06009,1.0
84006011,06011,1.0
84006013,06013,1.0
84006015,06015,1.0
84006017,06017,1.0
84006019,06019,1.0
84006021,06021,1.0
84006023,06023,1.0
84006025,06025,1.0
84006027,06027,1.0
84006029,06029,1.0
84006031,06031,1.0
84006033,06033,1.0
84006035,06035,1.0
84006037,06037,1.0
84006039,06039,1.0
84006041,06041,1.0
84006043,06043,1.0
84006045,06045,1.0
84006047,06047,1.0
84006049,06049,1.0
84006051,06051,1.0
84006053,06053,1.0
84006055,06055,1.0
84006057,06057,1.0
84006059,06059,1.0
84006061,06061,1.0
84006063,06063,1.0
84006065,06065,1.0
84006067,06067,1.0
84006069,06069,1.0
84006071,06071,1.0
84006073,06073,1.0
84006075,06075,1.0
84006077,06077,1.0
84006079,06079,1.0
84006081,06081,1.0
84006083,06083,1.0
84006085,06085,1.0
84006087,06087,1.0
84006089,06089,1.0
84006091,06091,1.0
84006093,06093,1.0
84006095,06095,1.0
84006097,06097,1.0
84006099,06099,1.0
84006101,06101,1.0
84006103,06103,1.0
84006105,06105,1.0
84006107,06107,1.0
84006109,06109,1.0
84006111,06111,1.0
84006113,06113,1.0
84006115,06115,1.0
84008001,08001,1.0
84008003,08003,1.0
84008005,08005,1.0
84008007,08007,1.0
84008009,08009,1.0
84008011,08011,1.0
84008013,08013,1.0
84008014,08014,1.0
84008015,08015,1.0
84008017,08017,1.0
84008019,08019,1.0
84008021,08021,1.0
84008023,08023,1.0
84008025,08025,1.0
84008027,08027,1.0
84008029,08029,1.0
84008031,08031,1.0
84008033,08033,1.0
84008035,08035,1.0
84008037,08037,1.0
84008039,08039,1.0
84008041,08041,1.0
84008043,08043,1.0
84008045,08045,1.0
84008047,08047,1.0
84008049,08049,1.0
84008051,08051,1.0
84008053,08053,1.0
84008055,08055,1.0
84008057,08057,1.0
84008059,08059,1.0
84008061,08061,1.0
84008063,08063,1.0
84008065,08065,1.0
84008067,08067,1.0
84008069,08069,1.0
84008071,08071,1.0
84008073,08073,1.0
84008075,08075,1.0
84008077,08077,1.0
84008079,08079,1.0
84008081,08081,1.0
84008083,08083,1.0
84008085,08085,1.0
84008087,08087,1.0
84008089,08089,1.0
84008091,08091,1.0
84008093,08093,1.0
84008095,08095,1.0
84008097,08097,1.0
84008099,08099,1.0
84008101,08101,1.0
84008103,08103,1.0
84008105,08105,1.0
84008107,08107,1.0
84008109,08109,1.0
84008111,08111,1.0
84008113,08113,1.0
84008115,08115,1.0
84008117,08117,1.0
84008119,08119,1.0
84008121,08121,1.0
84008123,08123,1.0
84008125,08125,1.0
84009001,09001,1.0
84009003,09003,1.0
84009005,09005,1.0
84009007,09007,1.0
84009009,09009,1.0
84009011,09011,1.0
84009013,09013,1.0
84009015,09015,1.0
84010001,10001,1.0
84010003,10003,1.0
84010005,10005,1.0
84011001,11001,1.0
84012001,12001,1.0
84012003,12003,1.0
84012005,12005,1.0
84012007,12007,1.0
84012009,12009,1.0
84012011,12011,1.0
84012013,12013,1.0
84012015,12015,1.0
84012017,12017,1.0
84012019,12019,1.0
84012021,12021,1.0
84012023,12023,1.0
84012027,12027,1.0
84012029,12029,1.0
84012031,12031,1.0
84012033,12033,1.0
84012035,12035,1.0
84012037,12037,1.0
84012039,12039,1.0
84012041,12041,1.0
84012043,12043,1.0
84012045,12045,1.0
84012047,12047,1.0
84012049,12049,1.0
84012051,12051,1.0
84012053,12053,1.0
84012055,12055,1.0
84012057,12057,1.0
84012059,12059,1.0
84012061,12061,1.0
84012063,12063,1.0
84012065,12065,1.0
84012067,12067,1.0
84012069,12069,1.0
84012071,12071,1.0
84012073,12073,1.0
84012075,12075,1.0
84012077,12077,1.0
84012079,12079,1.0
84012081,12081,1.0
84012083,12083,1.0
84012085,12085,1.0
84012086,12086,1.0
84012087,12087,1.0
84012089,12089,1.0
84012091,12091,1.0
84012093,12093,1.0
84012095,12095,1.0
84012097,12097,1.0
84012099,12099,1.0
84012101,12101,1.0
84012103,12103,1.0
84012105,12105,1.0
84012107,12107,1.0
84012109,12109,1.0
84012111,12111,1.0
84012113,12113,1.0
84012115,12115,1.0
84012117,12117,1.0
84012119,12119,1.0
84012121,12121,1.0
84012123,12123,1.0
84012125,12125,1.0
84012127,12127,1.0
84012129,12129,1.0
84012131,12131,1.0
84012133,12133,1.0
84013001,13001,1.0
84013003,13003,1.0
84013005,13005,1.0
84013007,13007,1.0
84013009,13009,1.0
84013011,13011,1.0
84013013,13013,1.0
84013015,13015,1.0
84013017,13017,1.0
84013019,13019,1.0
84013021,13021,1.0
84013023,13023,1.0
84013025,13025,1.0
84013027,13027,1.0
84013029,13029,1.0
84013031,13031,1.0
84013033,13033,1.0
84013035,13035,1.0
84013037,13037,1.0
84013039,13039,1.0
84013043,13043,1.0
84013045,13045,1.0
84013047,13047,1.0
84013049,13049,1.0
84013051,13051,1.0
84013053,13053,1.0
84013055,13055,1.0
84013057,13057,1.0
84013059,13059,1.0
84013061,13061,1.0
84013063,13063,1.0
84013065,13065,1.0
84013067,13067,1.0
84013069,13069,1.0
84013071,13071,1.0
84013073,13073,1.0
84013075,13075,1.0
84013077,13077,1.0
84013079,13079,1.0
84013081,13081,1.0
84013083,13083,1.0
84013085,13085,1.0
84013087,13087,1.0
84013089,13089,1.0
84013091,13091,1.0
84013093,13093,1.0
84013095,13095,1.0
84013097,13097,1.0
84013099,13099,1.0
84013101,13101,1.0
84013103,13103,1.0
84013105,13105,1.0
84013107,13107,1.0
84013109,13109,1.0
84013111,13111,1.0
84013113,13113,1.0
84013115,13115,1.0
84013117,13117,1.0
84013119,13119,1.0
84013121,13121,1.0
84013123,13123,1.0
84013125,13125,1.0
84013127,13127,1.0
84013129,13129,1.0
84013131,13131,1.0
84013133,13133,1.0
84013135,13135,1.0
84013137,13137,1.0
84013139,13139,1.0
84013141,13141,1.0
84013143,13143,1.0
84013145,13145,1.0
84013147,13147,1.0
84013149,13149,1.0
84013151,13151,1.0
84013153,13153,1.0
84013155,13155,1.0
84013157,13157,1.0
84013159,13159,1.0
84013161,13161,1.0
84013163,13163,1.0
84013165,13165,1.0
84013167,13167,1.0
84013169,13169,1.0
84013171,13171,1.0
84013173,13173,1.0
84013175,13175,1.0
84013177,13177,1.0
84013179,13179,1.0
84013181,13181,1.0
84013183,13183,1.0
84013185,13185,1.0
84013187,13187,1.0
84013189,13189,1.0
84013191,13191,1.0
84013193,13193,1.0
84013195,13195,1.0
84013197,13197,1.0
84013199,13199,1.0
84013201,13201,1.0
84013205,13205,1.0
84013207,13207,1.0
84013209,13209,1.0
84013211,13211,1.0
84013213,13213,1.0
84013215,13215,1.0
84013217,13217,1.0
84013219,13219,1.0
84013221,13221,1.0
84013223,13223,1.0
84013225,13225,1.0
84013227,13227,1.0
84013229,13229,1.0
84013231,13231,1.0
84013233,13233,1.0
84013235,13235,1.0
84013237,13237,1.0
84013239,13239,1.0
84013241,13241,1.0
84013243,13243,1.0
84013245,13245,1.0
84013247,13247,1.0
84013249,13249,1.0
84013251,13251,1.0
84013253,13253,1.0
84013255,13255,1.0
84013257,13257,1.0
84013259,13259,1.0
84013261,13261,1.0
84013263,13263,1.0
84013265,13265,1.0
84013267,13267,1.0
84013269,13269,1.0
84013271,13271,1.0
84013273,13273,1.0
84013275,13275,1.0
84013277,13277,1.0
84013279,13279,1.0
84013281,13281,1.0
84013283,13283,1.0
84013285,13285,1.0
84013287,13287,1.0
84013289,13289,1.0
84013291,13291,1.0
84013293,13293,1.0
84013295,13295,1.0
84013297,13297,1.0
84013299,13299,1.0
84013301,13301,1.0
84013303,13303,1.0
84013305,13305,1.0
84013307,13307,1.0
84013309,13309,1.0
84013311,13311,1.0
84013313,13313,1.0
84013315,13315,1.0
84013317,13317,1.0
84013319,13319,1.0
84013321,13321,1.0
84015001,15001,1.0
84015003,15003,1.0
84015005,15005,1.0
84015007,15007,1.0
84015009,15009,1.0
84016001,16001,1.0
84016003,16003,1.0
84016005,16005,1.0
84016007,16007,1.0
84016009,16009,1.0
84016011,16011,1.0
84016013,16013,1.0
84016015,16015,1.0
84016017,16017,1.0
84016019,16019,1.0
84016021,16021,1.0
84016023,16023,1.0
84016025,16025,1.0
84016027,16027,1.0
84016029,16029,1.0
84016031,16031,1.0
84016033,16033,1.0
84016035,16035,1.0
84016037,16037,1.0
84016039,16039,1.0
84016041,16041,1.0
84016043,16043,1.0
84016045,16045,1.0
84016047,16047,1.0
84016049,16049,1.0
84016051,16051,1.0
84016053,16053,1.0
84016055,16055,1.0
84016057,16057,1.0
84016059,16059,1.0
84016061,16061,1.0
84016063,16063,1.0
84016065,16065,1.0
84016067,16067,1.0
84016069,16069,1.0
84016071,16071,1.0
84016073,16073,1.0
84016075,16075,1.0
84016077,16077,1.0
84016079,16079,1.0
84016081,16081,1.0
84016083,16083,1.0
84016085,16085,1.0
84016087,16087,1.0
84017001,17001,1.0
84017003,17003,1.0
84017005,17005,1.0
84017007,17007,1.0
84017009,17009,1.0
84017011,17011,1.0
84017013,17013,1.0
84017015,17015,1.0
84017017,17017,1.0
84017019,17019,1.0
84017021,17021,1.0
84017023,17023,1.0
84017025,17025,1.0
84017027,17027,1.0
84017029,17029,1.0
84017031,17031,1.0
84017033,17033,1.0
84017035,17035,1.0
84017037,17037,1.0
84017039,17039,1.0
84017041,17041,1.0
84017043,17043,1.0
84017045,17045,1.0
84017047,17047,1.0
84017049,17049,1.0
84017051,17051,1.0
84017053,17053,1.0
84017055,17055,1.0
84017057,17057,1.0
84017059,17059,1.0
84017061,17061,1.0
84017063,17063,1.0
84017065,17065,1.0
84017067,17067,1.0
84017069,17069,1.0
84017071,17071,1.0
84017073,17073,1.0
84017075,17075,1.0
84017077,17077,1.0
84017079,17079,1.0
84017081,17081,1.0
84017083,17083,1.0
84017085,17085,1.0
84017087,17087,1.0
84017089,17089,1.0
84017091,17091,1.0
84017093,17093,1.0
84017095,17095,1.0
84017097,17097,1.0
84017099,17099,1.0
84017101,17101,1.0
84017103,17103,1.0
84017105,17105,1.0
84017107,17107,1.0
84017109,17109,1.0
84017111,17111,1.0
84017113,17113,1.0
84017115,17115,1.0
84017117,17117,1.0
84017119,17119,1.0
84017121,17121,1.0
84017123,17123,1.0
84017125,17125,1.0
84017127,17127,1.0
84017129,17129,1.0
84017131,17131,1.0
84017133,17133,1.0
84017135,17135,1.0
84017137,17137,1.0
84017139,17139,1.0
84017141,17141,1.0
84017143,17143,1.0
84017145,17145,1.0
84017147,17147,1.0
84017149,17149,1.0
84017151,17151,1.0
84017153,17153,1.0
84017155,17155,1.0
84017157,17157,1.0
84017159,17159,1.0
84017161,17161,1.0
84017163,17163,1.0
84017165,17165,1.0
84017167,17167,1.0
84017169,17169,1.0
84017171,17171,1.0
84017173,17173,1.0
84017175,17175,1.0
84017177,17177,1.0
84017179,17179,1.0
84017181,17181,1.0
84017183,17183,1.0
84017185,17185,1.0
84017187,17187,1.0
84017189,17189,1.0
84017191,17191,1.0
84017193,17193,1.0
84017195,17195,1.0
84017197,17197,1.0
84017199,17199,1.0
84017201,17201,1.0
84017203,17203,1.0
84018001,18001,1.0
84018003,18003,1.0
84018005,18005,1.0
84018007,18007,1.0
84018009,18009,1.0
84018011,18011,1.0
84018013,18013,1.0
84018015,18015,1.0
84018017,18017,1.0
84018019,18019,1.0
84018021,18021,1.0
84018023,18023,1.0
84018025,18025,1.0
84018027,18027,1.0
84018029,18029,1.0
84018031,18031,1.0
84018033,18033,1.0
84018035,18035,1.0
84018037,18037,1.0
84018039,18039,1.0
84018041,18041,1.0
84018043,18043,1.0
84018045,18045,1.0
84018047,18047,1.0
84018049,18049,1.0
84018051,18051,1.0
84018053,18053,1.0
84018055,18055,1.0
84018057,18057,1.0
84018059,18059,1.0
84018061,18061,1.0
84018063,18063,1.0
84018065,18065,1.0
84018067,18067,1.0
84018069,18069,1.0
84018071,18071,1.0
84018073,18073,1.0
84018075,18075,1.0
84018077,18077,1.0
84018079,18079,1.0
84018081,18081,1.0
84018083,18083,1.0
84018085,18085,1.0
84018087,18087,1.0
84018089,18089,1.0
84018091,18091,1.0
84018093,18093,1.0
84018095,18095,1.0
84018097,18097,1.0
84018099,18099,1.0
84018101,18101,1.0
84018103,18103,1.0
84018105,18105,1.0
84018107,18107,1.0
84018109,18109,1.0
84018111,18111,1.0
84018113,18113,1.0
84018115,18115,1.0
84018117,18117,1.0
84018119,18119,1.0
84018121,18121,1.0
84018123,18123,1.0
84018125,18125,1.0
84018127,18127,1.0
84018129,18129,1.0
84018131,18131,1.0
84018133,18133,1.0
84018135,18135,1.0
84018137,18137,1.0
84018139,18139,1.0
84018141,18141,1.0
84018143,18143,1.0
84018145,18145,1.0
84018147,18147,1.0
84018149,18149,1.0
84018151,18151,1.0
84018153,18153,1.0
84018155,18155,1.0
84018157,18157,1.0
84018159,18159,1.0
84018161,18161,1.0
84018163,18163,1.0
84018165,18165,1.0
84018167,18167,1.0
84018169,18169,1.0
84018171,18171,1.0
84018173,18173,1.0
84018175,18175,1.0
84018177,18177,1.0
84018179,18179,1.0
84018181,18181,1.0
84018183,18183,1.0
84019001,19001,1.0
84019003,19003,1.0
84019005,19005,1.0
84019007,19007,1.0
84019009,19009,1.0
84019011,19011,1.0
84019013,19013,1.0
84019015,19015,1.0
84019017,19017,1.0
84019019,19019,1.0
84019021,19021,1.0
84019023,19023,1.0
84019025,19025,1.0
84019027,19027,1.0
84019029,19029,1.0
84019031,19031,1.0
84019033,19033,1.0
84019035,19035,1.0
84019037,19037,1.0
84019039,19039,1.0
84019041,19041,1.0
84019043,19043,1.0
84019045,19045,1.0
84019047,19047,1.0
84019049,19049,1.0
84019051,19051,1.0
84019053,19053,1.0
84019055,19055,1.0
84019057,19057,1.0
84019059,19059,1.0
84019061,19061,1.0
84019063,19063,1.0
84019065,19065,1.0
84019067,19067,1.0
84019069,19069,1.0
84019071,19071,1.0
84019073,19073,1.0
84019075,19075,1.0
84019077,19077,1.0
84019079,19079,1.0
84019081,19081,1.0
84019083,19083,1.0
84019085,19085,1.0
84019087,19087,1.0
84019089,19089,1.0
84019091,19091,1.0
84019093,19093,1.0
84019095,19095,1.0
84019097,19097,1.0
84019099,19099,1.0
84019101,19101,1.0
84019103,19103,1.0
84019105,19105,1.0
84019107,19107,1.0
84019109,19109,1.0
84019111,19111,1.0
84019113,19113,1.0
84019115,19115,1.0
84019117,19117,1.0
84019119,19119,1.0
84019121,19121,1.0
84019123,19123,1.0
84019125,19125,1.0
84019127,19127,1.0
84019129,19129,1.0
84019131,19131,1.0
84019133,19133,1.0
84019135,19135,1.0
84019137,19137,1.0
84019139,19139,1.0
84019141,19141,1.0
84019143,19143,1.0
84019145,19145,1.0
84019147,19147,1.0
84019149,19149,1.0
84019151,19151,1.0
84019153,19153,1.0
84019155,19155,1.0
84019157,19157,1.0
84019159,19159,1.0
84019161,19161,1.0
84019163,19163,1.0
84019165,19165,1.0
84019167,19167,1.0
84019169,19169,1.0
84019171,19171,1.0
84019173,19173,1.0
84019175,19175,1.0
84019177,19177,1.0
84019179,19179,1.0
84019181,19181,1.0
84019183,19183,1.0
84019185,19185,1.0
84019187,19187,1.0
84019189,19189,1.0
84019191,19191,1.0
84019193,19193,1.0
84019195,19195,1.0
84019197,19197,1.0
84020001,20001,1.0
84020003,20003,1.0
84020005,20005,1.0
84020007,20007,1.0
84020009,20009,1.0
84020011,20011,1.0
84020013,20013,1.0
84020015,20015,1.0
84020017,20017,1.0
84020019,20019,1.0
84020021,20021,1.0
84020023,20023,1.0
84020025,20025,1.0
84020027,20027,1.0
84020029,20029,1.0
84020031,20031,1.0
84020033,20033,1.0
84020035,20035,1.0
84020037,20037,1.0
84020039,20039,1.0
84020041,20041,1.0
84020043,20043,1.0
84020045,20045,1.0
84020047,20047,1.0
84020049,20049,1.0
84020051,20051,1.0
84020053,20053,1.0
84020055,20055,1.0
84020057,20057,1.0
84020059,20059,1.0
84020061,20061,1.0
84020063,20063,1.0
84020065,20065,1.0
84020067,20067,1.0
84020069,20069,1.0
84020071,20071,1.0
84020073,20073,1.0
84020075,20075,1.0
84020077,20077,1.0
84020079,20079,1.0
84020081,20081,1.0
84020083,20083,1.0
84020085,20085,1.0
84020087,20087,1.0
84020089,20089,1.0
84020091,20091,1.0
84020093,20093,1.0
84020095,20095,1.0
84020097,20097,1.0
84020099,20099,1.0
84020101,20101,1.0
84020103,20103,1.0
84020105,20105,1.0
84020107,20107,1.0
84020109,20109,1.0
84020111,20111,1.0
84020113,20113,1.0
84020115,20115,1.0
84020117,20117,1.0
84020119,20119,1.0
84020121,20121,1.0
84020123,20123,1.0
84020125,20125,1.0
84020127,20127,1.0
84020129,20129,1.0
84020131,20131,1.0
84020133,20133,1.0
84020135,20135,1.0
84020137,20137,1.0
84020139,20139,1.0
84020141,20141,1.0
84020143,20143,1.0
84020145,20145,1.0
84020147,20147,1.0
84020149,20149,1.0
84020151,20151,1.0
84020153,20153,1.0
84020155,20155,1.0
84020157,20157,1.0
84020159,20159,1.0
84020161,20161,1.0
84020163,20163,1.0
84020165,20165,1.0
84020167,20167,1.0
84020169,20169,1.0
84020171,20171,1.0
84020173,20173,1.0
84020175,20175,1.0
84020177,20177,1.0
84020179,20179,1.0
84020181,20181,1.0
84020183,20183,1.0
84020185,20185,1.0
84020187,20187,1.0
84020189,20189,1.0
84020191,20191,1.0
84020193,20193,1.0
84020195,20195,1.0
84020197,20197,1.0
84020199,20199,1.0
84020201,20201,1.0
84020203,20203,1.0
84020205,20205,1.0
84020207,20207,1.0
84020209,20209,1.0
84021001,21001,1.0
84021003,21003,1.0
84021005,21005,1.0
84021007,21007,1.0
84021009,21009,1.0
84021011,21011,1.0
84021013,21013,1.0
84021015,21015,1.0
84021017,21017,1.0
84021019,21019,1.0
84021021,21021,1.0
84021023,21023,1.0
84021025,21025,1.0
84021027,21027,1.0
84021029,21029,1.0
84021031,21031,1.0
84021033,21033,1.0
84021035,21035,1.0
84021037,21037,1.0
84021039,21039,1.0
84021041,21041,1.0
84021043,21043,1.0
84021045,21045,1.0
84021047,21047,1.0
84021049,21049,1.0
84021051,21051,1.0
84021053,21053,1.0
84021055,21055,1.0
84021057,21057,1.0
84021059,21059,1.0
84021061,21061,1.0
84021063,21063,1.0
84021065,21065,1.0
84021067,21067,1.0
84021069,21069,1.0
84021071,21071,1.0
84021073,21073,1.0
84021075,21075,1.0
84021077,21077,1.0
84021079,21079,1.0
84021081,21081,1.0
84021083,21083,1.0
84021085,21085,1.0
84021087,21087,1.0
84021089,21089,1.0
84021091,21091,1.0
84021093,21093,1.0
84021095,21095,1.0
84021097,21097,1.0
84021099,21099,1.0
84021101,21101,1.0
84021103,21103,1.0
84021105,21105,1.0
84021107,21107,1.0
84021109,21109,1.0
84021111,21111,1.0
84021113,21113,1.0
84021115,21115,1.0
84021117,21117,1.0
84021119,21119,1.0
84021121,21121,1.0
84021123,21123,1.0
84021125,21125,1.0
84021127,21127,1.0
84021129,21129,1.0
84021131,21131,1.0
84021133,21133,1.0
84021135,21135,1.0
84021137,21137,1.0
84021139,21139,1.0
84021141,21141,1.0
84021143,21143,1.0
84021145,21145,1.0
84021147,21147,1.0
84021149,21149,1.0
84021151,21151,1.0
84021153,21153,1.0
84021155,21155,1.0
84021157,21157,1.0
84021159,21159,1.0
84021161,21161,1.0
84021163,21163,1.0
84021165,21165,1.0
84021167,21167,1.0
84021169,21169,1.0
84021171,21171,1.0
84021173,21173,1.0
84021175,21175,1.0
84021177,21177,1.0
84021179,21179,1.0
84021181,21181,1.0
84021183,21183,1.0
84021185,21185,1.0
84021187,21187,1.0
84021189,21189,1.0
84021191,21191,1.0
84021193,21193,1.0
84021195,21195,1.0
84021197,21197,1.0
84021199,21199,1.0
84021201,21201,1.0
84021203,21203,1.0
84021205,21205,1.0
84021207,21207,1.0
84021209,21209,1.0
84021211,21211,1.0
84021213,21213,1.0
84021215,21215,1.0
84021217,21217,1.0
84021219,21219,1.0
84021221,21221,1.0
84021223,21223,1.0
84021225,21225,1.0
84021227,21227,1.0
84021229,21229,1.0
84021231,21231,1.0
84021233,21233,1.0
84021235,21235,1.0
84021237,21237,1.0
84021239,21239,1.0
84022001,22001,1.0
84022003,22003,1.0
84022005,22005,1.0
84022007,22007,1.0
84022009,22009,1.0
84022011,22011,1.0
84022013,22013,1.0
84022015,22015,1.0
84022017,22017,1.0
84022019,22019,1.0
84022021,22021,1.0
84022023,22023,1.0
84022025,22025,1.0
84022027,22027,1.0
84022029,22029,1.0
84022031,22031,1.0
84022033,22033,1.0
84022035,22035,1.0
84022037,22037,1.0
84022039,22039,1.0
84022041,22041,1.0
84022043,22043,1.0
84022045,22045,1.0
84022047,22047,1.0
84022049,22049,1.0
84022051,22051,1.0
84022053,22053,1.0
84022055,22055,1.0
84022057,22057,1.0
84022059,22059,1.0
84022061,22061,1.0
84022063,22063,1.0
84022065,22065,1.0
84022067,22067,1.0
84022069,22069,1.0
84022071,22071,1.0
84022073,22073,1.0
84022075,22075,1.0
84022077,22077,1.0
84022079,22079,1.0
84022081,22081,1.0
84022083,22083,1.0
84022085,22085,1.0
84022087,22087,1.0
84022089,22089,1.0
84022091,22091,1.0
84022093,22093,1.0
84022095,22095,1.0
84022097,22097,1.0
84022099,22099,1.0
84022101,22101,1.0
84022103,22103,1.0
84022105,22105,1.0
84022107,22107,1.0
84022109,22109,1.0
84022111,22111,1.0
84022113,22113,1.0
84022115,22115,1.0
84022117,22117,1.0
84022119,22119,1.0
84022121,22121,1.0
84022123,22123,1.0
84022125,22125,1.0
84022127,22127,1.0
84023001,23001,1.0
84023003,23003,1.0
84023005,23005,1.0
84023007,23007,1.0
84023009,23009,1.0
84023011,23011,1.0
84023013,23013,1.0
84023015,23015,1.0
84023017,23017,1.0
84023019,23019,1.0
84023021,23021,1.0
84023023,23023,1.0
84023025,23025,1.0
84023027,23027,1.0
84023029,23029,1.0
84023031,23031,1.0
84024001,24001,1.0
84024003,24003,1.0
84024005,24005,1.0
84024009,24009,1.0
84024011,24011,1.0
84024013,24013,1.0
84024015,24015,1.0
84024017,24017,1.0
84024019,24019,1.0
84024021,24021,1.0
84024023,24023,1.0
84024025,24025,1.0
84024027,24027,1.0
84024029,24029,1.0
84024031,24031,1.0
84024033,24033,1.0
84024035,24035,1.0
84024037,24037,1.0
84024039,24039,1.0
84024041,24041,1.0
84024043,24043,1.0
84024045,24045,1.0
84024047,24047,1.0
84024510,24510,1.0
84025001,25001,1.0
84025003,25003,1.0
84025005,25005,1.0
84025007,25007,1.0
84025009,25009,1.0
84025011,25011,1.0
84025013,25013,1.0
84025015,25015,1.0
84025017,25017,1.0
84025019,25019,1.0
84025021,25021,1.0
84025023,25023,1.0
84025025,25025,1.0
84025027,25027,1.0
84026001,26001,1.0
84026003,26003,1.0
84026005,26005,1.0
84026007,26007,1.0
84026009,26009,1.0
84026011,26011,1.0
84026013,26013,1.0
84026015,26015,1.0
84026017,26017,1.0
84026019,26019,1.0
84026021,26021,1.0
84026023,26023,1.0
84026025,26025,1.0
84026027,26027,1.0
84026029,26029,1.0
84026031,26031,1.0
84026033,26033,1.0
84026035,26035,1.0
84026037,26037,1.0
84026039,26039,1.0
84026041,26041,1.0
84026043,26043,1.0
84026045,26045,1.0
84026047,26047,1.0
84026049,26049,1.0
84026051,26051,1.0
84026053,26053,1.0
84026055,26055,1.0
84026057,26057,1.0
84026059,26059,1.0
84026061,26061,1.0
84026063,26063,1.0
84026065,26065,1.0
84026067,26067,1.0
84026069,26069,1.0
84026071,26071,1.0
84026073,26073,1.0
84026075,26075,1.0
84026077,26077,1.0
84026079,26079,1.0
84026081,26081,1.0
84026083,26083,1.0
84026085,26085,1.0
84026087,26087,1.0
84026089,26089,1.0
84026091,26091,1.0
84026093,26093,1.0
84026095,26095,1.0
84026097,26097,1.0
84026099,26099,1.0
84026101,26101,1.0
84026103,26103,1.0
84026105,26105,1.0
84026107,26107,1.0
84026109,26109,1.0
84026111,26111,1.0
84026113,26113,1.0
84026115,26115,1.0
84026117,26117,1.0
84026119,26119,1.0
84026121,26121,1.0
84026123,26123,1.0
84026125,26125,1.0
84026127,26127,1.0
84026129,26129,1.0
84026131,26131,1.0
84026133,26133,1.0
84026135,26135,1.0
84026137,26137,1.0
84026139,26139,1.0
84026141,26141,1.0
84026143,26143,1.0
84026145,26145,1.0
84026147,26147,1.0
84026149,26149,1.0
84026151,26151,1.0
84026153,26153,1.0
84026155,26155,1.0
84026157,26157,1.0
84026159,26159,1.0
84026161,26161,1.0
84026163,26163,1.0
84026165,26165,1.0
84027001,27001,1.0
84027003,27003,1.0
84027005,27005,1.0
84027007,27007,1.0
84027009,27009,1.0
84027011,27011,1.0
84027013,27013,1.0
84027015,27015,1.0
84027017,27017,1.0
84027019,27019,1.0
84027021,27021,1.0
84027023,27023,1.0
84027025,27025,1.0
84027027,27027,1.0
84027029,27029,1.0
84027031,27031,1.0
84027033,27033,1.0
84027035,27035,1.0
84027037,27037,1.0
84027039,27039,1.0
84027041,27041,1.0
84027043,27043,1.0
84027045,27045,1.0
84027047,27047,1.0
84027049,27049,1.0
84027051,27051,1.0
84027053,27053,1.0
84027055,27055,1.0
84027057,27057,1.0
84027059,27059,1.0
84027061,27061,1.0
84027063,27063,1.0
84027065,27065,1.0
84027067,27067,1.0
84027069,27069,1.0
84027071,27071,1.0
84027073,27073,1.0
84027075,27075,1.0
84027077,27077,1.0
84027079,27079,1.0
84027081,27081,1.0
84027083,27083,1.0
84027085,27085,1.0
84027087,27087,1.0
84027089,27089,1.0
84027091,27091,1.0
84027093,27093,1.0
84027095,27095,1.0
84027097,27097,1.0
84027099,27099,1.0
84027101,27101,1.0
84027103,27103,1.0
84027105,27105,1.0
84027107,27107,1.0
84027109,27109,1.0
84027111,27111,1.0
84027113,27113,1.0
84027115,27115,1.0
84027117,27117,1.0
84027119,27119,1.0
84027121,27121,1.0
84027123,27123,1.0
84027125,27125,1.0
84027127,27127,1.0
84027129,27129,1.0
84027131,27131,1.0
84027133,27133,1.0
84027135,27135,1.0
84027137,27137,1.0
84027139,27139,1.0
84027141,27141,1.0
84027143,27143,1.0
84027145,27145,1.0
84027147,27147,1.0
84027149,27149,1.0
84027151,27151,1.0
84027153,27153,1.0
84027155,27155,1.0
84027157,27157,1.0
84027159,27159,1.0
84027161,27161,1.0
84027163,27163,1.0
84027165,27165,1.0
84027167,27167,1.0
84027169,27169,1.0
84027171,27171,1.0
84027173,27173,1.0
84028001,28001,1.0
84028003,28003,1.0
84028005,28005,1.0
84028007,28007,1.0
84028009,28009,1.0
84028011,28011,1.0
84028013,28013,1.0
84028015,28015,1.0
84028017,28017,1.0
84028019,28019,1.0
84028021,28021,1.0
84028023,28023,1.0
84028025,28025,1.0
84028027,28027,1.0
84028029,28029,1.0
84028031,28031,1.0
84028033,28033,1.0
84028035,28035,1.0
84028037,28037,1.0
84028039,28039,1.0
84028041,28041,1.0
84028043,28043,1.0
84028045,28045,1.0
84028047,28047,1.0
84028049,28049,1.0
84028051,28051,1.0
84028053,28053,1.0
84028055,28055,1.0
84028057,28057,1.0
84028059,28059,1.0
84028061,28061,1.0
84028063,28063,1.0
84028065,28065,1.0
84028067,28067,1.0
84028069,28069,1.0
84028071,28071,1.0
84028073,28073,1.0
84028075,28075,1.0
84028077,28077,1.0
84028079,28079,1.0
84028081,28081,1.0
84028083,28083,1.0
84028085,28085,1.0
84028087,28087,1.0
84028089,28089,1.0
84028091,28091,1.0
84028093,28093,1.0
84028095,28095,1.0
84028097,28097,1.0
84028099,28099,1.0
84028101,28101,1.0
84028103,28103,1.0
84028105,28105,1.0
84028107,28107,1.0
84028109,28109,1.0
84028111,28111,1.0
84028113,28113,1.0
84028115,28115,1.0
84028117,28117,1.0
84028119,28119,1.0
84028121,28121,1.0
84028123,28123,1.0
84028125,28125,1.0
84028127,28127,1.0
84028129,28129,1.0
84028131,28131,1.0
84028133,28133,1.0
84028135,28135,1.0
84028137,28137,1.0
84028139,28139,1.0
84028141,28141,1.0
84028143,28143,1.0
84028145,28145,1.0
84028147,28147,1.0
84028149,28149,1.0
84028151,28151,1.0
84028153,28153,1.0
84028155,28155,1.0
84028157,28157,1.0
84028159,28159,1.0
84028161,28161,1.0
84028163,28163,1.0
84029001,29001,1.0
84029003,29003,1.0
84029005,29005,1.0
84029007,29007,1.0
84029009,29009,1.0
84029011,29011,1.0
84029013,29013,1.0
84029015,29015,1.0
84029017,29017,1.0
84029019,29019,1.0
84029021,29021,1.0
84029023,29023,1.0
84029025,29025,1.0
84029027,29027,1.0
84029029,29029,1.0
84029031,29031,1.0
84029033,29033,1.0
84029035,29035,1.0
84029037,29037,1.0
84029039,29039,1.0
84029041,29041,1.0
84029043,29043,1.0
84029045,29045,1.0
84029047,29047,1.0
84029049,29049,1.0
84029051,29051,1.0
84029053,29053,1.0
84029055,29055,1.0
84029057,29057,1.0
84029059,29059,1.0
84029061,29061,1.0
84029063,29063,1.0
84029065,29065,1.0
84029067,29067,1.0
84029069,29069,1.0
84029071,29071,1.0
84029073,29073,1.0
84029075,29075,1.0
84029077,29077,1.0
84029079,29079,1.0
84029081,29081,1.0
84029083,29083,1.0
84029085,29085,1.0
84029087,29087,1.0
84029089,29089,1.0
84029091,29091,1.0
84029093,29093,1.0
84029095,29095,1.0
84029097,29097,1.0
84029099,29099,1.0
84029101,29101,1.0
84029103,29103,1.0
84029105,29105,1.0
84029107,29107,1.0
84029109,29109,1.0
84029111,29111,1.0
84029113,29113,1.0
84029115,29115,1.0
84029117,29117,1.0
84029119,29119,1.0
84029121,29121,1.0
84029123,29123,1.0
84029125,29125,1.0
84029127,29127,1.0
84029129,29129,1.0
84029131,29131,1.0
84029133,29133,1.0
84029135,29135,1.0
84029137,29137,1.0
84029139,29139,1.0
84029141,29141,1.0
84029143,29143,1.0
84029145,29145,1.0
84029147,29147,1.0
84029149,29149,1.0
84029151,29151,1.0
84029153,29153,1.0
84029155,29155,1.0
84029157,29157,1.0
84029159,29159,1.0
84029161,29161,1.0
84029163,29163,1.0
84029165,29165,1.0
84029167,29167,1.0
84029169,29169,1.0
84029171,29171,1.0
84029173,29173,1.0
84029175,29175,1.0
84029177,29177,1.0
84029179,29179,1.0
84029181,29181,1.0
84029183,29183,1.0
84029185,29185,1.0
84029186,29186,1.0
84029187,29187,1.0
84029189,29189,1.0
84029195,29195,1.0
84029197,29197,1.0
84029199,29199,1.0
84029201,29201,1.0
84029203,29203,1.0
84029205,29205,1.0
84029207,29207,1.0
84029209,29209,1.0
84029211,29211,1.0
84029213,29213,1.0
84029215,29215,1.0
84029217,29217,1.0
84029219,29219,1.0
84029221,29221,1.0
84029223,29223,1.0
84029225,29225,1.0
84029227,29227,1.0
84029229,29229,1.0
84029510,29510,1.0
84030001,30001,1.0
84030003,30003,1.0
84030005,30005,1.0
84030007,30007,1.0
84030009,30009,1.0
84030011,30011,1.0
84030013,30013,1.0
84030015,30015,1.0
84030017,30017,1.0
84030019,30019,1.0
84030021,30021,1.0
84030023,30023,1.0
84030025,30025,1.0
84030027,30027,1.0
84030029,30029,1.0
84030031,30031,1.0
84030033,30033,1.0
84030035,30035,1.0
84030037,30037,1.0
84030039,30039,1.0
84030041,30041,1.0
84030043,30043,1.0
84030045,30045,1.0
84030047,30047,1.0
84030049,30049,1.0
84030051,30051,1.0
84030053,30053,1.0
84030055,30055,1.0
84030057,30057,1.0
84030059,30059,1.0
84030061,30061,1.0
84030063,30063,1.0
84030065,30065,1.0
84030067,30067,1.0
84030069,30069,1.0
84030071,30071,1.0
84030073,30073,1.0
84030075,30075,1.0
84030077,30077,1.0
84030079,30079,1.0
84030081,30081,1.0
84030083,30083,1.0
84030085,30085,1.0
84030087,30087,1.0
84030089,30089,1.0
84030091,30091,1.0
84030093,30093,1.0
84030095,30095,1.0
84030097,30097,1.0
84030099,30099,1.0
84030101,30101,1.0
84030103,30103,1.0
84030105,30105,1.0
84030107,30107,1.0
84030109,30109,1.0
84030111,30111,1.0
84031001,31001,1.0
84031003,31003,1.0
84031005,31005,1.0
84031007,31007,1.0
84031009,31009,1.0
84031011,31011,1.0
84031013,31013,1.0
84031015,31015,1.0
84031017,31017,1.0
84031019,31019,1.0
84031021,31021,1.0
84031023,31023,1.0
84031025,31025,1.0
84031027,31027,1.0
84031029,31029,1.0
84031031,31031,1.0
84031033,31033,1.0
84031035,31035,1.0
84031037,31037,1.0
84031039,31039,1.0
84031041,31041,1.0
84031043,31043,1.0
84031045,31045,1.0
84031047,31047,1.0
84031049,31049,1.0
84031051,31051,1.0
84031053,31053,1.0
84031055,31055,1.0
84031057,31057,1.0
84031059,31059,1.0
84031061,31061,1.0
84031063,31063,1.0
84031065,31065,1.0
84031067,31067,1.0
84031069,31069,1.0
84031071,31071,1.0
84031073,31073,1.0
84031075,31075,1.0
84031077,31077,1.0
84031079,31079,1.0
84031081,31081,1.0
84031083,31083,1.0
84031085,31085,1.0
84031087,31087,1.0
84031089,31089,1.0
84031091,31091,1.0
84031093,31093,1.0
84031095,31095,1.0
84031097,31097,1.0
84031099,31099,1.0
84031101,31101,1.0
84031103,31103,1.0
84031105,31105,1.0
84031107,31107,1.0
84031109,31109,1.0
84031111,31111,1.0
84031113,31113,1.0
84031115,31115,1.0
84031117,31117,1.0
84031119,31119,1.0
84031121,31121,1.0
84031123,31123,1.0
84031125,31125,1.0
84031127,31127,1.0
84031129,31129,1.0
84031131,31131,1.0
84031133,31133,1.0
84031135,31135,1.0
84031137,31137,1.0
84031139,31139,1.0
84031141,31141,1.0
84031143,31143,1.0
84031145,31145,1.0
84031147,31147,1.0
84031149,31149,1.0
84031151,31151,1.0
84031153,31153,1.0
84031155,31155,1.0
84031157,31157,1.0
84031159,31159,1.0
84031161,31161,1.0
84031163,31163,1.0
84031165,31165,1.0
84031167,31167,1.0
84031169,31169,1.0
84031171,31171,1.0
84031173,31173,1.0
84031175,31175,1.0
84031177,31177,1.0
84031179,31179,1.0
84031181,31181,1.0
84031183,31183,1.0
84031185,31185,1.0
84032001,32001,1.0
84032003,32003,1.0
84032005,32005,1.0
84032007,32007,1.0
84032009,32009,1.0
84032011,32011,1.0
84032013,32013,1.0
84032015,32015,1.0
84032017,32017,1.0
84032019,32019,1.0
84032021,32021,1.0
84032023,32023,1.0
84032027,32027,1.0
84032029,32029,1.0
84032031,32031,1.0
84032033,32033,1.0
84032510,32510,1.0
84033001,33001,1.0
84033003,33003,1.0
84033005,33005,1.0
84033007,33007,1.0
84033009,33009,1.0
84033011,33011,1.0
84033013,33013,1.0
84033015,33015,1.0
84033017,33017,1.0
84033019,33019,1.0
84034001,34001,1.0
84034003,34003,1.0
84034005,34005,1.0
84034007,34007,1.0
84034009,34009,1.0
84034011,34011,1.0
84034013,34013,1.0
84034015,34015,1.0
84034017,34017,1.0
84034019,34019,1.0
84034021,34021,1.0
84034023,34023,1.0
84034025,34025,1.0
84034027,34027,1.0
84034029,34029,1.0
84034031,34031,1.0
84034033,34033,1.0
84034035,34035,1.0
84034037,34037,1.0
84034039,34039,1.0
84034041,34041,1.0
84035001,35001,1.0
84035003,35003,1.0
84035005,35005,1.0
84035006,35006,1.0
84035007,35007,1.0
84035009,35009,1.0
84035011,35011,1.0
84035013,35013,1.0
84035015,35015,1.0
84035017,35017,1.0
84035019,35019,1.0
84035021,35021,1.0
84035023,35023,1.0
84035025,35025,1.0
84035027,35027,1.0
84035028,35028,1.0
84035029,35029,1.0
84035031,35031,1.0
84035033,35033,1.0
84035035,35035,1.0
84035037,35037,1.0
84035039,35039,1.0
84035041,35041,1.0
84035043,35043,1.0
84035045,35045,1.0
84035047,35047,1.0
84035049,35049,1.0
84035051,35051,1.0
84035053,35053,1.0
84035055,35055,1.0
84035057,35057,1.0
84035059,35059,1.0
84035061,35061,1.0
84036001,36001,1.0
84036003,36003,1.0
84036005,36005,1.0
84036007,36007,1.0
84036009,36009,1.0
84036011,36011,1.0
84036013,36013,1.0
84036015,36015,1.0
84036017,36017,1.0
84036019,36019,1.0
84036021,36021,1.0
84036023,36023,1.0
84036025,36025,1.0
84036027,36027,1.0
84036029,36029,1.0
84036031,36031,1.0
84036033,36033,1.0
84036035,36035,1.0
84036037,36037,1.0
84036039,36039,1.0
84036041,36041,1.0
84036043,36043,1.0
84036045,36045,1.0
84036047,36047,1.0
84036049,36049,1.0
84036051,36051,1.0
84036053,36053,1.0
84036055,36055,1.0
84036057,36057,1.0
84036059,36059,1.0
84036061,36061,1.0
84036063,36063,1.0
84036065,36065,1.0
84036067,36067,1.0
84036069,36069,1.0
84036071,36071,1.0
84036073,36073,1.0
84036075,36075,1.0
84036077,36077,1.0
84036079,36079,1.0
84036081,36081,1.0
84036083,36083,1.0
84036085,36085,1.0
84036087,36087,1.0
84036089,36089,1.0
84036091,36091,1.0
84036093,36093,1.0
84036095,36095,1.0
84036097,36097,1.0
84036099,36099,1.0
84036101,36101,1.0
84036103,36103,1.0
84036105,36105,1.0
84036107,36107,1.0
84036109,36109,1.0
84036111,36111,1.0
84036113,36113,1.0
84036115,36115,1.0
84036117,36117,1.0
84036119,36119,1.0
84036121,36121,1.0
84036123,36123,1.0
84037001,37001,1.0
84037003,37003,1.0
84037005,37005,1.0
84037007,37007,1.0
84037009,37009,1.0
84037011,37011,1.0
84037013,37013,1.0
84037015,37015,1.0
84037017,37017,1.0
84037019,37019,1.0
84037021,37021,1.0
84037023,37023,1.0
84037025,37025,1.0
84037027,37027,1.0
84037029,37029,1.0
84037031,37031,1.0
84037033,37033,1.0
84037035,37035,1.0
84037037,37037,1.0
84037039,37039,1.0
84037041,37041,1.0
84037043,37043,1.0
84037045,37045,1.0
84037047,37047,1.0
84037049,37049,1.0
84037051,37051,1.0
84037053,37053,1.0
84037055,37055,1.0
84037057,37057,1.0
84037059,37059,1.0
84037061,37061,1.0
84037063,37063,1.0
84037065,37065,1.0
84037067,37067,1.0
84037069,37069,1.0
84037071,37071,1.0
84037073,37073,1.0
84037075,37075,1.0
84037077,37077,1.0
84037079,37079,1.0
84037081,37081,1.0
84037083,37083,1.0
84037085,37085,1.0
84037087,37087,1.0
84037089,37089,1.0
84037091,37091,1.0
84037093,37093,1.0
84037095,37095,1.0
84037097,37097,1.0
84037099,37099,1.0
84037101,37101,1.0
84037103,37103,1.0
84037105,37105,1.0
84037107,37107,1.0
84037109,37109,1.0
84037111,37111,1.0
84037113,37113,1.0
84037115,37115,1.0
84037117,37117,1.0
84037119,37119,1.0
84037121,37121,1.0
84037123,37123,1.0
84037125,37125,1.0
84037127,37127,1.0
84037129,37129,1.0
84037131,37131,1.0
84037133,37133,1.0
84037135,37135,1.0
84037137,37137,1.0
84037139,37139,1.0
84037141,37141,1.0
84037143,37143,1.0
84037145,37145,1.0
84037147,37147,1.0
84037149,37149,1.0
84037151,37151,1.0
84037153,37153,1.0
84037155,37155,1.0
84037157,37157,1.0
84037159,37159,1.0
84037161,37161,1.0
84037163,37163,1.0
84037165,37165,1.0
84037167,37167,1.0
84037169,37169,1.0
84037171,37171,1.0
84037173,37173,1.0
84037175,37175,1.0
84037177,37177,1.0
84037179,37179,1.0
84037181,37181,1.0
84037183,37183,1.0
84037185,37185,1.0
84037187,37187,1.0
84037189,37189,1.0
84037191,37191,1.0
84037193,37193,1.0
84037195,37195,1.0
84037197,37197,1.0
84037199,37199,1.0
84038001,38001,1.0
84038003,38003,1.0
84038005,38005,1.0
84038007,38007,1.0
84038009,38009,1.0
84038011,38011,1.0
84038013,38013,1.0
84038015,38015,1.0
84038017,38017,1.0
84038019,38019,1.0
84038021,38021,1.0
84038023,38023,1.0
84038025,38025,1.0
84038027,38027,1.0
84038029,38029,1.0
84038031,38031,1.0
84038033,38033,1.0
84038035,38035,1.0
84038037,38037,1.0
84038039,38039,1.0
84038041,38041,1.0
84038043,38043,1.0
84038045,38045,1.0
84038047,38047,1.0
84038049,38049,1.0
84038051,38051,1.0
84038053,38053,1.0
84038055,38055,1.0
84038057,38057,1.0
84038059,38059,1.0
84038061,38061,1.0
84038063,38063,1.0
84038065,38065,1.0
84038067,38067,1.0
84038069,38069,1.0
84038071,38071,1.0
84038073,38073,1.0
84038075,38075,1.0
84038077,38077,1.0
84038079,38079,1.0
84038081,38081,1.0
84038083,38083,1.0
84038085,38085,1.0
84038087,38087,1.0
84038089,38089,1.0
84038091,38091,1.0
84038093,38093,1.0
84038095,38095,1.0
84038097,38097,1.0
84038099,38099,1.0
84038101,38101,1.0
84038103,38103,1.0
84038105,38105,1.0
84039001,39001,1.0
84039003,39003,1.0
84039005,39005,1.0
84039007,39007,1.0
84039009,39009,1.0
84039011,39011,1.0
84039013,39013,1.0
84039015,39015,1.0
84039017,39017,1.0
84039019,39019,1.0
84039021,39021,1.0
84039023,39023,1.0
84039025,39025,1.0
84039027,39027,1.0
84039029,39029,1.0
84039031,39031,1.0
84039033,39033,1.0
84039035,39035,1.0
84039037,39037,1.0
84039039,39039,1.0
84039041,39041,1.0
84039043,39043,1.0
84039045,39045,1.0
84039047,39047,1.0
84039049,39049,1.0
84039051,39051,1.0
84039053,39053,1.0
84039055,39055,1.0
84039057,39057,1.0
84039059,39059,1.0
84039061,39061,1.0
84039063,39063,1.0
84039065,39065,1.0
84039067,39067,1.0
84039069,39069,1.0
84039071,39071,1.0
84039073,39073,1.0
84039075,39075,1.0
84039077,39077,1.0
84039079,39079,1.0
84039081,39081,1.0
84039083,39083,1.0
84039085,39085,1.0
84039087,39087,1.0
84039089,39089,1.0
84039091,39091,1.0
84039093,39093,1.0
84039095,39095,1.0
84039097,39097,1.0
84039099,39099,1.0
84039101,39101,1.0
84039103,39103,1.0
84039105,39105,1.0
84039107,39107,1.0
84039109,39109,1.0
84039111,39111,1.0
84039113,39113,1.0
84039115,39115,1.0
84039117,39117,1.0
84039119,39119,1.0
84039121,39121,1.0
84039123,39123,1.0
84039125,39125,1.0
84039127,39127,1.0
84039129,39129,1.0
84039131,39131,1.0
84039133,39133,1.0
84039135,39135,1.0
84039137,39137,1.0
84039139,39139,1.0
84039141,39141,1.0
84039143,39143,1.0
84039145,39145,1.0
84039147,39147,1.0
84039149,39149,1.0
84039151,39151,1.0
84039153,39153,1.0
84039155,39155,1.0
84039157,39157,1.0
84039159,39159,1.0
84039161,39161,1.0
84039163,39163,1.0
84039165,39165,1.0
84039167,39167,1.0
84039169,39169,1.0
84039171,39171,1.0
84039173,39173,1.0
84039175,39175,1.0
84040001,40001,1.0
84040003,40003,1.0
84040005,40005,1.0
84040007,40007,1.0
84040009,40009,1.0
84040011,40011,1.0
84040013,40013,1.0
84040015,40015,1.0
84040017,40017,1.0
84040019,40019,1.0
84040021,40021,1.0
84040023,40023,1.0
84040025,40025,1.0
84040027,40027,1.0
84040029,40029,1.0
84040031,40031,1.0
84040033,40033,1.0
84040035,40035,1.0
84040037,40037,1.0
84040039,40039,1.0
84040041,40041,1.0
84040043,40043,1.0
84040045,40045,1.0
84040047,40047,1.0
84040049,40049,1.0
84040051,40051,1.0
84040053,40053,1.0
84040055,40055,1.0
84040057,40057,1.0
84040059,40059,1.0
84040061,40061,1.0
84040063,40063,1.0
84040065,40065,1.0
84040067,40067,1.0
84040069,40069,1.0
84040071,40071,1.0
84040073,40073,1.0
84040075,40075,1.0
84040077,40077,1.0
84040079,40079,1.0
84040081,40081,1.0
84040083,40083,1.0
84040085,40085,1.0
84040087,40087,1.0
84040089,40089,1.0
84040091,40091,1.0
84040093,40093,1.0
84040095,40095,1.0
84040097,40097,1.0
84040099,40099,1.0
84040101,40101,1.0
84040103,40103,1.0
84040105,40105,1.0
84040107,40107,1.0
84040109,40109,1.0
84040111,40111,1.0
84040113,40113,1.0
84040115,40115,1.0
84040117,40117,1.0
84040119,40119,1.0
84040121,40121,1.0
84040123,40123,1.0
84040125,40125,1.0
84040127,40127,1.0
84040129,40129,1.0
84040131,40131,1.0
84040133,40133,1.0
84040135,40135,1.0
84040137,40137,1.0
84040139,40139,1.0
84040141,40141,1.0
84040143,40143,1.0
84040145,40145,1.0
84040147,40147,1.0
84040149,40149,1.0
84040151,40151,1.0
84040153,40153,1.0
84041001,41001,1.0
84041003,41003,1.0
84041005,41005,1.0
84041007,41007,1.0
84041009,41009,1.0
84041011,41011,1.0
84041013,41013,1.0
84041015,41015,1.0
84041017,41017,1.0
84041019,41019,1.0
84041021,41021,1.0
84041023,41023,1.0
84041025,41025,1.0
84041027,41027,1.0
84041029,41029,1.0
84041031,41031,1.0
84041033,41033,1.0
84041035,41035,1.0
84041037,41037,1.0
84041039,41039,1.0
84041041,41041,1.0
84041043,41043,1.0
84041045,41045,1.0
84041047,41047,1.0
84041049,41049,1.0
84041051,41051,1.0
84041053,41053,1.0
84041055,41055,1.0
84041057,41057,1.0
84041059,41059,1.0
84041061,41061,1.0
84041063,41063,1.0
84041065,41065,1.0
84041067,41067,1.0
84041069,41069,1.0
84041071,41071,1.0
84042001,42001,1.0
84042003,42003,1.0
84042005,42005,1.0
84042007,42007,1.0
84042009,42009,1.0
84042011,42011,1.0
84042013,42013,1.0
84042015,42015,1.0
84042017,42017,1.0
84042019,42019,1.0
84042021,42021,1.0
84042023,42023,1.0
84042025,42025,1.0
84042027,42027,1.0
84042029,42029,1.0
84042031,42031,1.0
84042033,42033,1.0
84042035,42035,1.0
84042037,42037,1.0
84042039,42039,1.0
84042041,42041,1.0
84042043,42043,1.0
84042045,42045,1.0
84042047,42047,1.0
84042049,42049,1.0
84042051,42051,1.0
84042053,42053,1.0
84042055,42055,1.0
84042057,42057,1.0
84042059,42059,1.0
84042061,42061,1.0
84042063,42063,1.0
84042065,42065,1.0
84042067,42067,1.0
84042069,42069,1.0
84042071,42071,1.0
84042073,42073,1.0
84042075,42075,1.0
84042077,42077,1.0
84042079,42079,1.0
84042081,42081,1.0
84042083,42083,1.0
84042085,42085,1.0
84042087,42087,1.0
84042089,42089,1.0
84042091,42091,1.0
84042093,42093,1.0
84042095,42095,1.0
84042097,42097,1.0
84042099,42099,1.0
84042101,42101,1.0
84042103,42103,1.0
84042105,42105,1.0
84042107,42107,1.0
84042109,42109,1.0
84042111,42111,1.0
84042113,42113,1.0
84042115,42115,1.0
84042117,42117,1.0
84042119,42119,1.0
84042121,42121,1.0
84042123,42123,1.0
84042125,42125,1.0
84042127,42127,1.0
84042129,42129,1.0
84042131,42131,1.0
84042133,42133,1.0
84044001,44001,1.0
84044003,44003,1.0
84044005,44005,1.0
84044007,44007,1.0
84044009,44009,1.0
84045001,45001,1.0
84045003,45003,1.0
84045005,45005,1.0
84045007,45007,1.0
84045009,45009,1.0
84045011,45011,1.0
84045013,45013,1.0
84045015,45015,1.0
84045017,45017,1.0
84045019,45019,1.0
84045021,45021,1.0
84045023,45023,1.0
84045025,45025,1.0
84045027,45027,1.0
84045029,45029,1.0
84045031,45031,1.0
84045033,45033,1.0
84045035,45035,1.0
84045037,45037,1.0
84045039,45039,1.0
84045041,45041,1.0
84045043,45043,1.0
84045045,45045,1.0
84045047,45047,1.0
84045049,45049,1.0
84045051,45051,1.0
84045053,45053,1.0
84045055,45055,1.0
84045057,45057,1.0
84045059,45059,1.0
84045061,45061,1.0
84045063,45063,1.0
84045065,45065,1.0
84045067,45067,1.0
84045069,45069,1.0
84045071,45071,1.0
84045073,45073,1.0
84045075,45075,1.0
84045077,45077,1.0
84045079,45079,1.0
84045081,45081,1.0
84045083,45083,1.0
84045085,45085,1.0
84045087,45087,1.0
84045089,45089,1.0
84045091,45091,1.0
84046003,46003,1.0
84046005,46005,1.0
84046007,46007,1.0
84046009,46009,1.0
84046011,46011,1.0
84046013,46013,1.0
84046015,46015,1.0
84046017,46017,1.0
84046019,46019,1.0
84046021,46021,1.0
84046023,46023,1.0
84046025,46025,1.0
84046027,46027,1.0
84046029,46029,1.0
84046031,46031,1.0
84046033,46033,1.0
84046035,46035,1.0
84046037,46037,1.0
84046039,46039,1.0
84046041,46041,1.0
84046043,46043,1.0
84046045,46045,1.0
84046047,46047,1.0
84046049,46049,1.0
84046051,46051,1.0
84046053,46053,1.0
84046055,46055,1.0
84046057,46057,1.0
84046059,46059,1.0
84046061,46061,1.0
84046063,46063,1.0
84046065,46065,1.0
84046067,46067,1.0
84046069,46069,1.0
84046071,46071,1.0
84046073,46073,1.0
84046075,46075,1.0
84046077,46077,1.0
84046079,46079,1.0
84046081,46081,1.0
84046083,46083,1.0
84046085,46085,1.0
84046087,46087,1.0
84046089,46089,1.0
84046091,46091,1.0
84046093,46093,1.0
84046095,46095,1.0
84046097,46097,1.0
84046099,46099,1.0
84046101,46101,1.0
84046102,46113,1.0
84046103,46103,1.0
84046105,46105,1.0
84046107,46107,1.0
84046109,46109,1.0
84046111,46111,1.0
84046115,46115,1.0
84046117,46117,1.0
84046119,46119,1.0
84046121,46121,1.0
84046123,46123,1.0
84046125,46125,1.0
84046127,46127,1.0
84046129,46129,1.0
84046135,46135,1.0
84046137,46137,1.0
84047001,47001,1.0
84047003,47003,1.0
84047005,47005,1.0
84047007,47007,1.0
84047009,47009,1.0
84047011,47011,1.0
84047013,47013,1.0
84047015,47015,1.0
84047017,47017,1.0
84047019,47019,1.0
84047021,47021,1.0
84047023,47023,1.0
84047025,47025,1.0
84047027,47027,1.0
84047029,47029,1.0
84047031,47031,1.0
84047033,47033,1.0
84047035,47035,1.0
84047037,47037,1.0
84047039,47039,1.0
84047041,47041,1.0
84047043,47043,1.0
84047045,47045,1.0
84047047,47047,1.0
84047049,47049,1.0
84047051,47051,1.0
84047053,47053,1.0
84047055,47055,1.0
84047057,47057,1.0
84047059,47059,1.0
84047061,47061,1.0
84047063,47063,1.0
84047065,47065,1.0
84047067,47067,1.0
84047069,47069,1.0
84047071,47071,1.0
84047073,47073,1.0
84047075,47075,1.0
84047077,47077,1.0
84047079,47079,1.0
84047081,47081,1.0
84047083,47083,1.0
84047085,47085,1.0
84047087,47087,1.0
84047089,47089,1.0
84047091,47091,1.0
84047093,47093,1.0
84047095,47095,1.0
84047097,47097,1.0
84047099,47099,1.0
84047101,47101,1.0
84047103,47103,1.0
84047105,47105,1.0
84047107,47107,1.0
84047109,47109,1.0
84047111,47111,1.0
84047113,47113,1.0
84047115,47115,1.0
84047117,47117,1.0
84047119,47119,1.0
84047121,47121,1.0
84047123,47123,1.0
84047125,47125,1.0
84047127,47127,1.0
84047129,47129,1.0
84047131,47131,1.0
84047133,47133,1.0
84047135,47135,1.0
84047137,47137,1.0
84047139,47139,1.0
84047141,47141,1.0
84047143,47143,1.0
84047145,47145,1.0
84047147,47147,1.0
84047149,47149,1.0
84047151,47151,1.0
84047153,47153,1.0
84047155,47155,1.0
84047157,47157,1.0
84047159,47159,1.0
84047161,47161,1.0
84047163,47163,1.0
84047165,47165,1.0
84047167,47167,1.0
84047169,47169,1.0
84047171,47171,1.0
84047173,47173,1.0
84047175,47175,1.0
84047177,47177,1.0
84047179,47179,1.0
84047181,47181,1.0
84047183,47183,1.0
84047185,47185,1.0
84047187,47187,1.0
84047189,47189,1.0
84048001,48001,1.0
84048003,48003,1.0
84048005,48005,1.0
84048007,48007,1.0
84048009,48009,1.0
84048011,48011,1.0
84048013,48013,1.0
84048015,48015,1.0
84048017,48017,1.0
84048019,48019,1.0
84048021,48021,1.0
84048023,48023,1.0
84048025,48025,1.0
84048027,48027,1.0
84048029,48029,1.0
84048031,48031,1.0
84048033,48033,1.0
84048035,48035,1.0
84048037,48037,1.0
84048039,48039,1.0
84048041,48041,1.0
84048043,48043,1.0
84048045,48045,1.0
84048047,48047,1.0
84048049,48049,1.0
84048051,48051,1.0
84048053,48053,1.0
84048055,48055,1.0
84048057,48057,1.0
84048059,48059,1.0
84048061,48061,1.0
84048063,48063,1.0
84048065,48065,1.0
84048067,48067,1.0
84048069,48069,1.0
84048071,48071,1.0
84048073,48073,1.0
84048075,48075,1.0
84048077,48077,1.0
84048079,48079,1.0
84048081,48081,1.0
84048083,48083,1.0
84048085,48085,1.0
84048087,48087,1.0
84048089,48089,1.0
84048091,48091,1.0
84048093,48093,1.0
84048095,48095,1.0
84048097,48097,1.0
84048099,48099,1.0
84048101,48101,1.0
84048103,48103,1.0
84048105,48105,1.0
84048107,48107,1.0
84048109,48109,1.0
84048111,48111,1.0
84048113,48113,1.0
84048115,48115,1.0
84048117,48117,1.0
84048119,48119,1.0
84048121,48121,1.0
84048123,48123,1.0
84048125,48125,1.0
84048127,48127,1.0
84048129,48129,1.0
84048131,48131,1.0
84048133,48133,1.0
84048135,48135,1.0
84048137,48137,1.0
84048139,48139,1.0
84048141,48141,1.0
84048143,48143,1.0
84048145,48145,1.0
84048147,48147,1.0
84048149,48149,1.0
84048151,48151,1.0
84048153,48153,1.0
84048155,48155,1.0
84048157,48157,1.0
84048159,48159,1.0
84048161,48161,1.0
84048163,48163,1.0
84048165,48165,1.0
84048167,48167,1.0
84048169,48169,1.0
84048171,48171,1.0
84048173,48173,1.0
84048175,48175,1.0
84048177,48177,1.0
84048179,48179,1.0
84048181,48181,1.0
84048183,48183,1.0
84048185,48185,1.0
84048187,48187,1.0
84048189,48189,1.0
84048191,48191,1.0
84048193,48193,1.0
84048195,48195,1.0
84048197,48197,1.0
84048199,48199,1.0
84048201,48201,1.0
84048203,48203,1.0
84048205,48205,1.0
84048207,48207,1.0
84048209,48209,1.0
84048211,48211,1.0
84048213,48213,1.0
84048215,48215,1.0
84048217,48217,1.0
84048219,48219,1.0
84048221,48221,1.0
84048223,48223,1.0
84048225,48225,1.0
84048227,48227,1.0
84048229,48229,1.0
84048231,48231,1.0
84048233,48233,1.0
84048235,48235,1.0
84048237,48237,1.0
84048239,48239,1.0
84048241,48241,1.0
84048243,48243,1.0
84048245,48245,1.0
84048247,48247,1.0
84048249,48249,1.0
84048251,48251,1.0
84048253,48253,1.0
84048255,48255,1.0
84048257,48257,1.0
84048259,48259,1.0
84048261,48261,1.0
84048263,48263,1.0
84048265,48265,1.0
84048267,48267,1.0
84048269,48269,1.0
84048271,48271,1.0
84048273,48273,1.0
84048275,48275,1.0
84048277,48277,1.0
84048279,48279,1.0
84048281,48281,1.0
84048283,48283,1.0
84048285,48285,1.0
84048287,48287,1.0
84048289,48289,1.0
84048291,48291,1.0
84048293,48293,1.0
84048295,48295,1.0
84048297,48297,1.0
84048299,48299,1.0
84048301,48301,1.0
84048303,48303,1.0
84048305,48305,1.0
84048307,48307,1.0
84048309,48309,1.0
84048311,48311,1.0
84048313,48313,1.0
84048315,48315,1.0
84048317,48317,1.0
84048319,48319,1.0
84048321,48321,1.0
84048323,48323,1.0
84048325,48325,1.0
84048327,48327,1.0
84048329,48329,1.0
84048331,48331,1.0
84048333,48333,1.0
84048335,48335,1.0
84048337,48337,1.0
84048339,48339,1.0
84048341,48341,1.0
84048343,48343,1.0
84048345,48345,1.0
84048347,48347,1.0
84048349,48349,1.0
84048351,48351,1.0
84048353,48353,1.0
84048355,48355,1.0
84048357,48357,1.0
84048359,48359,1.0
84048361,48361,1.0
84048363,48363,1.0
84048365,48365,1.0
84048367,48367,1.0
84048369,48369,1.0
84048371,48371,1.0
84048373,48373,1.0
84048375,48375,1.0
84048377,48377,1.0
84048379,48379,1.0
84048381,48381,1.0
84048383,48383,1.0
84048385,48385,1.0
84048387,48387,1.0
84048389,48389,1.0
84048391,48391,1.0
84048393,48393,1.0
84048395,48395,1.0
84048397,48397,1.0
84048399,48399,1.0
84048401,48401,1.0
84048403,48403,1.0
84048405,48405,1.0
84048407,48407,1.0
84048409,48409,1.0
84048411,48411,1.0
84048413,48413,1.0
84048415,48415,1.0
84048417,48417,1.0
84048419,48419,1.0
84048421,48421,1.0
84048423,48423,1.0
84048425,48425,1.0
84048427,48427,1.0
84048429,48429,1.0
84048431,48431,1.0
84048433,48433,1.0
84048435,48435,1.0
84048437,48437,1.0
84048439,48439,1.0
84048441,48441,1.0
84048443,48443,1.0
84048445,48445,1.0
84048447,48447,1.0
84048449,48449,1.0
84048451,48451,1.0
84048453,48453,1.0
84048455,48455,1.0
84048457,48457,1.0
84048459,48459,1.0
84048461,48461,1.0
84048463,48463,1.0
84048465,48465,1.0
84048467,48467,1.0
84048469,48469,1.0
84048471,48471,1.0
84048473,48473,1.0
84048475,48475,1.0
84048477,48477,1.0
84048479,48479,1.0
84048481,48481,1.0
84048483,48483,1.0
84048485,48485,1.0
84048487,48487,1.0
84048489,48489,1.0
84048491,48491,1.0
84048493,48493,1.0
84048495,48495,1.0
84048497,48497,1.0
84048499,48499,1.0
84048501,48501,1.0
84048503,48503,1.0
84048505,48505,1.0
84048507,48507,1.0
84049001,49001,1.0
84049003,49003,1.0
84049005,49005,1.0
84049007,49007,1.0
84049009,49009,1.0
84049011,49011,1.0
84049013,49013,1.0
84049015,49015,1.0
84049017,49017,1.0
84049019,49019,1.0
84049021,49021,1.0
84049023,49023,1.0
84049025,49025,1.0
84049027,49027,1.0
84049029,49029,1.0
84049031,49031,1.0
84049033,49033,1.0
84049035,49035,1.0
84049037,49037,1.0
84049039,49039,1.0
84049041,49041,1.0
84049043,49043,1.0
84049045,49045,1.0
84049047,49047,1.0
84049049,49049,1.0
84049051,49051,1.0
84049053,49053,1.0
84049055,49055,1.0
84049057,49057,1.0
84050001,50001,1.0
84050003,50003,1.0
84050005,50005,1.0
84050007,50007,1.0
84050009,50009,1.0
84050011,50011,1.0
84050013,50013,1.0
84050015,50015,1.0
84050017,50017,1.0
84050019,50019,1.0
84050021,50021,1.0
84050023,50023,1.0
84050025,50025,1.0
84050027,50027,1.0
84051001,51001,1.0
84051003,51003,1.0
84051005,51005,1.0
84051007,51007,1.0
84051009,51009,1.0
84051011,51011,1.0
84051013,51013,1.0
84051015,51015,1.0
84051017,51017,1.0
84051019,51019,1.0
84051021,51021,1.0
84051023,51023,1.0
84051025,51025,1.0
84051027,51027,1.0
84051029,51029,1.0
84051031,51031,1.0
84051033,51033,1.0
84051035,51035,1.0
84051036,51036,1.0
84051037,51037,1.0
84051041,51041,1.0
84051043,51043,1.0
84051045,51045,1.0
84051047,51047,1.0
84051049,51049,1.0
84051051,51051,1.0
84051053,51053,1.0
84051057,51057,1.0
84051059,51059,1.0
84051061,51061,1.0
84051063,51063,1.0
84051065,51065,1.0
84051067,51067,1.0
84051069,51069,1.0
84051071,51071,1.0
84051073,51073,1.0
84051075,51075,1.0
84051077,51077,1.0
84051079,51079,1.0
84051081,51081,1.0
84051083,51083,1.0
84051085,51085,1.0
84051087,51087,1.0
84051089,51089,1.0
84051091,51091,1.0
84051093,51093,1.0
84051095,51095,1.0
84051097,51097,1.0
84051099,51099,1.0
84051101,51101,1.0
84051103,51103,1.0
84051105,51105,1.0
84051107,51107,1.0
84051109,51109,1.0
84051111,51111,1.0
84051113,51113,1.0
84051115,51115,1.0
84051117,51117,1.0
84051119,51119,1.0
84051121,51121,1.0
84051125,51125,1.0
84051127,51127,1.0
84051131,51131,1.0
84051133,51133,1.0
84051135,51135,1.0
84051137,51137,1.0
84051139,51139,1.0
84051141,51141,1.0
84051143,51143,1.0
84051145,51145,1.0
84051147,51147,1.0
84051149,51149,1.0
84051153,51153,1.0
84051155,51155,1.0
84051157,51157,1.0
84051159,51159,1.0
84051161,51161,1.0
84051163,51163,1.0
84051165,51165,1.0
84051167,51167,1.0
84051169,51169,1.0
84051171,51171,1.0
84051173,51173,1.0
84051175,51175,1.0
84051177,51177,1.0
84051179,51179,1.0
84051181,51181,1.0
84051183,51183,1.0
84051185,51185,1.0
84051187,51187,1.0
84051191,51191,1.0
84051193,51193,1.0
84051195,51195,1.0
84051197,51197,1.0
84051199,51199,1.0
84051510,51510,1.0
84051520,51520,1.0
84051530,51530,1.0
84051540,51540,1.0
84051550,51550,1.0
84051570,51570,1.0
84051580,51580,1.0
84051590,51590,1.0
84051595,51595,1.0
84051600,51600,1.0
84051610,51610,1.0
84051620,51620,1.0
84051630,51630,1.0
84051640,51640,1.0
84051650,51650,1.0
84051660,51660,1.0
84051670,51670,1.0
84051678,51678,1.0
84051680,51680,1.0
84051683,51683,1.0
84051685,51685,1.0
84051690,51690,1.0
84051700,51700,1.0
84051710,51710,1.0
84051720,51720,1.0
84051730,51730,1.0
84051735,51735,1.0
84051740,51740,1.0
84051750,51750,1.0
84051760,51760,1.0
84051770,51770,1.0
84051775,51775,1.0
84051790,51790,1.0
84051800,51800,1.0
84051810,51810,1.0
84051820,51820,1.0
84051830,51830,1.0
84051840,51840,1.0
84053001,53001,1.0
84053003,53003,1.0
84053005,53005,1.0
84053007,53007,1.0
84053009,53009,1.0
84053011,53011,1.0
84053013,53013,1.0
84053015,53015,1.0
84053017,53017,1.0
84053019,53019,1.0
84053021,53021,1.0
84053023,53023,1.0
84053025,53025,1.0
84053027,53027,1.0
84053029,53029,1.0
84053031,53031,1.0
84053033,53033,1.0
84053035,53035,1.0
84053037,53037,1.0
84053039,53039,1.0
84053041,53041,1.0
84053043,53043,1.0
84053045,53045,1.0
84053047,53047,1.0
84053049,53049,1.0
84053051,53051,1.0
84053053,53053,1.0
84053055,53055,1.0
84053057,53057,1.0
84053059,53059,1.0
84053061,53061,1.0
84053063,53063,1.0
84053065,53065,1.0
84053067,53067,1.0
84053069,53069,1.0
84053071,53071,1.0
84053073,53073,1.0
84053075,53075,1.0
84053077,53077,1.0
84054001,54001,1.0
84054003,54003,1.0
84054005,54005,1.0
84054007,54007,1.0
84054009,54009,1.0
84054011,54011,1.0
84054013,54013,1.0
84054015,54015,1.0
84054017,54017,1.0
84054019,54019,1.0
84054021,54021,1.0
84054023,54023,1.0
84054025,54025,1.0
84054027,54027,1.0
84054029,54029,1.0
84054031,54031,1.0
84054033,54033,1.0
84054035,54035,1.0
84054037,54037,1.0
84054039,54039,1.0
84054041,54041,1.0
84054043,54043,1.0
84054045,54045,1.0
84054047,54047,1.0
84054049,54049,1.0
84054051,54051,1.0
84054053,54053,1.0
84054055,54055,1.0
84054057,54057,1.0
84054059,54059,1.0
84054061,54061,1.0
84054063,54063,1.0
84054065,54065,1.0
84054067,54067,1.0
84054069,54069,1.0
84054071,54071,1.0
84054073,54073,1.0
84054075,54075,1.0
84054077,54077,1.0
84054079,54079,1.0
84054081,54081,1.0
84054083,54083,1.0
84054085,54085,1.0
84054087,54087,1.0
84054089,54089,1.0
84054091,54091,1.0
84054093,54093,1.0
84054095,54095,1.0
84054097,54097,1.0
84054099,54099,1.0
84054101,54101,1.0
84054103,54103,1.0
84054105,54105,1.0
84054107,54107,1.0
84054109,54109,1.0
84055001,55001,1.0
84055003,55003,1.0
84055005,55005,1.0
84055007,55007,1.0
84055009,55009,1.0
84055011,55011,1.0
84055013,55013,1.0
84055015,55015,1.0
84055017,55017,1.0
84055019,55019,1.0
84055021,55021,1.0
84055023,55023,1.0
84055025,55025,1.0
84055027,55027,1.0
84055029,55029,1.0
84055031,55031,1.0
84055033,55033,1.0
84055035,55035,1.0
84055037,55037,1.0
84055039,55039,1.0
84055041,55041,1.0
84055043,55043,1.0
84055045,55045,1.0
84055047,55047,1.0
84055049,55049,1.0
84055051,55051,1.0
84055053,55053,1.0
84055055,55055,1.0
84055057,55057,1.0
84055059,55059,1.0
84055061,55061,1.0
84055063,55063,1.0
84055065,55065,1.0
84055067,55067,1.0
84055069,55069,1.0
84055071,55071,1.0
84055073,55073,1.0
84055075,55075,1.0
84055077,55077,1.0
84055078,55078,1.0
84055079,55079,1.0
84055081,55081,1.0
84055083,55083,1.0
84055085,55085,1.0
84055087,55087,1.0
84055089,55089,1.0
84055091,55091,1.0
84055093,55093,1.0
84055095,55095,1.0
84055097,55097,1.0
84055099,55099,1.0
84055101,55101,1.0
84055103,55103,1.0
84055105,55105,1.0
84055107,55107,1.0
84055109,55109,1.0
84055111,55111,1.0
84055113,55113,1.0
84055115,55115,1.0
84055117,55117,1.0
84055119,55119,1.0
84055121,55121,1.0
84055123,55123,1.0
84055125,55125,1.0
84055127,55127,1.0
84055129,55129,1.0
84055131,55131,1.0
84055133,55133,1.0
84055135,55135,1.0
84055137,55137,1.0
84055139,55139,1.0
84055141,55141,1.0
84056001,56001,1.0
84056003,56003,1.0
84056005,56005,1.0
84056007,56007,1.0
84056009,56009,1.0
84056011,56011,1.0
84056013,56013,1.0
84056015,56015,1.0
84056017,56017,1.0
84056019,56019,1.0
84056021,56021,1.0
84056023,56023,1.0
84056025,56025,1.0
84056027,56027,1.0
84056029,56029,1.0
84056031,56031,1.0
84056033,56033,1.0
84056035,56035,1.0
84056037,56037,1.0
84056039,56039,1.0
84056041,56041,1.0
84056043,56043,1.0
84056045,56045,1.0
84070002,25007,0.6191260718163777
84070002,25019,0.38087392818362226
84070003,29037,0.09169349717069915
84070003,29047,0.20457149388375118
84070003,29095,0.6214027691108004
84070003,29165,0.08233223983474929
84070015,49000,1.0
84070016,49000,1.0
84070017,49000,1.0
84070018,49000,1.0
84070019,49000,1.0
84070020,49000,1.0
84080001,01000,1.0
84080002,02000,1.0
84080003,03000,1.0
84080004,04000,1.0
84080005,05000,1.0
84080006,06000,1.0
84080007,07000,1.0
84080008,08000,1.0
84080009,09000,1.0
84080010,10000,1.0
84080011,11000,1.0
84080012,12000,1.0
84080013,13000,1.0
84080014,14000,1.0
84080015,15000,1.0
84080016,16000,1.0
84080017,17000,1.0
84080018,18000,1.0
84080019,19000,1.0
84080020,20000,1.0
84080021,21000,1.0
84080022,22000,1.0
84080023,23000,1.0
84080024,24000,1.0
84080025,25000,1.0
84080026,26000,1.0
84080027,27000,1.0
84080028,28000,1.0
84080029,29000,1.0
84080030,30000,1.0
84080031,31000,1.0
84080032,32000,1.0
84080033,33000,1.0
84080034,34000,1.0
84080035,35000,1.0
84080036,36000,1.0
84080037,37000,1.0
84080038,38000,1.0
84080039,39000,1.0
84080040,40000,1.0
84080041,41000,1.0
84080042,42000,1.0
84080043,43000,1.0
84080044,44000,1.0
84080045,45000,1.0
84080046,46000,1.0
84080047,47000,1.0
84080048,48000,1.0
84080049,49000,1.0
84080050,50000,1.0
84080051,51000,1.0
84080052,52000,1.0
84080053,53000,1.0
84080054,54000,1.0
84080055,55000,1.0
84080056,56000,1.0
84090001,01000,1.0
84090002,02000,1.0
84090003,03000,1.0
84090004,04000,1.0
84090005,05000,1.0
84090006,06000,1.0
84090007,07000,1.0
84090008,08000,1.0
84090009,09000,1.0
84090010,10000,1.0
84090011,11000,1.0
84090012,12000,1.0
84090013,13000,1.0
84090014,14000,1.0
84090015,15000,1.0
84090016,16000,1.0
84090017,17000,1.0
84090018,18000,1.0
84090019,19000,1.0
84090020,20000,1.0
84090021,21000,1.0
84090022,22000,1.0
84090023,23000,1.0
84090024,24000,1.0
84090025,25000,1.0
84090026,26000,1.0
84090027,27000,1.0
84090028,28000,1.0
84090029,29000,1.0
84090030,30000,1.0
84090031,31000,1.0
84090032,32000,1.0
84090033,33000,1.0
84090034,34000,1.0
84090035,35000,1.0
84090036,36000,1.0
84090037,37000,1.0
84090038,38000,1.0
84090039,39000,1.0
84090040,40000,1.0
84090041,41000,1.0
84090042,42000,1.0
84090043,43000,1.0
84090044,44000,1.0
84090045,45000,1.0
84090046,46000,1.0
84090047,47000,1.0
84090048,48000,1.0
84090049,49000,1.0
84090050,50000,1.0
84090051,51000,1.0
84090052,52000,1.0
84090053,53000,1.0
84090054,54000,1.0
84090055,55000,1.0
84090056,56000,1.0
850,78000,1.0
