fips,hrr,weight
1001,1,0.016004628
1007,1,0.427184041
1009,1,1.0
1015,1,1.0
1017,1,0.956007299
1019,1,0.24919047800000002
1021,1,1.0
1027,1,1.0
1029,1,0.686206897
1033,1,1.0
1037,1,0.9095259590000001
1043,1,0.972076594
1047,1,1.0
1049,1,0.944678407
1055,1,1.0
1057,1,0.000740329
1059,1,0.975363772
1063,1,0.169433962
1073,1,1.0
1075,1,0.036225266
1077,1,1.0
1079,1,0.8401579109999999
1081,1,0.7819965520000001
1085,1,0.112069895
1087,1,0.862176055
1091,1,0.782827203
1093,1,0.6131667470000001
1095,1,0.553403936
1099,1,0.00039091099999999997
1103,1,0.340494653
1105,1,1.0
1111,1,0.98110908
1115,1,1.0
1117,1,1.0
1121,1,1.0
1123,1,1.0
1125,1,0.080348352
1127,1,1.0
1131,1,0.712288447
1133,1,1.0
13285,1,0.101185281
28141,1,0.772243268
47099,1,0.022726266000000002
47181,1,0.22676277399999997
1005,2,1.0
1031,2,1.0
1039,2,0.253977745
1045,2,1.0
1061,2,1.0
1067,2,1.0
1069,2,1.0
1109,2,0.026860073999999998
12059,2,1.0
12063,2,1.0
12133,2,0.040546458
13061,2,0.8445161290000001
13099,2,1.0
13201,2,0.10389036300000001
13253,2,1.0
1043,5,0.027923406
1071,5,0.722037632
1079,5,0.159842089
1083,5,1.0
1089,5,1.0
1095,5,0.44659606399999996
1103,5,0.6595053470000001
47003,5,0.063868066
47055,5,0.09313073300000001
47103,5,1.0
1003,6,0.971718008
1025,6,1.0
1035,6,0.169901749
1091,6,0.217172797
1097,6,1.0
1099,6,0.999609089
1129,6,1.0
1131,6,0.287711553
28041,6,0.793746848
28059,6,1.0
1001,7,0.983995372
1011,7,1.0
1013,7,1.0
1035,7,0.647735442
1037,7,0.09047404099999999
1041,7,1.0
1051,7,1.0
1085,7,0.887930105
1087,7,0.137823945
1101,7,1.0
1109,7,0.973139926
1007,9,0.5728159589999999
1057,9,0.9992596709999999
1063,9,0.830566038
1065,9,1.0
1075,9,0.671156773
1107,9,0.896539944
1119,9,0.132011938
1125,9,0.919651648
2013,10,1.0
2016,10,1.0
2020,10,1.0
2050,10,1.0
2060,10,1.0
2068,10,1.0
2070,10,1.0
2090,10,1.0
2100,10,1.0
2105,10,1.0
2110,10,1.0
2122,10,1.0
2130,10,1.0
2150,10,1.0
2164,10,1.0
2170,10,1.0
2180,10,1.0
2185,10,1.0
2188,10,1.0
2195,10,1.0
2198,10,1.0
2220,10,1.0
2230,10,1.0
2240,10,1.0
2261,10,1.0
2270,10,1.0
2275,10,1.0
2282,10,1.0
2290,10,1.0
4013,11,0.313591566
4021,11,0.481143903
4001,12,0.240791673
4005,12,0.9831498409999999
4007,12,0.990629237
4009,12,0.14459782300000001
4012,12,1.0
4013,12,0.620565385
4015,12,0.635030875
4017,12,0.957769799
4019,12,0.004319223
4021,12,0.43586784799999995
4025,12,0.981552682
4027,12,1.0
6025,12,0.010245156
6065,12,0.009286325
6071,12,0.000614992
4013,14,0.065843049
4025,14,0.018447318
4003,15,1.0
4007,15,0.009370763
4009,15,0.855402177
4011,15,1.0
4019,15,0.995680777
4021,15,0.082988249
4023,15,1.0
5033,16,1.0
5047,16,1.0
5083,16,0.9718348
5113,16,0.873228971
5127,16,1.0
5131,16,1.0
40061,16,1.0
40077,16,1.0
40079,16,1.0
40089,16,0.049461602
40121,16,0.046614845999999995
40127,16,0.00648213
40135,16,0.921437155
5021,18,0.6796090859999999
5031,18,1.0
5037,18,0.038122299
5055,18,1.0
5075,18,0.8695813259999999
5093,18,0.17167513199999998
5111,18,0.916632744
5121,18,1.0
5135,18,0.057231565
29069,18,0.629664697
29143,18,0.103517915
29155,18,0.050269191
5001,19,1.0
5003,19,1.0
5005,19,0.0014598179999999999
5011,19,1.0
5013,19,1.0
5017,19,1.0
5019,19,1.0
5023,19,1.0
5025,19,1.0
5027,19,0.924958288
5029,19,1.0
5039,19,1.0
5041,19,1.0
5043,19,1.0
5045,19,1.0
5049,19,0.39838741
5051,19,1.0
5053,19,1.0
5059,19,1.0
5063,19,1.0
5065,19,1.0
5067,19,1.0
5069,19,1.0
5071,19,1.0
5073,19,0.467471391
5075,19,0.130418674
5079,19,1.0
5083,19,0.028165199999999998
5085,19,1.0
5095,19,1.0
5097,19,1.0
5101,19,0.044399439000000006
5103,19,1.0
5105,19,1.0
5109,19,0.9584872640000001
5115,19,1.0
5117,19,1.0
5119,19,1.0
5125,19,1.0
5135,19,0.7932729620000001
5137,19,1.0
5139,19,1.0
5141,19,1.0
5145,19,1.0
5147,19,1.0
5149,19,1.0
5007,21,1.0
5009,21,1.0
5015,21,0.7218194490000001
5087,21,1.0
5089,21,0.015761703999999998
5101,21,0.9556005609999999
5129,21,0.906476449
5143,21,1.0
29009,21,0.077530035
29119,21,0.278477058
40001,21,0.339202237
40041,21,0.190760535
5057,22,1.0
5061,22,1.0
5073,22,0.532528609
5081,22,1.0
5091,22,1.0
5099,22,1.0
5109,22,0.041512736
5113,22,0.126771029
5133,22,1.0
40089,22,0.7843450479999999
48037,22,1.0
48067,22,0.6577801010000001
6059,23,1.0
6065,23,0.119021265
6073,23,0.003675517
6029,25,0.8989353040000001
6107,25,0.927959352
6007,31,0.933237894
6011,31,0.04524699
6021,31,1.0
6035,31,0.10425
6063,31,0.273807433
6103,31,0.760360563
6115,31,0.016148556
6013,33,0.769359847
6095,33,0.578379985
6019,43,1.0
6031,43,1.0
6039,43,0.847139573
6043,43,0.007669285
6107,43,0.072040648
6029,56,0.060870745
6037,56,0.9974601390000001
6071,56,0.018016311
6009,58,0.099454228
6039,58,0.152860427
6043,58,0.992330715
6047,58,1.0
6077,58,0.042082155
6099,58,1.0
6109,58,1.0
6023,62,0.045367897000000004
6033,62,1.0
6045,62,0.9509845570000001
6055,62,0.856276321
6105,62,0.064717199
6001,65,1.0
6013,65,0.022841137999999997
6065,69,0.131287315
6071,69,0.032731553999999996
6023,73,0.954632103
6035,73,0.0168125
6049,73,0.202995008
6089,73,1.0
6093,73,0.389147601
6103,73,0.23963943699999998
6105,73,0.9352828009999999
6003,77,0.067857143
6005,77,1.0
6007,77,0.066762106
6009,77,0.033630157
6011,77,0.95475301
6017,77,0.995674893
6057,77,0.8068278809999999
6061,77,0.977134218
6067,77,1.0
6077,77,0.126013801
6091,77,0.076302274
6095,77,0.072351811
6101,77,1.0
6113,77,1.0
6115,77,0.983851444
32005,77,0.117347565
6053,78,0.986724956
6027,79,0.006821211999999999
6029,79,0.040193951
6065,79,0.535583535
6071,79,0.946048641
6073,79,2.7899999999999997e-05
6025,80,0.989754844
6065,80,0.20482156
6073,80,0.996296583
6013,81,0.207799015
6041,81,0.997956422
6055,81,0.143723679
6075,81,1.0
6095,81,0.34926820299999994
6069,82,1.0
6085,82,0.9661044259999999
6087,82,0.032672862999999996
6053,83,0.003829707
6079,83,0.9257603529999999
6081,85,1.0
6085,85,0.033895574
6079,86,0.074239647
6083,86,1.0
6053,87,0.009445337
6087,87,0.9673271370000001
6041,89,0.002043578
6045,89,0.049015443
6097,89,1.0
6009,91,0.866915615
6077,91,0.8319040440000001
6037,96,0.002539861
6111,96,1.0
8013,101,1.0
8123,101,0.021439985
8003,102,1.0
8009,102,1.0
8011,102,1.0
8015,102,1.0
8017,102,1.0
8021,102,1.0
8023,102,1.0
8025,102,0.682922472
8035,102,0.019386248999999998
8039,102,0.064779188
8041,102,1.0
8043,102,1.0
8061,102,0.793650794
8071,102,0.961839599
8079,102,1.0
8089,102,0.9080671359999999
8093,102,0.13829197699999998
8099,102,1.0
8105,102,1.0
8109,102,1.0
8119,102,1.0
20199,102,0.15226849
8001,103,1.0
8005,103,1.0
8014,103,1.0
8019,103,1.0
8031,103,1.0
8035,103,0.9806137509999999
8037,103,0.357342603
8039,103,0.9352208120000001
8047,103,1.0
8049,103,1.0
8059,103,1.0
8063,103,1.0
8065,103,1.0
8073,103,1.0
8081,103,0.9755127029999999
8093,103,0.8617080229999999
8097,103,1.0
8107,103,1.0
8117,103,1.0
8123,103,0.225332775
20023,103,1.0
20039,103,1.0
20109,103,0.24380305600000002
20153,103,1.0
20181,103,1.0
20193,103,1.0
31005,103,1.0
31007,103,1.0
31013,103,1.0
31029,103,1.0
31033,103,1.0
31045,103,0.01510574
31049,103,1.0
31057,103,0.829168791
31063,103,0.65474339
31069,103,1.0
31075,103,0.291832669
31087,103,1.0
31101,103,1.0
31111,103,0.016747704
31123,103,1.0
31135,103,1.0
31145,103,0.853145557
31157,103,1.0
31161,103,0.077771649
31165,103,1.0
56007,103,0.059689821
56015,103,0.000596748
56027,103,0.014855688
8057,104,1.0
8069,104,0.6816435120000001
31105,104,1.0
56001,104,1.0
56007,104,0.08803597
56015,104,0.034238401
56021,104,1.0
8029,105,1.0
8037,105,0.642657397
8045,105,1.0
8051,105,1.0
8053,105,1.0
8077,105,1.0
8085,105,1.0
8091,105,1.0
8103,105,0.586341616
8113,105,1.0
49019,105,0.014329179
8069,106,0.318356488
8075,106,1.0
8087,106,1.0
8095,106,1.0
8115,106,1.0
8121,106,1.0
8123,106,0.7532272409999999
8125,106,1.0
31057,106,0.17083120899999998
8025,107,0.317077528
8027,107,1.0
8055,107,1.0
8071,107,0.038160401000000004
8089,107,0.091932864
8101,107,1.0
9001,109,0.743701327
9003,110,0.951217577
9005,110,0.560123183
9007,110,1.0
9011,110,0.35002811899999997
9013,110,1.0
9015,110,1.0
36021,110,0.008876446999999999
36027,110,0.072917088
9001,111,0.25629867300000003
9003,111,0.048782423
9005,111,0.43987681700000003
9009,111,1.0
9011,111,0.577078184
36027,111,0.049484752
36079,111,0.79590159
36103,111,0.000123502
36119,111,0.004986534
10001,112,0.897661921
10003,112,1.0
24015,112,0.698079343
34033,112,0.720847345
11001,113,1.0
24001,113,1.0
24003,113,0.386380722
24009,113,1.0
24013,113,0.033433525
24017,113,1.0
24021,113,0.973951364
24023,113,0.160324783
24031,113,0.578125804
24033,113,0.445304239
24035,113,0.27995923899999997
24037,113,1.0
24043,113,0.993073153
42009,113,0.07578868
54027,113,0.22073659899999998
54057,113,1.0
12081,115,0.904097565
12103,116,0.551064596
12011,118,0.641000109
12085,118,1.0
12099,118,1.0
12111,118,0.6797206490000001
12015,119,0.84604257
12021,119,1.0
12043,119,1.0
12051,119,1.0
12071,119,0.9988003529999999
12115,119,0.166233931
12001,120,1.0
12007,120,1.0
12019,120,0.07053355900000001
12023,120,1.0
12029,120,1.0
12041,120,1.0
12047,120,0.145053921
12067,120,1.0
12075,120,0.896242365
12107,120,1.0
12121,120,1.0
12123,120,0.05768611
12125,120,1.0
12053,122,1.0
12101,122,0.5350492570000001
12003,123,1.0
12019,123,0.929466441
12031,123,1.0
12089,123,1.0
12109,123,1.0
13001,123,0.05018949599999999
13003,123,1.0
13005,123,1.0
13025,123,1.0
13039,123,1.0
13049,123,1.0
13065,123,0.9165424740000001
13069,123,1.0
13127,123,1.0
13155,123,0.11121372
13191,123,0.9206307659999999
13229,123,1.0
13299,123,1.0
12049,124,0.280767687
12057,124,0.055626220999999997
12105,124,0.4926104
12011,127,0.358999891
12086,127,1.0
12087,127,1.0
12017,129,1.0
12075,129,0.103757635
12083,129,1.0
12119,129,0.512431097
12009,130,1.0
12049,130,0.679899296
12055,130,1.0
12061,130,1.0
12069,130,1.0
12093,130,1.0
12095,130,1.0
12097,130,1.0
12105,130,0.5073896
12111,130,0.320279351
12117,130,1.0
12119,130,0.487568903
12127,130,0.42025218200000003
12035,131,1.0
12127,131,0.579747818
12005,133,1.0
12013,133,0.045052691
12037,133,0.600104913
12045,133,1.0
12133,133,0.959453542
1003,134,0.028281992000000002
1035,134,0.182362809
1039,134,0.746022255
1053,134,1.0
12033,134,1.0
12091,134,1.0
12113,134,1.0
12131,134,1.0
12015,137,0.15395743
12027,137,1.0
12049,137,0.039333017000000005
12071,137,0.0011996469999999999
12081,137,0.095902435
12115,137,0.833766069
12103,139,0.448935404
12013,140,0.954947309
12037,140,0.39989508700000004
12039,140,1.0
12047,140,0.8549460790000001
12065,140,1.0
12073,140,1.0
12077,140,1.0
12079,140,1.0
12123,140,0.94231389
12129,140,1.0
13019,140,1.0
13027,140,1.0
13065,140,0.08345752599999999
13071,140,1.0
13075,140,1.0
13087,140,1.0
13101,140,1.0
13131,140,1.0
13173,140,1.0
13185,140,1.0
13201,140,0.896109637
13205,140,0.451560453
13275,140,1.0
13277,140,1.0
13287,140,1.0
13321,140,0.164791235
12057,141,0.9443737790000001
12101,141,0.46495074299999994
13007,142,1.0
13037,142,1.0
13095,142,1.0
13177,142,1.0
13205,142,0.5484395470000001
13243,142,0.248052309
13249,142,1.0
13261,142,0.9683407540000001
13273,142,0.9634201590000001
13321,142,0.835208765
1017,144,0.043992700999999995
1029,144,0.207931034
1111,144,0.01889092
13011,144,1.0
13013,144,1.0
13015,144,0.7156941609999999
13035,144,1.0
13045,144,1.0
13057,144,1.0
13059,144,1.0
13063,144,1.0
13067,144,1.0
13077,144,1.0
13085,144,1.0
13089,144,1.0
13097,144,1.0
13105,144,1.0
13111,144,1.0
13113,144,1.0
13117,144,1.0
13119,144,1.0
13121,144,1.0
13123,144,1.0
13129,144,0.11726155199999999
13133,144,1.0
13135,144,1.0
13137,144,1.0
13139,144,1.0
13143,144,0.419590707
13145,144,0.170212155
13147,144,1.0
13149,144,1.0
13151,144,1.0
13157,144,1.0
13159,144,0.118217586
13171,144,0.224919764
13187,144,1.0
13195,144,1.0
13199,144,0.585220627
13207,144,0.5418162320000001
13211,144,1.0
13213,144,1.0
13217,144,1.0
13219,144,1.0
13221,144,1.0
13223,144,1.0
13227,144,1.0
13231,144,0.709019567
13237,144,1.0
13241,144,1.0
13247,144,1.0
13255,144,1.0
13257,144,1.0
13281,144,1.0
13285,144,0.8988147190000001
13291,144,1.0
13297,144,1.0
13311,144,1.0
13313,144,1.0
37039,144,0.711441144
37043,144,1.0
37113,144,0.00769874
13033,145,1.0
13073,145,1.0
13107,145,0.702632301
13125,145,1.0
13163,145,1.0
13165,145,1.0
13167,145,1.0
13181,145,1.0
13189,145,1.0
13245,145,1.0
13265,145,1.0
13301,145,1.0
13303,145,1.0
13317,145,1.0
45003,145,1.0
45005,145,1.0
45011,145,0.292638092
45037,145,1.0
45049,145,0.024473092000000002
45065,145,0.151985172
1081,146,0.21800344800000002
1113,146,1.0
13053,146,1.0
13061,146,0.155483871
13145,146,0.829787845
13197,146,1.0
13199,146,0.41477937299999995
13215,146,1.0
13239,146,1.0
13243,146,0.7519476909999999
13259,146,1.0
13263,146,1.0
13273,146,0.036579841
13307,146,1.0
13009,147,1.0
13017,147,1.0
13021,147,1.0
13023,147,1.0
13079,147,1.0
13081,147,1.0
13091,147,1.0
13093,147,1.0
13141,147,1.0
13153,147,1.0
13155,147,0.88878628
13159,147,0.881782414
13169,147,1.0
13171,147,0.775080236
13175,147,1.0
13193,147,1.0
13207,147,0.458183768
13209,147,0.013433488
13225,147,1.0
13231,147,0.290980433
13235,147,1.0
13261,147,0.031659246
13269,147,1.0
13271,147,0.839101895
13283,147,1.0
13289,147,1.0
13293,147,1.0
13309,147,1.0
13315,147,1.0
13319,147,1.0
1019,148,0.7508095220000001
1029,148,0.105862069
13015,148,0.284305839
13055,148,1.0
13115,148,1.0
13129,148,0.882738448
13143,148,0.580409293
13233,148,1.0
13001,149,0.9498105040000001
13029,149,1.0
13031,149,1.0
13043,149,1.0
13051,149,1.0
13103,149,1.0
13107,149,0.297367699
13109,149,1.0
13161,149,1.0
13179,149,1.0
13183,149,1.0
13191,149,0.079369234
13209,149,0.986566512
13251,149,1.0
13267,149,1.0
13271,149,0.160898105
13279,149,1.0
13305,149,1.0
45013,149,1.0
45049,149,0.309883364
45053,149,1.0
15001,150,1.0
15003,150,1.0
15005,150,1.0
15007,150,1.0
15009,150,1.0
16001,151,1.0
16003,151,1.0
16013,151,1.0
16015,151,1.0
16025,151,1.0
16027,151,1.0
16037,151,0.084188371
16039,151,1.0
16045,151,1.0
16047,151,1.0
16049,151,0.057558791
16053,151,1.0
16063,151,1.0
16073,151,1.0
16075,151,1.0
16083,151,1.0
16085,151,1.0
16087,151,1.0
32007,151,0.058694616
41001,151,1.0
41045,151,1.0
41061,151,0.027823743999999997
16011,152,0.9057690999999999
16019,152,0.998930386
16023,152,1.0
16033,152,1.0
16037,152,0.34727703200000004
16043,152,1.0
16051,152,1.0
16065,152,1.0
16081,152,1.0
17037,154,0.144476055
17043,154,0.063092945
17089,154,0.279935017
17093,154,0.96615972
17099,154,0.110326219
17031,155,0.161223737
17197,155,0.057017122999999996
17031,156,0.5022278720000001
17031,158,0.029561929
17043,158,0.043860917
17089,158,0.43482994799999997
17097,158,0.170116954
17111,158,0.811561277
17031,161,0.150285467
17097,161,0.19645038899999998
17043,163,0.369917706
17197,163,0.229913003
17031,164,0.004535328
17053,164,0.067953328
17063,164,0.996469158
17075,164,0.178940641
17091,164,1.0
17093,164,0.03384028
17099,164,0.032971466
17197,164,0.713069873
17031,166,0.136909908
17043,166,0.523128432
17089,166,0.277507763
17011,170,0.28527259899999996
17057,170,0.876861828
17063,170,0.003530842
17071,170,0.360892599
17073,170,0.393385425
17095,170,1.0
17099,170,0.7449417759999999
17105,170,0.199732985
17123,170,1.0
17125,170,0.345140665
17131,170,0.100752083
17143,170,1.0
17155,170,0.9018232820000001
17175,170,1.0
17179,170,1.0
17187,170,0.981510462
17203,170,0.874194933
17007,171,1.0
17011,171,0.714727401
17015,171,0.61510458
17037,171,0.855523945
17073,171,0.004930637
17085,171,0.29459871600000004
17089,171,0.0077272719999999994
17099,171,0.11176054
17103,171,1.0
17111,171,0.188438723
17141,171,1.0
17155,171,0.09817671800000001
17177,171,0.944181849
17195,171,0.838686739
17201,171,0.963740432
17001,172,1.0
17009,172,1.0
17013,172,0.01018892
17017,172,1.0
17021,172,1.0
17025,172,1.0
17035,172,0.294027377
17039,172,0.709818875
17041,172,0.272181955
17049,172,1.0
17051,172,1.0
17057,172,0.12313817199999999
17061,172,0.9422806890000001
17067,172,1.0
17071,172,0.009632365
17079,172,0.755550389
17107,172,0.910882929
17109,172,1.0
17115,172,1.0
17117,172,0.609794099
17125,172,0.654859335
17129,172,1.0
17135,172,1.0
17137,172,1.0
17139,172,1.0
17147,172,0.17214849
17149,172,0.9417833459999999
17167,172,1.0
17169,172,1.0
17171,172,1.0
17173,172,1.0
17191,172,0.028337491
29111,172,0.973170497
29127,172,0.075797212
29205,172,0.186766275
17019,173,1.0
17023,173,0.081953363
17029,173,1.0
17035,173,0.705972623
17039,173,0.246266285
17041,173,0.727818045
17045,173,1.0
17053,173,0.91781023
17075,173,0.821059359
17079,173,0.09845402800000001
17105,173,0.009095208
17113,173,0.010652888999999999
17147,173,0.82785151
17183,173,1.0
18045,173,0.490332827
18111,173,0.215550057
18165,173,0.074277136
18171,173,0.476876132
17039,175,0.04391484
17053,175,0.014236442
17105,175,0.791171808
17107,175,0.08911707099999999
17113,175,0.989347111
17203,175,0.125805067
17033,179,0.980135832
17047,179,1.0
17059,179,1.0
17065,179,1.0
17069,179,1.0
17079,179,0.145995583
17087,179,0.099330531
17101,179,1.0
17159,179,1.0
17165,179,1.0
17185,179,1.0
17191,179,0.781487878
17193,179,1.0
18025,179,0.197203159
18027,179,1.0
18037,179,0.903740305
18051,179,1.0
18083,179,1.0
18101,179,0.693793213
18123,179,1.0
18125,179,1.0
18129,179,1.0
18147,179,0.654149259
18163,179,1.0
18173,179,1.0
21101,179,1.0
21225,179,1.0
21233,179,0.7134040079999999
18001,180,1.0
18003,180,1.0
18033,180,1.0
18069,180,0.882241775
18075,180,0.8673189609999999
18085,180,0.833122945
18087,180,0.770155643
18113,180,0.7118472379999999
18151,180,1.0
18169,180,0.9183597509999999
18179,180,1.0
18183,180,1.0
39039,180,1.0
39069,180,0.14059212
39107,180,0.070560805
39125,180,1.0
39161,180,0.970579595
39171,180,1.0
18073,181,0.6007317010000001
18089,181,0.52251808
18091,181,0.411935083
18111,181,0.291587362
18127,181,1.0
18149,181,0.8548718909999999
26021,181,0.045724833
18005,183,1.0
18011,183,1.0
18013,183,1.0
18015,183,0.187858539
18017,183,1.0
18021,183,0.82208935
18023,183,0.796021387
18031,183,1.0
18041,183,1.0
18045,183,0.09846706300000001
18047,183,0.187209237
18049,183,0.070947203
18053,183,1.0
18055,183,0.8633790179999999
18057,183,1.0
18059,183,1.0
18063,183,1.0
18065,183,0.9719966959999999
18067,183,1.0
18069,183,0.117758225
18071,183,1.0
18079,183,1.0
18081,183,1.0
18093,183,1.0
18095,183,1.0
18097,183,1.0
18101,183,0.306206787
18103,183,0.942437856
18105,183,1.0
18107,183,0.9853844359999999
18109,183,1.0
18117,183,0.35557872799999996
18119,183,0.953322192
18131,183,1.0
18133,183,1.0
18135,183,0.11120996400000001
18139,183,1.0
18145,183,1.0
18159,183,1.0
18161,183,1.0
18169,183,0.081640249
18177,183,1.0
18181,183,0.745667992
39135,183,0.11147337
18007,184,1.0
18015,184,0.812141461
18023,184,0.203978613
18045,184,0.41120011
18073,184,0.399268299
18107,184,0.014615564
18111,184,0.492862581
18157,184,1.0
18171,184,0.523123868
18181,184,0.254332008
18009,185,1.0
18035,185,1.0
18065,185,0.028003304
18075,185,0.132681039
18135,185,0.888790036
39037,185,0.063333077
17031,186,0.015255758000000001
18089,186,0.47748192
18039,187,1.0
18049,187,0.929052797
18085,187,0.166877055
18087,187,0.229844357
18091,187,0.5880649170000001
18099,187,1.0
18103,187,0.057562144
18113,187,0.288152762
18141,187,1.0
18149,187,0.145128109
26021,187,0.292446534
26027,187,0.505117169
17023,188,0.918046637
17033,188,0.019864168
18021,188,0.17791065
18055,188,0.136620982
18119,188,0.046677808
18121,188,1.0
18153,188,1.0
18165,188,0.925722864
18167,188,1.0
19011,190,1.0
19019,190,0.102670935
19031,190,0.30970921
19043,190,0.38217959100000004
19055,190,0.936481879
19095,190,0.552701781
19103,190,0.025611684
19105,190,0.9520544470000001
19113,190,1.0
19157,190,0.009747406
19171,190,0.018600181
17015,191,0.38489542
17071,191,0.629475036
17073,191,0.601683938
17131,191,0.8992479170000001
17161,191,0.991260218
17187,191,0.018489538
17195,191,0.16131326099999999
19031,191,0.162124346
19045,191,1.0
19057,191,1.0
19087,191,0.18436571
19097,191,0.619573252
19105,191,0.047945552999999995
19111,191,0.022712013
19115,191,0.45012810299999995
19139,191,0.015851246
19163,191,1.0
19001,192,0.9539500340000001
19003,192,0.9156414759999999
19007,192,1.0
19009,192,0.915411145
19015,192,1.0
19025,192,1.0
19027,192,0.887757054
19039,192,1.0
19047,192,0.040334538999999996
19049,192,1.0
19051,192,1.0
19053,192,1.0
19069,192,0.012606474
19073,192,1.0
19075,192,0.18224852100000002
19077,192,1.0
19079,192,1.0
19083,192,0.82883266
19091,192,1.0
19099,192,1.0
19117,192,1.0
19121,192,1.0
19123,192,1.0
19125,192,1.0
19127,192,1.0
19135,192,1.0
19151,192,0.8310561
19153,192,1.0
19157,192,0.9780945390000001
19159,192,1.0
19161,192,0.305325802
19169,192,1.0
19171,192,0.6808005429999999
19173,192,0.8890094559999999
19175,192,1.0
19177,192,0.141647421
19181,192,1.0
19185,192,1.0
19187,192,1.0
19197,192,0.326658514
29129,192,0.283199045
29171,192,0.100556174
29197,192,0.023040321000000002
29199,192,0.8286418740000001
17085,193,0.705401284
19043,193,0.296082284
19055,193,0.063518121
19061,193,1.0
19097,193,0.380426748
55043,193,0.577194403
55065,193,0.175071
17161,194,0.008739782
19031,194,0.528166444
19087,194,0.81563429
19095,194,0.447298219
19101,194,1.0
19103,194,0.974388316
19107,194,1.0
19111,194,0.9772879870000001
19115,194,0.549871897
19139,194,0.984148754
19157,194,0.012158055
19177,194,0.8583525790000001
19179,194,1.0
19183,194,1.0
29045,194,1.0
29111,194,0.026829502999999998
19023,195,0.214226263
19033,195,1.0
19067,195,0.296457388
19069,195,0.987393526
19081,195,1.0
19109,195,0.850186233
19131,195,1.0
19147,195,0.698698805
19151,195,0.013181161
19189,195,0.986190637
19195,195,1.0
19197,195,0.673341486
19021,196,0.896690998
19035,196,1.0
19093,196,1.0
19133,196,0.200798631
19141,196,0.849659255
19149,196,1.0
19151,196,0.155762739
19161,196,0.694674198
19167,196,0.670444638
19193,196,0.984592241
31027,196,0.20299197300000002
31039,196,0.100031723
31043,196,1.0
31051,196,1.0
31173,196,1.0
31179,196,0.77770293
46027,196,0.023697807999999997
46127,196,0.87398374
19013,197,1.0
19017,197,1.0
19019,197,0.897329065
19023,197,0.7857737370000001
19065,197,0.44507933
19075,197,0.8177514790000001
19083,197,0.17116734
19171,197,0.300599276
20013,200,0.7339099990000001
20017,200,0.762840837
20027,200,0.970490547
20031,200,1.0
20041,200,0.6920821109999999
20043,200,0.21148514899999998
20045,200,0.01715478
20061,200,1.0
20073,200,0.199969045
20085,200,1.0
20087,200,0.713823683
20111,200,1.0
20117,200,0.25350974600000004
20127,200,0.984281735
20131,200,1.0
20139,200,1.0
20149,200,1.0
20161,200,1.0
20177,200,1.0
20197,200,1.0
20201,200,0.29188078100000003
8061,201,0.206349206
20001,201,0.9751886940000001
20003,201,0.265200835
20007,201,1.0
20009,201,1.0
20011,201,0.034580611000000004
20015,201,1.0
20017,201,0.237159163
20019,201,0.280128205
20025,201,1.0
20027,201,0.029509452999999998
20029,201,1.0
20033,201,1.0
20035,201,1.0
20041,201,0.307917889
20047,201,1.0
20049,201,1.0
20051,201,1.0
20053,201,1.0
20055,201,1.0
20057,201,1.0
20063,201,1.0
20065,201,1.0
20067,201,1.0
20069,201,1.0
20071,201,1.0
20073,201,0.800030955
20075,201,1.0
20077,201,1.0
20079,201,1.0
20081,201,1.0
20083,201,1.0
20089,201,0.868309859
20093,201,1.0
20095,201,1.0
20097,201,1.0
20099,201,0.8665638059999999
20101,201,1.0
20105,201,1.0
20109,201,0.756196944
20113,201,1.0
20115,201,1.0
20119,201,1.0
20123,201,1.0
20125,201,0.503998568
20127,201,0.015718265
20133,201,1.0
20135,201,1.0
20137,201,1.0
20141,201,1.0
20143,201,1.0
20145,201,1.0
20147,201,0.9529698329999999
20151,201,1.0
20155,201,1.0
20157,201,1.0
20159,201,1.0
20163,201,1.0
20165,201,1.0
20167,201,1.0
20169,201,1.0
20171,201,1.0
20173,201,1.0
20175,201,1.0
20179,201,1.0
20183,201,1.0
20185,201,1.0
20187,201,1.0
20189,201,1.0
20191,201,1.0
20195,201,1.0
20199,201,0.84773151
20201,201,0.029804728
20203,201,1.0
20205,201,1.0
20207,201,1.0
31169,201,0.09402843599999999
40003,201,0.013208494
40007,201,0.273823415
40053,201,0.021035965
40139,201,0.19558005899999997
21015,203,1.0
21023,203,0.177398303
21037,203,1.0
21077,203,0.630775154
21081,203,1.0
21117,203,1.0
21187,203,0.131171246
21191,203,1.0
21005,204,1.0
21011,204,1.0
21017,204,1.0
21021,204,1.0
21023,204,0.8226016970000001
21025,204,1.0
21043,204,0.463767084
21045,204,0.956576835
21049,204,1.0
21051,204,0.981014809
21053,204,0.007265587
21063,204,1.0
21065,204,1.0
21067,204,1.0
21069,204,0.80459694
21071,204,1.0
21073,204,1.0
21077,204,0.369224846
21079,204,1.0
21095,204,0.97024945
21097,204,1.0
21109,204,1.0
21113,204,1.0
21115,204,0.9854897220000001
21119,204,1.0
21121,204,0.979984271
21125,204,1.0
21129,204,1.0
21131,204,1.0
21133,204,0.7869616779999999
21135,204,0.167706648
21137,204,1.0
21147,204,1.0
21151,204,1.0
21153,204,1.0
21155,204,0.065738592
21159,204,0.911222636
21161,204,1.0
21165,204,1.0
21167,204,1.0
21173,204,1.0
21175,204,1.0
21181,204,1.0
21187,204,0.868828754
21189,204,1.0
21193,204,1.0
21195,204,0.968634971
21197,204,1.0
21199,204,1.0
21201,204,1.0
21203,204,1.0
21205,204,1.0
21209,204,1.0
21231,204,1.0
21235,204,1.0
21237,204,1.0
21239,204,1.0
39015,204,0.042951583
54059,204,0.014789139
18019,205,1.0
18025,205,0.8027968409999999
18037,205,0.096259695
18043,205,1.0
18061,205,1.0
18077,205,1.0
18117,205,0.644421272
18137,205,0.18448863100000001
18143,205,1.0
18155,205,0.827196908
18175,205,1.0
21001,205,1.0
21009,205,1.0
21027,205,1.0
21029,205,1.0
21041,205,1.0
21045,205,0.043423165
21053,205,0.992734413
21057,205,1.0
21085,205,1.0
21087,205,1.0
21093,205,1.0
21099,205,1.0
21103,205,1.0
21111,205,1.0
21123,205,1.0
21155,205,0.934261408
21163,205,1.0
21169,205,1.0
21171,205,1.0
21179,205,1.0
21185,205,1.0
21207,205,1.0
21211,205,1.0
21215,205,1.0
21217,205,1.0
21223,205,1.0
21229,205,1.0
18147,207,0.345850741
21059,207,1.0
21091,207,1.0
21149,207,0.838648363
21183,207,1.0
17087,208,0.7590689709999999
17127,208,1.0
17151,208,1.0
17153,208,0.29684418100000004
17199,208,0.510394322
21007,208,1.0
21033,208,1.0
21035,208,1.0
21039,208,1.0
21055,208,1.0
21075,208,0.600692042
21083,208,1.0
21105,208,1.0
21107,208,1.0
21139,208,1.0
21143,208,1.0
21145,208,1.0
21149,208,0.161351637
21157,208,1.0
21177,208,0.082052788
21221,208,1.0
21233,208,0.28659599199999997
47079,208,0.082825937
47131,208,0.155807848
22003,209,0.578242645
22009,209,1.0
22025,209,1.0
22029,209,0.593198605
22039,209,0.088930329
22043,209,1.0
22059,209,1.0
22069,209,0.021789729
22079,209,0.9989478270000001
22097,209,0.01009684
22107,209,0.573296185
22115,209,0.722432917
22005,210,1.0
22007,210,0.11845473
22033,210,1.0
22037,210,1.0
22047,210,1.0
22063,210,1.0
22077,210,1.0
22091,210,1.0
22093,210,0.058435734
22105,210,1.0
22121,210,1.0
22125,210,1.0
28005,210,0.774723718
28157,210,1.0
22007,212,0.88154527
22051,212,0.001739031
22057,212,1.0
22093,212,0.424432685
22101,212,0.43094493
22109,212,1.0
22001,213,1.0
22039,213,0.9110696709999999
22045,213,1.0
22053,213,0.766925676
22055,213,1.0
22097,213,0.98990316
22099,213,1.0
22101,213,0.56905507
22113,213,1.0
22003,214,0.421757355
22011,214,1.0
22019,214,1.0
22023,214,1.0
22053,214,0.23307432399999997
22115,214,0.277567083
48351,214,0.125413907
22051,216,0.4836136
22089,216,0.44956433
22093,216,0.517131581
22095,216,0.954120855
22103,216,0.5580077410000001
22117,216,1.0
22021,217,1.0
22035,217,0.984165135
22041,217,1.0
22067,217,1.0
22073,217,1.0
22083,217,1.0
22107,217,0.426703815
22111,217,0.73727993
22123,217,1.0
22051,218,0.51464737
22071,218,1.0
22075,218,1.0
22087,218,1.0
22089,218,0.55043567
22095,218,0.045879145
5027,219,0.075041712
22013,219,1.0
22015,219,1.0
22017,219,1.0
22027,219,1.0
22031,219,1.0
22049,219,1.0
22061,219,1.0
22069,219,0.9782102709999999
22079,219,0.001052173
22081,219,1.0
22085,219,1.0
22111,219,0.26272007
22119,219,1.0
22127,219,1.0
48203,219,0.7861042090000001
48365,219,1.0
48419,219,0.101834378
22103,220,0.441992259
28045,220,1.0
28109,220,0.78948777
23003,221,1.0
23009,221,1.0
23013,221,0.000652889
23019,221,1.0
23021,221,1.0
23025,221,0.8322302779999999
23027,221,0.612929375
23029,221,1.0
23001,222,1.0
23005,222,1.0
23007,222,1.0
23011,222,1.0
23013,222,0.999347111
23015,222,1.0
23017,222,1.0
23023,222,1.0
23025,222,0.16776972199999998
23027,222,0.387070625
23031,222,1.0
33003,222,0.395169265
33015,222,0.016276044
33017,222,1.0
24003,223,0.5811788379999999
24005,223,1.0
24011,223,1.0
24013,223,0.966566475
24015,223,0.301920657
24025,223,1.0
24027,223,0.7859276340000001
24029,223,1.0
24035,223,0.7200407609999999
24041,223,1.0
24510,223,1.0
10001,225,0.102338079
10005,225,1.0
24019,225,1.0
24039,225,1.0
24045,225,1.0
24047,225,1.0
51001,225,0.347474192
24003,226,0.032440441
24027,226,0.21407236600000001
24031,226,0.42187419600000003
24033,226,0.5546957610000001
25001,227,1.0
25005,227,0.741725338
25007,227,1.0
25009,227,1.0
25017,227,0.959221397
25019,227,1.0
25021,227,0.9633389840000001
25023,227,1.0
25025,227,1.0
25027,227,0.055728409000000007
33011,227,0.033071199
33015,227,0.179882076
44005,227,0.23257297600000001
25003,230,0.386332935
25011,230,0.865254057
25013,230,0.979381685
25015,230,0.9984189290000001
25027,230,0.013703647
36021,230,0.08236318299999999
50003,230,0.0461108
25011,231,0.134745943
25013,231,0.01752994
25017,231,0.040778603
25027,231,0.9153724940000001
26059,232,0.17451879399999998
26065,232,0.018897314
26075,232,1.0
26091,232,0.9210199259999999
26093,232,0.975113687
26125,232,0.07826526
26161,232,1.0
26163,232,0.283228358
26115,233,0.024976385
26163,233,0.282915767
26099,234,0.8943450340000001
26147,234,1.0
26151,234,0.460165201
26163,234,0.433855875
26049,235,1.0
26087,235,0.985787891
26093,235,0.024886312999999997
26125,235,0.017078753999999998
26151,235,0.122350604
26155,235,0.075817468
26157,235,0.179215645
26005,236,0.544807083
26015,236,0.7649491359999999
26067,236,0.817558131
26073,236,0.0501358
26081,236,1.0
26085,236,0.7691428570000001
26105,236,0.046630301
26107,236,0.866615835
26113,236,1.0
26117,236,0.776154734
26121,236,0.014758671000000001
26123,236,1.0
26127,236,0.21785252300000002
26133,236,1.0
26139,236,0.812081301
26165,236,0.829819703
26005,238,0.45519291700000003
26015,238,0.235050864
26023,238,1.0
26025,238,1.0
26027,238,0.494882831
26045,238,0.052210509
26059,238,0.825481206
26077,238,1.0
26149,238,1.0
26159,238,0.5954834
26035,239,1.0
26037,239,1.0
26045,239,0.947789491
26057,239,1.0
26065,239,0.981102686
26067,239,0.18244186899999998
26073,239,0.9498641999999999
26107,239,0.133384165
26111,239,0.109229185
26117,239,0.22384526600000001
26145,239,0.0071949940000000006
26155,239,0.924182532
26003,240,1.0
26013,240,1.0
26033,240,0.017688248
26041,240,1.0
26061,240,1.0
26071,240,1.0
26083,240,1.0
26095,240,1.0
26097,240,0.07560413099999999
26103,240,1.0
26109,240,0.147406289
26131,240,0.713380047
26153,240,1.0
55037,240,0.111264115
26105,242,0.882315678
26121,242,0.985241329
26127,242,0.782147477
26139,242,0.187918699
26009,243,0.167247694
26029,243,1.0
26031,243,1.0
26033,243,0.982311752
26047,243,1.0
26097,243,0.924395869
26119,243,0.6819533720000001
26137,243,1.0
26141,243,0.746606013
26125,244,0.40327954
26099,245,0.105654966
26125,245,0.501376446
26001,246,1.0
26007,246,1.0
26011,246,1.0
26017,246,1.0
26051,246,1.0
26063,246,1.0
26069,246,1.0
26087,246,0.014212108999999999
26111,246,0.890770815
26119,246,0.318046628
26129,246,1.0
26135,246,1.0
26141,246,0.253393987
26143,246,0.14712008199999999
26145,246,0.992805006
26151,246,0.417484194
26157,246,0.820784355
26021,248,0.6618286329999999
26159,248,0.40451659999999995
26009,249,0.8327523059999999
26019,249,1.0
26039,249,1.0
26055,249,1.0
26079,249,1.0
26085,249,0.23085714300000001
26089,249,1.0
26101,249,1.0
26105,249,0.071054021
26143,249,0.852879918
26165,249,0.17018029699999998
26053,250,0.9179788329999999
26131,250,0.13430096800000002
27001,250,0.034992175
27017,250,1.0
27031,250,1.0
27075,250,1.0
27115,250,0.276570005
27137,250,0.875890132
55003,250,0.845519005
55007,250,1.0
55031,250,1.0
55051,250,0.7560975609999999
55113,250,0.8203152990000001
19063,251,0.150218613
19109,251,0.047868672
19189,251,0.013809363
27001,251,0.965007825
27003,251,1.0
27011,251,0.314405488
27013,251,1.0
27015,251,1.0
27019,251,1.0
27021,251,0.591803457
27023,251,1.0
27025,251,0.20367708399999998
27035,251,1.0
27037,251,0.564490704
27041,251,0.979225096
27043,251,0.652400549
27049,251,0.102496559
27051,251,0.32001887100000004
27053,251,1.0
27059,251,0.804581999
27061,251,1.0
27065,251,1.0
27067,251,0.9663452709999999
27071,251,0.892352805
27073,251,0.472666772
27079,251,1.0
27083,251,0.077215243
27085,251,1.0
27091,251,0.978649827
27093,251,0.743810193
27095,251,1.0
27097,251,1.0
27103,251,1.0
27111,251,0.11328801599999999
27115,251,0.723429995
27121,251,0.052993806
27123,251,0.091501587
27127,251,0.8810754909999999
27129,251,1.0
27131,251,1.0
27137,251,0.12410986800000001
27139,251,1.0
27141,251,0.69576314
27143,251,1.0
27145,251,0.017967087
27149,251,1.0
27151,251,0.41576891200000005
27153,251,0.22613172199999998
27155,251,0.671252927
27159,251,0.71521376
27161,251,0.8862943090000001
27165,251,0.894879192
27171,251,0.959077664
27173,251,0.6979878509999999
46109,251,0.09160459
55005,251,0.551679673
55013,251,1.0
55017,251,0.167393064
55033,251,0.9868334129999999
55035,251,1.0
55093,251,0.11358629599999999
55095,251,0.08477301
55109,251,0.04322132
55121,251,0.213994744
55129,251,0.790980302
19037,253,1.0
19067,253,0.703542612
19089,253,1.0
19191,253,0.042761238
27037,253,0.00281937
27039,253,1.0
27043,253,0.347599451
27045,253,0.664405033
27047,253,1.0
27049,253,0.8975034409999999
27099,253,1.0
27109,253,1.0
27147,253,1.0
27157,253,1.0
27161,253,0.113705691
27169,253,0.176489443
55011,253,0.355784134
55033,253,0.013166586999999999
55091,253,1.0
55093,253,0.112248049
27009,254,1.0
27021,254,0.10834511
27041,254,0.020774904
27067,254,0.033654729
27093,254,0.256189807
27121,254,0.9470061940000001
27141,254,0.30423686
27145,254,0.982032913
27151,254,0.584231088
27153,254,0.773868278
27171,254,0.040922336000000004
27025,256,0.7963229159999999
27037,256,0.432689926
27059,256,0.195418001
27123,256,0.908498413
27163,256,1.0
55093,256,0.774165654
55095,256,0.91522699
55109,256,0.95677868
28047,257,1.0
28031,258,1.0
28035,258,1.0
28041,258,0.206253152
28061,258,0.8159756229999999
28065,258,0.25588020899999997
28067,258,1.0
28073,258,1.0
28109,258,0.21051223
28111,258,1.0
28129,258,0.475400417
28131,258,1.0
28153,258,1.0
22029,259,0.406801395
22035,259,0.015834865
22065,259,1.0
28001,259,1.0
28005,259,0.225276282
28007,259,1.0
28015,259,1.0
28019,259,1.0
28021,259,1.0
28029,259,1.0
28037,259,1.0
28049,259,1.0
28051,259,1.0
28053,259,1.0
28055,259,1.0
28063,259,1.0
28065,259,0.7441197909999999
28077,259,1.0
28079,259,1.0
28083,259,1.0
28085,259,1.0
28089,259,1.0
28091,259,1.0
28097,259,0.776601196
28113,259,1.0
28121,259,1.0
28123,259,1.0
28125,259,1.0
28127,259,1.0
28129,259,0.524599583
28133,259,1.0
28135,259,0.035501193
28147,259,1.0
28149,259,1.0
28155,259,0.058521653
28159,259,1.0
28163,259,1.0
1023,260,1.0
1119,260,0.867988062
28023,260,1.0
28061,260,0.184024377
28069,260,1.0
28075,260,1.0
28099,260,1.0
28101,260,1.0
28103,260,1.0
28013,261,1.0
28017,261,0.45250800399999996
28043,261,1.0
28071,261,1.0
28093,261,0.041145847
28097,261,0.22339880399999998
28107,261,0.801826588
28135,261,0.499552506
28155,261,0.13117853599999998
28161,261,1.0
1059,262,0.024636228
1075,262,0.29261796
1093,262,0.386833253
1107,262,0.103460056
28009,262,0.259227677
28017,262,0.547491996
28025,262,1.0
28057,262,1.0
28081,262,1.0
28087,262,1.0
28093,262,0.08419439199999999
28095,262,1.0
28105,262,1.0
28115,262,1.0
28117,262,1.0
28139,262,0.054538866
28141,262,0.227756732
28145,262,0.894522501
28155,262,0.8102998109999999
17003,263,1.0
17077,263,0.315108289
17087,263,0.14160049800000002
17153,263,0.703155819
17181,263,1.0
29017,263,0.999565369
29031,263,1.0
29123,263,0.118610193
29133,263,1.0
29143,263,0.797850163
29155,263,0.68501603
29157,263,1.0
29201,263,1.0
29207,263,0.777736786
17149,264,0.05821665400000001
29001,264,1.0
29007,264,1.0
29015,264,0.19090036300000002
29019,264,1.0
29027,264,1.0
29029,264,0.970971147
29033,264,0.024637044
29041,264,1.0
29051,264,1.0
29053,264,1.0
29073,264,0.5129595020000001
29089,264,1.0
29103,264,1.0
29115,264,0.925747705
29121,264,1.0
29125,264,0.89725927
29127,264,0.924202788
29131,264,1.0
29135,264,1.0
29137,264,1.0
29139,264,0.815430815
29141,264,1.0
29151,264,1.0
29159,264,1.0
29163,264,0.060668547999999996
29171,264,0.899443826
29173,264,1.0
29175,264,1.0
29195,264,1.0
29197,264,0.976959679
29199,264,0.17135812600000003
29205,264,0.813233725
29211,264,0.9800335309999999
20001,267,0.024811306
20011,267,0.965419389
20021,267,1.0
20037,267,1.0
20099,267,0.09013537699999999
20107,267,0.560323069
29009,267,0.019522501
29011,267,0.88034262
29013,267,0.063076427
29039,267,0.049720142
29097,267,1.0
29109,267,0.024984732000000003
29119,267,0.721522942
29145,267,1.0
29217,267,0.92228583
40035,267,0.19056762300000002
40041,267,0.754563895
40115,267,1.0
20003,268,0.734799165
20005,268,1.0
20013,268,0.266090001
20043,268,0.788514851
20045,268,0.98284522
20059,268,1.0
20087,268,0.286176317
20091,268,1.0
20103,268,1.0
20107,268,0.439676931
20121,268,1.0
20209,268,1.0
29003,268,1.0
29013,268,0.936923573
29015,268,0.809099637
29021,268,1.0
29025,268,1.0
29033,268,0.9753629559999999
29037,268,1.0
29047,268,1.0
29049,268,1.0
29061,268,1.0
29063,268,1.0
29075,268,1.0
29079,268,1.0
29081,268,1.0
29083,268,1.0
29085,268,0.124867163
29087,268,0.854648526
29095,268,1.0
29101,268,1.0
29107,268,1.0
29115,268,0.074252295
29117,268,1.0
29129,268,0.716800955
29147,268,0.987198424
29165,268,1.0
29177,268,1.0
29185,268,1.0
29211,268,0.019966469
29227,268,1.0
5005,270,0.998540182
5015,270,0.278180551
5049,270,0.60161259
5089,270,0.9842382959999999
5129,270,0.093523551
5135,270,0.149495472
29009,270,0.902947465
29011,270,0.11965738
29029,270,0.029028852999999997
29039,270,0.9502798579999999
29043,270,1.0
29057,270,1.0
29059,270,1.0
29067,270,1.0
29077,270,1.0
29085,270,0.875132837
29091,270,1.0
29105,270,1.0
29109,270,0.9750152679999999
29149,270,1.0
29153,270,1.0
29161,270,0.000988865
29167,270,1.0
29169,270,0.141621401
29203,270,1.0
29209,270,1.0
29213,270,1.0
29215,270,1.0
29217,270,0.07771417
29225,270,1.0
29229,270,1.0
5021,273,0.32039091399999997
17005,273,1.0
17013,273,0.98981108
17027,273,1.0
17055,273,1.0
17061,273,0.057719310999999995
17077,273,0.6848917109999999
17081,273,1.0
17083,273,1.0
17117,273,0.390205901
17119,273,1.0
17121,273,1.0
17133,273,1.0
17145,273,1.0
17157,273,1.0
17163,273,1.0
17189,273,1.0
17191,273,0.190174631
17199,273,0.489605678
29017,273,0.000434631
29023,273,1.0
29035,273,1.0
29055,273,1.0
29065,273,1.0
29069,273,0.37033530299999995
29071,273,1.0
29073,273,0.487040498
29093,273,1.0
29099,273,1.0
29113,273,1.0
29123,273,0.881389807
29125,273,0.10274073
29139,273,0.184569185
29143,273,0.098631922
29161,273,0.999011135
29163,273,0.939331452
29169,273,0.858378599
29179,273,1.0
29181,273,1.0
29183,273,1.0
29186,273,1.0
29187,273,1.0
29189,273,1.0
29207,273,0.222263214
29219,273,1.0
29221,273,1.0
29223,273,1.0
29510,273,1.0
30003,274,1.0
30005,274,0.011984436000000001
30007,274,1.0
30009,274,1.0
30011,274,0.727692308
30017,274,1.0
30019,274,1.0
30021,274,1.0
30025,274,1.0
30027,274,0.993486214
30031,274,1.0
30033,274,1.0
30037,274,1.0
30043,274,1.0
30045,274,0.438224912
30049,274,0.9659550509999999
30055,274,1.0
30057,274,0.281966332
30059,274,1.0
30065,274,1.0
30067,274,1.0
30069,274,1.0
30071,274,0.051863493
30075,274,1.0
30077,274,0.086431879
30079,274,1.0
30083,274,1.0
30085,274,0.9150365709999999
30087,274,1.0
30091,274,1.0
30095,274,1.0
30097,274,1.0
30103,274,1.0
30105,274,1.0
30107,274,1.0
30109,274,1.0
30111,274,1.0
38053,274,0.013111053000000001
56003,274,1.0
56005,274,1.0
56029,274,1.0
56033,274,0.963328258
56043,274,1.0
30005,275,0.988015564
30013,275,1.0
30015,275,1.0
30027,275,0.006513786
30035,275,1.0
30041,275,1.0
30045,275,0.561775088
30049,275,0.034044949
30051,275,1.0
30071,275,0.9481365070000001
30073,275,1.0
30099,275,1.0
30101,275,1.0
16037,276,0.568534596
16059,276,1.0
30001,276,1.0
30023,276,1.0
30029,276,1.0
30039,276,1.0
30047,276,1.0
30053,276,1.0
30057,276,0.718033668
30061,276,1.0
30063,276,1.0
30077,276,0.913568121
30081,276,1.0
30089,276,0.8818965520000001
30093,276,1.0
20089,277,0.13169014099999998
20117,277,0.746490254
20147,277,0.047030167000000005
20201,277,0.678314491
31001,277,1.0
31009,277,0.871485944
31023,277,1.0
31025,277,0.282313716
31031,277,0.9394441379999999
31035,277,1.0
31041,277,0.854628781
31047,277,0.9822632290000001
31059,277,1.0
31061,277,0.67177814
31063,277,0.34525661
31065,277,1.0
31067,277,1.0
31073,277,1.0
31075,277,0.708167331
31081,277,0.859016393
31083,277,1.0
31085,277,1.0
31091,277,1.0
31095,277,1.0
31097,277,1.0
31099,277,0.050813683
31109,277,1.0
31111,277,0.983252296
31113,277,1.0
31117,277,1.0
31129,277,1.0
31131,277,0.36429132799999997
31133,277,1.0
31137,277,1.0
31143,277,0.111476083
31145,277,0.146854443
31147,277,0.221712728
31151,277,1.0
31155,277,0.436441908
31159,277,1.0
31169,277,0.905971564
31171,277,1.0
31175,277,0.138201988
31181,277,1.0
31185,277,1.0
19001,278,0.046049966
19003,278,0.084358524
19009,278,0.084588855
19027,278,0.112242946
19029,278,1.0
19047,278,0.9596654609999999
19071,278,1.0
19085,278,1.0
19129,278,1.0
19133,278,0.799201369
19137,278,1.0
19145,278,1.0
19155,278,1.0
19165,278,1.0
19173,278,0.11099054400000001
19193,278,0.015407758999999998
29005,278,1.0
29087,278,0.145351474
29147,278,0.012801576
31003,278,1.0
31009,278,0.128514056
31011,278,1.0
31015,278,0.8610846809999999
31017,278,1.0
31019,278,1.0
31021,278,1.0
31025,278,0.717686284
31027,278,0.28691316
31031,278,0.017301675
31037,278,1.0
31039,278,0.899968277
31041,278,0.145371219
31047,278,0.017736771000000002
31053,278,1.0
31055,278,1.0
31061,278,0.32822186
31071,278,1.0
31077,278,1.0
31079,278,1.0
31081,278,0.14098360699999998
31089,278,1.0
31093,278,1.0
31099,278,0.949186317
31103,278,0.810419682
31107,278,0.623072657
31115,278,1.0
31119,278,1.0
31121,278,1.0
31125,278,1.0
31127,278,1.0
31131,278,0.635708672
31139,278,1.0
31141,278,1.0
31143,278,0.888523917
31147,278,0.778287272
31149,278,1.0
31153,278,1.0
31155,278,0.5635580920000001
31163,278,1.0
31167,278,1.0
31175,278,0.8617980120000001
31177,278,1.0
31179,278,0.22229707
31183,278,1.0
4015,279,0.317410651
6027,279,0.138014155
6071,279,0.002588502
32003,279,1.0
32017,279,0.29822187899999997
32023,279,0.8838925559999999
6003,280,0.932142857
6017,280,0.004325107
6027,280,0.855164632
6035,280,0.8789375
6049,280,0.700915141
6051,280,1.0
6057,280,0.19317211899999998
6061,280,0.022865782
6063,280,0.726192567
6091,280,0.9236977259999999
32001,280,1.0
32005,280,0.882652435
32009,280,1.0
32011,280,0.731034483
32013,280,1.0
32015,280,1.0
32019,280,1.0
32021,280,1.0
32023,280,0.109254675
32027,280,1.0
32029,280,1.0
32031,280,1.0
32510,280,1.0
33005,281,0.851946502
33007,281,1.0
33009,281,0.695740095
33013,281,0.09383914800000001
33019,281,0.9723528570000001
50001,281,0.018150146000000002
50003,281,0.026776721
50005,281,0.916836854
50009,281,1.0
50017,281,0.77442193
50019,281,0.8884998159999999
50021,281,0.006064111
50023,281,0.011342631
50025,281,0.89567991
50027,281,1.0
33001,282,1.0
33003,282,0.604830735
33005,282,0.148053498
33009,282,0.304259905
33011,282,0.9669288009999999
33013,282,0.9061608520000001
33015,282,0.80384188
33019,282,0.027647143
34001,283,1.0
34005,283,0.959043023
34007,283,1.0
34009,283,1.0
34011,283,1.0
34015,283,0.454889592
34025,283,0.99026406
34029,283,1.0
34033,283,0.279152655
34003,284,0.75507393
34017,284,0.42070289899999996
34031,284,0.30698818699999997
36087,284,0.553576614
34013,285,0.025397577
34023,285,0.047321389000000005
34027,285,0.901581418
34035,285,0.23621282300000002
34037,285,0.983975295
34039,285,0.37215822600000004
34041,285,0.437894073
36071,285,0.05323778
36105,285,0.058517965
42103,285,0.48255330700000004
34021,288,0.300329305
34023,288,0.9007667659999999
34035,288,0.763787177
34003,289,0.016907545
34013,289,0.974602423
34017,289,0.579297101
34023,289,0.051911845
34039,289,0.627841774
34003,291,0.02162583
34027,291,0.09841858199999999
34031,291,0.6556463539999999
34003,292,0.206392695
34031,292,0.037365459
34037,292,0.016024705
36071,292,0.323406849
36087,292,0.44642338600000003
4001,293,0.7592083270000001
4017,293,0.042230200999999995
8007,293,1.0
8033,293,1.0
8067,293,1.0
8083,293,1.0
8111,293,1.0
35001,293,1.0
35003,293,1.0
35005,293,1.0
35006,293,1.0
35007,293,1.0
35011,293,0.9723300970000001
35015,293,0.326298955
35017,293,1.0
35019,293,1.0
35021,293,0.658476658
35023,293,1.0
35025,293,0.000385021
35027,293,1.0
35028,293,1.0
35031,293,1.0
35033,293,1.0
35035,293,0.051679052999999996
35037,293,0.011356844
35039,293,1.0
35043,293,1.0
35045,293,1.0
35047,293,1.0
35049,293,1.0
35053,293,1.0
35055,293,1.0
35057,293,1.0
35059,293,0.975047529
35061,293,1.0
49037,293,0.18945449399999997
25003,295,0.613667065
25013,295,0.003088375
25015,295,0.001581071
36001,295,1.0
36017,295,0.10497687300000001
36021,295,0.90876037
36025,295,0.410283492
36027,295,0.87759816
36031,295,0.074048987
36035,295,0.986966563
36039,295,1.0
36041,295,0.714748307
36043,295,0.096487796
36057,295,0.908585311
36077,295,0.305451049
36083,295,1.0
36091,295,1.0
36093,295,1.0
36095,295,0.937481882
36105,295,0.708105414
36111,295,0.819661309
36113,295,0.986715372
36115,295,0.990448842
50003,295,0.9136541690000001
50025,295,0.10432009
36007,296,1.0
36017,296,0.752744526
36025,296,0.589716508
36077,296,0.6945489509999999
36095,296,0.062518118
36105,296,0.033122139
36107,296,0.540889498
42115,296,0.416268889
42127,296,0.007197069
36005,297,0.935304259
36119,297,0.108325083
36003,299,0.264927234
36009,299,0.8992244909999999
36013,299,0.333931329
36029,299,1.0
36037,299,0.93915458
36051,299,0.005711022
36063,299,1.0
36073,299,0.722473417
36121,299,0.435195255
42083,299,0.080800289
42105,299,0.156478076
36015,300,0.9713483409999999
36035,300,0.013033437
36041,300,0.09685016199999999
36043,300,0.9035122040000001
36049,300,0.026627451
36057,300,0.09141468900000001
36065,300,0.668613126
36097,300,0.759430974
42015,300,0.057373147
42117,300,0.046380415
36059,301,0.964139234
36081,301,0.8733028509999999
36103,301,0.999876498
36005,303,0.064695741
36047,303,1.0
36059,303,0.035860766
36061,303,1.0
36081,303,0.126697149
36085,303,1.0
36003,304,0.7350727659999999
36011,304,0.026524847
36037,304,0.06084542
36051,304,0.9942889779999999
36055,304,1.0
36069,304,1.0
36073,304,0.277526583
36099,304,1.0
36101,304,0.5657202170000001
36107,304,0.020364178
36109,304,0.93248179
36117,304,1.0
36121,304,0.564804745
36123,304,1.0
36011,307,0.973475153
36017,307,0.142278602
36023,307,1.0
36045,307,1.0
36049,307,0.973372549
36053,307,1.0
36065,307,0.331386874
36067,307,1.0
36075,307,1.0
36089,307,0.40523215799999995
36109,307,0.06751821
36071,308,0.62335537
36079,308,0.20409841
36105,308,0.156900555
36111,308,0.18033869100000002
36119,308,0.886688383
37011,309,0.81748161
37021,309,1.0
37027,309,0.014538812
37039,309,0.28855885600000003
37075,309,1.0
37087,309,1.0
37089,309,1.0
37099,309,1.0
37111,309,1.0
37113,309,0.99230126
37115,309,1.0
37121,309,1.0
37149,309,0.146852475
37173,309,1.0
37175,309,1.0
37189,309,0.060040284000000006
37199,309,1.0
37007,311,1.0
37023,311,0.703206497
37025,311,1.0
37045,311,1.0
37071,311,1.0
37097,311,0.451653575
37109,311,1.0
37119,311,1.0
37153,311,0.8396155679999999
37159,311,0.950337157
37161,311,1.0
37167,311,1.0
37179,311,1.0
45023,311,0.155831857
45025,311,0.319320846
45055,311,0.001553226
45057,311,1.0
45091,311,1.0
37001,312,1.0
37033,312,1.0
37037,312,0.532084189
37063,312,0.996916777
37077,312,1.0
37085,312,0.042541148
37093,312,1.0
37105,312,1.0
37123,312,0.408078856
37125,312,1.0
37135,312,1.0
37145,312,1.0
37153,312,0.160384432
37155,312,0.9312576570000001
37165,312,1.0
37181,312,1.0
37185,312,1.0
51037,312,0.371475435
51083,312,1.0
51089,312,1.0
51117,312,0.41481902600000004
51143,312,0.669910639
51590,312,1.0
37037,313,0.433324119
37057,313,0.06532924
37081,313,0.774147225
37123,313,0.591921144
37151,313,0.707329643
37157,313,1.0
37013,314,1.0
37015,314,1.0
37031,314,1.0
37041,314,1.0
37049,314,1.0
37061,314,0.7129145290000001
37065,314,0.570496392
37073,314,0.26028561699999997
37079,314,1.0
37083,314,0.01916991
37091,314,1.0
37095,314,0.886519115
37103,314,1.0
37107,314,1.0
37117,314,1.0
37131,314,0.213073005
37133,314,0.9495536109999999
37137,314,1.0
37147,314,1.0
37177,314,1.0
37187,314,1.0
37195,314,0.036483349
37003,315,0.688658465
37023,315,0.296793503
37027,315,0.9854611879999999
37035,315,1.0
37037,318,0.034591692
37051,318,1.0
37061,318,0.08779621
37063,318,0.003083223
37065,318,0.429503608
37069,318,1.0
37083,318,0.98083009
37085,318,0.957458852
37101,318,1.0
37127,318,1.0
37131,318,0.786926995
37155,318,0.068742343
37163,318,1.0
37183,318,1.0
37191,318,1.0
37195,318,0.963516651
37017,319,1.0
37019,319,0.8799947840000001
37047,319,0.8138081309999999
37061,319,0.19928926100000002
37129,319,1.0
37133,319,0.050446389
37141,319,1.0
37003,320,0.311341535
37005,320,1.0
37009,320,0.9132694140000001
37057,320,0.93467076
37059,320,1.0
37067,320,1.0
37081,320,0.225852775
37097,320,0.548346425
37151,320,0.292670357
37159,320,0.049662843
37169,320,1.0
37171,320,1.0
37193,320,1.0
37197,320,1.0
51035,320,0.926930481
51077,320,0.8742685029999999
51141,320,1.0
51640,320,1.0
38001,321,1.0
38007,321,1.0
38011,321,1.0
38015,321,1.0
38021,321,0.10384615400000001
38025,321,1.0
38029,321,1.0
38033,321,1.0
38037,321,1.0
38041,321,1.0
38043,321,1.0
38047,321,0.7155907429999999
38051,321,1.0
38053,321,0.9229834159999999
38055,321,0.578165939
38057,321,1.0
38059,321,1.0
38065,321,1.0
38083,321,1.0
38085,321,1.0
38087,321,1.0
38089,321,1.0
38093,321,0.022370837999999997
38103,321,0.656338028
46021,321,1.0
46031,321,1.0
46041,321,0.919720497
46045,321,0.305933727
46063,321,0.222222222
46089,321,0.643356643
46105,321,1.0
46107,321,0.261243645
46129,321,1.0
27005,322,1.0
27007,322,1.0
27021,322,0.299851433
27027,322,1.0
27029,322,1.0
27051,322,0.6799811290000001
27057,322,1.0
27071,322,0.092599738
27087,322,1.0
27089,322,0.40489361700000004
27107,322,1.0
27111,322,0.8867119840000001
27113,322,1.0
27119,322,0.17416698600000002
27125,322,0.46009389700000003
27135,322,0.01606883
27155,322,0.328747073
27159,322,0.28478624
27167,322,1.0
38003,322,1.0
38005,322,0.718124813
38017,322,1.0
38021,322,0.564102564
38027,322,1.0
38031,322,1.0
38035,322,0.015745174
38039,322,1.0
38045,322,1.0
38047,322,0.28440925699999997
38071,322,0.953498257
38073,322,1.0
38077,322,1.0
38081,322,1.0
38091,322,1.0
38093,322,0.977629162
38097,322,0.861603253
38103,322,0.34366197200000004
46091,322,0.91172735
46109,322,0.689450372
27069,323,1.0
27071,323,0.015047457
27077,323,1.0
27089,323,0.595106383
27119,323,0.8258330140000001
27125,323,0.539906103
27135,323,0.98393117
38019,323,1.0
38035,323,0.9842548259999999
38063,323,1.0
38067,323,1.0
38071,323,0.046501743
38079,323,0.74656853
38095,323,1.0
38097,323,0.138396747
38099,323,1.0
30085,324,0.08496342900000001
38005,324,0.28187518699999997
38009,324,1.0
38013,324,1.0
38023,324,1.0
38049,324,1.0
38053,324,0.063905531
38055,324,0.42183406100000004
38061,324,1.0
38069,324,1.0
38075,324,1.0
38079,324,0.25343147
38101,324,1.0
38105,324,1.0
39055,325,0.00103543
39099,325,0.005507625
39103,325,0.184072113
39133,325,0.833241527
39153,325,0.9032248620000001
39169,325,0.15540474699999998
39019,326,0.991742055
39029,326,0.038460827999999996
39067,326,0.055964267000000005
39075,326,0.8942971390000001
39099,326,0.037834423
39103,326,0.045974008
39151,326,1.0
39157,326,0.920201965
39169,326,0.8445952529999999
18029,327,1.0
18047,327,0.812790763
18115,327,1.0
18137,327,0.8155113690000001
18155,327,0.172803092
39001,327,0.941795148
39015,327,0.957048417
39017,327,0.717969918
39025,327,1.0
39027,327,1.0
39061,327,1.0
39071,327,0.796477495
39131,327,0.019350085
39135,327,0.17257342
39165,327,0.6749709509999999
39005,328,0.077972158
39007,328,0.673264524
39035,328,1.0
39043,328,0.8007110590000001
39055,328,0.99896457
39077,328,0.7417147740000001
39085,328,1.0
39093,328,0.185574126
39103,328,0.7699538779999999
39123,328,0.00988266
39133,328,0.113549995
39143,328,0.368854092
39147,328,0.001210513
39153,328,0.09677513800000001
39155,328,0.019809689
21069,329,0.19540306
21089,329,0.196687875
21135,329,0.832293352
39001,329,0.058204852
39005,329,0.922027842
39009,329,0.922466676
39011,329,0.005687598
39013,329,0.150695271
39031,329,1.0
39033,329,0.997680184
39041,329,1.0
39045,329,1.0
39047,329,1.0
39049,329,1.0
39053,329,1.0
39059,329,1.0
39065,329,0.659933985
39067,329,0.149829217
39071,329,0.203522505
39073,329,1.0
39075,329,0.105702861
39077,329,0.25828522600000003
39079,329,1.0
39083,329,1.0
39089,329,1.0
39091,329,0.9799190409999999
39097,329,1.0
39101,329,1.0
39105,329,0.8397297420000001
39111,329,0.715970696
39115,329,1.0
39117,329,1.0
39119,329,1.0
39121,329,1.0
39127,329,1.0
39129,329,1.0
39131,329,0.980649915
39139,329,1.0
39141,329,1.0
39145,329,1.0
39147,329,0.035154631
39157,329,0.079798035
39159,329,1.0
39163,329,1.0
39167,329,0.804007052
39175,329,0.7279414909999999
54107,329,0.07471874099999999
39003,330,1.0
39011,330,0.994312402
39021,330,1.0
39023,330,1.0
39037,330,0.936666923
39057,330,0.517330054
39065,330,0.340066015
39091,330,0.020080959
39107,330,0.929439195
39109,330,1.0
39113,330,0.64569965
39135,330,0.715953211
39137,330,1.0
39149,330,1.0
39161,330,0.029420405
39043,331,0.19928894100000002
39093,331,0.8144258740000001
39017,332,0.282030082
39057,332,0.482669946
39113,332,0.35430035
39165,332,0.32502904899999996
26091,334,0.078980074
26115,334,0.975023615
39033,334,0.002319816
39051,334,1.0
39063,334,1.0
39069,334,0.85940788
39095,334,1.0
39123,334,0.99011734
39143,334,0.6311459079999999
39147,334,0.963634856
39173,334,1.0
39175,334,0.272058509
39007,335,0.140597042
39019,335,0.008257945
39029,335,0.667975172
39099,335,0.956657952
39133,335,0.053208477000000004
39155,335,0.980190311
42073,335,0.763966815
42085,335,0.434014722
40015,336,0.531146879
40019,336,0.00081676
40031,336,1.0
40033,336,0.8235488129999999
40067,336,0.578487448
40075,336,0.33891393
40137,336,0.985683704
40141,336,0.8528932359999999
40003,339,0.986791506
40005,339,0.909629513
40007,339,0.645274212
40009,339,1.0
40011,339,1.0
40015,339,0.46885312100000004
40017,339,1.0
40019,339,0.99918324
40027,339,1.0
40029,339,0.13701698699999998
40039,339,1.0
40043,339,1.0
40045,339,1.0
40047,339,1.0
40049,339,1.0
40051,339,1.0
40053,339,0.978964035
40055,339,1.0
40057,339,1.0
40059,339,1.0
40063,339,0.864843582
40065,339,1.0
40067,339,0.335716555
40069,339,0.943756934
40071,339,1.0
40073,339,1.0
40075,339,0.66108607
40081,339,0.8879764490000001
40083,339,0.9609412829999999
40085,339,1.0
40087,339,1.0
40093,339,1.0
40095,339,1.0
40099,339,1.0
40103,339,0.768541609
40107,339,0.269657341
40109,339,1.0
40123,339,1.0
40125,339,1.0
40127,339,0.866065172
40129,339,1.0
40133,339,1.0
40137,339,0.014316296000000001
40141,339,0.147106764
40149,339,1.0
40151,339,1.0
40153,339,1.0
48295,339,0.503192107
20019,340,0.719871795
20099,340,0.043300816
20125,340,0.496001432
40001,340,0.6607977629999999
40005,340,0.023540564
40021,340,1.0
40029,340,0.862983013
40035,340,0.809432377
40037,340,1.0
40041,340,0.05467557
40063,340,0.135156418
40081,340,0.112023551
40083,340,0.039058717
40091,340,1.0
40097,340,1.0
40101,340,1.0
40103,340,0.231458391
40105,340,1.0
40107,340,0.7303426590000001
40111,340,1.0
40113,340,1.0
40117,340,1.0
40119,340,1.0
40121,340,0.953385154
40127,340,0.127452698
40131,340,1.0
40135,340,0.078562845
40143,340,1.0
40145,340,1.0
40147,340,1.0
41013,341,1.0
41017,341,1.0
41023,341,1.0
41025,341,1.0
41031,341,1.0
41035,341,0.019094778
41037,341,0.233257518
41065,341,0.014647931999999999
41069,341,0.48707197799999996
41003,342,1.0
41011,342,1.0
41015,342,0.12009597
41019,342,0.982597576
41035,342,0.005384913000000001
41039,342,1.0
41041,342,0.026604582
41043,342,0.983298235
41047,342,0.019332561
6015,343,1.0
6049,343,0.09608985
6093,343,0.610852399
41015,343,0.87990403
41019,343,0.017402424
41029,343,1.0
41033,343,1.0
41035,343,0.9755203090000001
41037,343,0.7667424820000001
41005,344,1.0
41007,344,1.0
41009,344,1.0
41021,344,1.0
41027,344,1.0
41041,344,0.973395418
41047,344,0.204448612
41049,344,1.0
41051,344,1.0
41053,344,0.025867674
41055,344,1.0
41057,344,1.0
41059,344,0.8190004679999999
41061,344,0.9721762559999999
41065,344,0.985352068
41067,344,1.0
41069,344,0.512928022
41071,344,1.0
53005,344,0.000754549
53011,344,1.0
53015,344,1.0
53039,344,0.9907039129999999
53041,344,0.018105209
53049,344,0.553037259
53059,344,1.0
53069,344,1.0
41043,345,0.016701765
41047,345,0.776218827
41053,345,0.974132326
34019,346,0.116953109
34041,346,0.5621059270000001
42011,346,0.043089617000000004
42017,346,0.135101554
42025,346,0.9946375679999999
42077,346,1.0
42079,346,0.195633274
42089,346,0.955157138
42091,346,0.098520994
42095,346,1.0
42103,346,0.16919136199999998
42107,346,0.164946801
42009,347,0.869998743
42013,347,1.0
42021,347,0.12055537
42027,347,0.062520642
42033,347,0.691448594
42057,347,0.03021978
42061,347,0.9138441159999999
42087,347,0.001969494
42027,350,0.9374793579999999
42035,350,1.0
42037,350,0.9886801059999999
42061,350,0.045241775
42079,350,0.04202680599999999
42081,350,1.0
42093,350,1.0
42097,350,1.0
42109,350,0.919109057
42113,350,0.428963624
42117,350,0.029884288
42119,350,1.0
36009,351,0.100775509
36013,351,0.666068671
39007,351,0.186138434
42023,351,1.0
42031,351,0.08588380699999999
42039,351,1.0
42047,351,0.860434893
42049,351,1.0
42053,351,0.992104944
42083,351,0.919199711
42085,351,0.405138875
42105,351,0.732994687
42121,351,1.0
42123,351,1.0
24021,352,0.026048636
24043,352,0.006926847
42001,352,0.5690170529999999
42011,352,0.009304451
42041,352,1.0
42043,352,1.0
42055,352,1.0
42057,352,0.96978022
42061,352,0.040914109
42067,352,1.0
42075,352,1.0
42087,352,0.998030506
42099,352,1.0
42107,352,0.002104251
42109,352,0.08089094299999999
42133,352,0.08445272300000001
42009,354,0.054212577000000005
42021,354,0.87944463
42033,354,0.011666973
42063,354,0.081804508
42111,354,0.984656874
42129,354,0.012332961000000002
42029,355,0.30107654699999997
42071,355,1.0
34005,356,0.040956977
34015,356,0.545110408
34019,356,0.8830468909999999
34021,356,0.699670695
34025,356,0.00973594
42017,356,0.864898446
42029,356,0.655610719
42045,356,1.0
42091,356,0.822441141
42101,356,1.0
39013,357,0.8493047290000001
39029,357,0.293564
39067,357,0.7942065159999999
39081,357,1.0
39111,357,0.284029304
42003,357,1.0
42005,357,1.0
42007,357,1.0
42019,357,1.0
42031,357,0.914116193
42033,357,0.296884433
42047,357,0.139565107
42051,357,0.974926195
42053,357,0.007895056
42059,357,0.006446608
42063,357,0.9181954920000001
42065,357,1.0
42073,357,0.236033185
42085,357,0.160846403
42111,357,0.015343126
42125,357,0.997014967
42129,357,0.9876670390000001
54009,357,1.0
54029,357,1.0
54051,357,1.0
54069,357,1.0
54095,357,0.36570727
54103,357,0.92278856
42011,358,0.947605932
42029,358,0.043312734000000006
42037,358,0.011319893999999999
42091,358,0.079037865
42107,358,0.832948948
36015,359,0.028651659
36097,359,0.24056902600000002
36101,359,0.434279783
36107,359,0.43874632399999997
42015,359,0.9426268529999999
42105,359,0.11052723800000001
42113,359,0.571036376
42115,359,0.09729676300000001
42117,359,0.923735297
42131,359,0.699931868
36105,360,0.043353928
42069,360,1.0
42079,360,0.021014988999999998
42103,360,0.348255331
42115,360,0.48643434799999996
42127,360,0.9928029309999999
42131,360,0.17979703800000002
42025,362,0.0053624319999999994
42079,362,0.741324931
42089,362,0.044842862000000004
42131,362,0.12027109400000001
42001,363,0.430982947
42133,363,0.915547277
9011,364,0.07289369700000001
25005,364,0.258274662
25021,364,0.036661016
25027,364,0.015195449
44001,364,1.0
44003,364,1.0
44005,364,0.7674270240000001
44007,364,1.0
44009,364,1.0
37019,365,0.120005216
45015,365,1.0
45019,365,1.0
45029,365,1.0
45035,365,1.0
45043,365,1.0
45049,365,0.665643544
45051,365,0.881896699
45075,365,0.11454276199999999
45001,366,1.0
45009,366,1.0
45011,366,0.707361908
45017,366,1.0
45023,366,0.844168143
45025,366,0.06575323799999999
45027,366,0.9011616590000001
45031,366,0.497990091
45039,366,1.0
45047,366,1.0
45055,366,0.998446774
45059,366,0.125010302
45061,366,0.9907568999999999
45063,366,1.0
45065,366,0.8480148279999999
45071,366,0.9181535479999999
45075,366,0.885457238
45079,366,1.0
45081,366,1.0
45085,366,1.0
37047,367,0.18619186899999998
45025,367,0.614925917
45027,367,0.098838341
45031,367,0.502009909
45033,367,1.0
45041,367,1.0
45051,367,0.118103301
45061,367,0.009243099999999999
45067,367,1.0
45069,367,1.0
45089,367,1.0
45007,368,1.0
45045,368,1.0
45059,368,0.8749896979999999
45073,368,1.0
45077,368,1.0
37149,369,0.853147525
45021,369,1.0
45071,369,0.081846452
45083,369,1.0
45087,369,1.0
30011,370,0.272307692
31031,370,0.043254187
31045,370,0.98489426
31161,370,0.9222283509999999
46007,370,1.0
46019,370,1.0
46033,370,1.0
46041,370,0.080279503
46047,370,1.0
46055,370,0.044251825
46063,370,0.7777777779999999
46071,370,1.0
46075,370,0.08600583099999999
46081,370,1.0
46093,370,1.0
46095,370,0.276522593
46103,370,1.0
46113,370,1.0
46137,370,1.0
56011,370,0.21281840600000002
19021,371,0.103309002
19041,371,1.0
19059,371,1.0
19063,371,0.849781387
19109,371,0.101945096
19119,371,1.0
19141,371,0.150340745
19143,371,1.0
19147,371,0.301301195
19167,371,0.329555362
27011,371,0.685594512
27033,371,1.0
27063,371,1.0
27073,371,0.5273332279999999
27081,371,1.0
27083,371,0.9227847570000001
27091,371,0.021350172999999997
27101,371,1.0
27105,371,1.0
27117,371,1.0
27127,371,0.118924509
27133,371,1.0
27165,371,0.10512080800000001
27173,371,0.302012149
31015,371,0.138915319
31027,371,0.5100948670000001
31103,371,0.189580318
31107,371,0.37692734299999997
38021,371,0.332051282
46003,371,1.0
46005,371,1.0
46009,371,1.0
46011,371,1.0
46013,371,1.0
46015,371,1.0
46017,371,1.0
46023,371,1.0
46025,371,1.0
46027,371,0.976302192
46029,371,1.0
46035,371,1.0
46037,371,1.0
46039,371,1.0
46043,371,1.0
46045,371,0.694066273
46049,371,1.0
46051,371,1.0
46053,371,1.0
46055,371,0.955748175
46057,371,1.0
46059,371,1.0
46061,371,1.0
46065,371,1.0
46067,371,1.0
46069,371,1.0
46073,371,1.0
46075,371,0.9139941690000001
46077,371,1.0
46079,371,1.0
46083,371,1.0
46085,371,1.0
46087,371,1.0
46089,371,0.35664335700000005
46091,371,0.08827265
46095,371,0.7234774070000001
46097,371,1.0
46099,371,1.0
46101,371,1.0
46107,371,0.738756355
46109,371,0.21894503699999998
46111,371,1.0
46115,371,1.0
46117,371,1.0
46119,371,1.0
46121,371,1.0
46123,371,1.0
46125,371,1.0
46127,371,0.12601626
46135,371,1.0
1049,373,0.055321592999999995
1071,373,0.277962368
13047,373,1.0
13083,373,1.0
13295,373,1.0
47007,373,1.0
47011,373,1.0
47061,373,0.076033663
47065,373,1.0
47107,373,0.149215384
47115,373,1.0
47139,373,0.8484057970000001
47143,373,0.630737863
47153,373,1.0
47005,374,0.203040107
47017,374,1.0
47023,374,1.0
47033,374,1.0
47039,374,1.0
47053,374,0.955147883
47069,374,0.42395568899999997
47077,374,1.0
47079,374,0.9171740629999999
47109,374,0.20253955
47113,374,1.0
47183,374,1.0
37009,375,0.086730586
37011,375,0.18251839
37189,375,0.939959716
47019,375,1.0
47059,375,0.13962359400000002
47091,375,0.95175508
47163,375,0.061480884000000006
47171,375,1.0
47179,375,1.0
21095,376,0.010308144
21133,376,0.213038322
21195,376,0.031365028999999996
47067,376,0.09921169
47073,376,0.454446077
47091,376,0.04824492
47163,376,0.9385191159999999
51027,376,1.0
51051,376,1.0
51077,376,0.125731497
51105,376,0.894630934
51167,376,1.0
51169,376,1.0
51173,376,1.0
51185,376,0.468883664
51191,376,1.0
51195,376,1.0
51520,376,1.0
51720,376,1.0
54047,376,0.098555826
21013,377,1.0
21051,377,0.018985191000000002
21095,377,0.019442406000000002
21121,377,0.020015729
47001,377,1.0
47009,377,1.0
47013,377,1.0
47025,377,1.0
47029,377,1.0
47057,377,1.0
47059,377,0.860376406
47063,377,1.0
47067,377,0.90078831
47073,377,0.5455539229999999
47089,377,1.0
47093,377,1.0
47105,377,1.0
47107,377,0.850784616
47121,377,1.0
47123,377,1.0
47129,377,1.0
47139,377,0.151594203
47143,377,0.321044801
47145,377,1.0
47151,377,1.0
47155,377,1.0
47173,377,1.0
51105,377,0.105369066
5035,379,1.0
5037,379,0.9618777009999999
5077,379,1.0
5093,379,0.8283248679999999
5107,379,1.0
5111,379,0.083367256
5123,379,1.0
21075,379,0.39930795799999996
28003,379,1.0
28009,379,0.740772323
28011,379,1.0
28027,379,1.0
28033,379,1.0
28093,379,0.874659761
28107,379,0.198173412
28119,379,1.0
28135,379,0.464946301
28137,379,1.0
28139,379,0.9454611340000001
28143,379,1.0
28145,379,0.105477499
28151,379,1.0
29155,379,0.264714778
47045,379,1.0
47047,379,1.0
47053,379,0.044852117000000004
47069,379,0.576044311
47071,379,1.0
47075,379,1.0
47095,379,1.0
47097,379,1.0
47109,379,0.79746045
47131,379,0.8441921520000001
47157,379,1.0
47167,379,1.0
21003,380,1.0
21031,380,1.0
21047,380,1.0
21061,380,1.0
21141,380,1.0
21177,380,0.9179472120000001
21213,380,1.0
21219,380,1.0
21227,380,1.0
47003,380,0.936131934
47005,380,0.7969598929999999
47015,380,1.0
47021,380,1.0
47027,380,1.0
47031,380,1.0
47035,380,1.0
47037,380,1.0
47041,380,1.0
47043,380,1.0
47049,380,1.0
47051,380,1.0
47055,380,0.906869267
47061,380,0.9239663370000001
47081,380,1.0
47083,380,1.0
47085,380,1.0
47087,380,1.0
47099,380,0.9772737340000001
47101,380,1.0
47111,380,1.0
47117,380,1.0
47119,380,1.0
47125,380,1.0
47127,380,1.0
47133,380,1.0
47135,380,1.0
47137,380,1.0
47141,380,1.0
47143,380,0.048217336
47147,380,1.0
47149,380,1.0
47159,380,1.0
47161,380,1.0
47165,380,1.0
47169,380,1.0
47175,380,1.0
47177,380,1.0
47181,380,0.7732372259999999
47185,380,1.0
47187,380,1.0
47189,380,1.0
48049,382,1.0
48059,382,1.0
48083,382,0.9725138609999999
48093,382,1.0
48133,382,1.0
48151,382,1.0
48207,382,1.0
48253,382,1.0
48333,382,1.0
48353,382,0.953815773
48411,382,0.9980802790000001
48417,382,1.0
48429,382,1.0
48433,382,1.0
48441,382,1.0
20129,383,1.0
35021,383,0.341523342
35037,383,0.903167962
35059,383,0.024952471
40007,383,0.080902373
40025,383,1.0
40139,383,0.8044199409999999
48011,383,1.0
48065,383,1.0
48069,383,0.003912254
48075,383,1.0
48087,383,1.0
48101,383,1.0
48111,383,1.0
48117,383,1.0
48129,383,1.0
48179,383,1.0
48191,383,1.0
48195,383,1.0
48205,383,1.0
48211,383,1.0
48233,383,1.0
48295,383,0.49680789299999994
48341,383,1.0
48357,383,1.0
48359,383,1.0
48369,383,0.549692079
48375,383,1.0
48381,383,1.0
48393,383,1.0
48421,383,1.0
48437,383,0.8467966570000001
48483,383,1.0
48021,385,1.0
48053,385,0.98843825
48055,385,1.0
48177,385,0.04561956599999999
48187,385,0.366250398
48209,385,1.0
48287,385,0.639953895
48299,385,0.9985051079999999
48319,385,0.025733402000000002
48453,385,1.0
48491,385,0.832399983
48199,386,1.0
48241,386,1.0
48245,386,1.0
48291,386,0.043819047
48351,386,0.874586093
48361,386,1.0
48457,386,1.0
48041,388,1.0
48051,388,1.0
48185,388,0.7515257190000001
48289,388,0.44526295200000005
48313,388,1.0
48395,388,1.0
48007,390,1.0
48025,390,1.0
48047,390,1.0
48131,390,1.0
48249,390,1.0
48261,390,1.0
48273,390,1.0
48297,390,0.976550939
48355,390,1.0
48391,390,0.059815117
48409,390,1.0
40005,391,0.066829923
40013,391,1.0
40023,391,1.0
40067,391,0.085795996
40069,391,0.056243065999999994
40089,391,0.16619335
48085,391,1.0
48097,391,1.0
48113,391,0.9638719179999999
48119,391,1.0
48121,391,1.0
48139,391,1.0
48147,391,1.0
48161,391,0.111694153
48181,391,1.0
48213,391,0.86396666
48223,391,0.787599328
48231,391,1.0
48251,391,0.047140507000000005
48257,391,1.0
48277,391,1.0
48337,391,0.49749542399999996
48349,391,0.945101667
48379,391,0.36159356299999995
48387,391,1.0
48397,391,1.0
48439,391,0.045262897
48467,391,0.34104629700000005
48497,391,0.563882918
35013,393,1.0
35029,393,1.0
35035,393,0.948320947
35051,393,1.0
48105,393,0.006198929000000001
48109,393,1.0
48141,393,1.0
48229,393,1.0
48243,393,0.038167939
48035,394,0.073330802
48113,394,0.036128082
48143,394,1.0
48193,394,0.425551159
48217,394,0.092513203
48221,394,1.0
48237,394,0.108169656
48251,394,0.952859493
48363,394,1.0
48367,394,1.0
48425,394,1.0
48439,394,0.9547371029999999
48497,394,0.43611708200000004
48503,394,0.772610648
48061,396,1.0
48215,396,0.20989911600000002
48489,396,1.0
48005,397,1.0
48015,397,1.0
48039,397,1.0
48057,397,0.893850625
48071,397,1.0
48073,397,0.10717098300000001
48089,397,1.0
48149,397,1.0
48157,397,1.0
48167,397,1.0
48185,397,0.24847428100000002
48201,397,1.0
48225,397,0.077598461
48285,397,0.40514417399999997
48287,397,0.075649114
48291,397,0.956180953
48321,397,1.0
48339,397,1.0
48347,397,1.0
48373,397,1.0
48401,397,0.048392547
48403,397,1.0
48405,397,1.0
48407,397,1.0
48419,397,0.898165622
48455,397,1.0
48471,397,1.0
48473,397,1.0
48477,397,1.0
48481,397,1.0
48067,399,0.342219899
48183,399,1.0
48203,399,0.213895791
48315,399,1.0
48343,399,0.7797954340000001
48401,399,0.08081194900000001
48423,399,0.052561326
48459,399,0.499008202
35009,400,1.0
35011,400,0.027669903
35015,400,0.673701045
35025,400,0.9996149790000001
35037,400,0.085475194
35041,400,1.0
48003,400,1.0
48017,400,1.0
48033,400,1.0
48045,400,1.0
48069,400,0.9960877459999999
48079,400,1.0
48107,400,1.0
48115,400,1.0
48125,400,1.0
48153,400,1.0
48165,400,1.0
48169,400,1.0
48173,400,1.0
48189,400,1.0
48219,400,1.0
48227,400,1.0
48263,400,1.0
48269,400,1.0
48279,400,1.0
48303,400,1.0
48305,400,1.0
48335,400,1.0
48345,400,1.0
48369,400,0.450307921
48415,400,1.0
48437,400,0.15320334300000002
48445,400,1.0
48501,400,1.0
48215,402,0.7901008840000001
48427,402,1.0
48043,406,1.0
48103,406,1.0
48135,406,1.0
48243,406,0.961832061
48301,406,1.0
48317,406,1.0
48329,406,1.0
48371,406,0.900176234
48377,406,1.0
48389,406,1.0
48443,406,1.0
48461,406,0.67402096
48475,406,1.0
48495,406,1.0
48081,411,1.0
48083,411,0.027486139
48095,411,1.0
48105,411,0.9938010709999999
48235,411,1.0
48307,411,0.96888161
48327,411,1.0
48353,411,0.046184227
48371,411,0.099823766
48383,411,1.0
48399,411,1.0
48413,411,1.0
48431,411,1.0
48435,411,1.0
48451,411,1.0
48461,411,0.32597904
48013,412,1.0
48019,412,1.0
48029,412,1.0
48031,412,1.0
48091,412,1.0
48127,412,1.0
48137,412,1.0
48163,412,1.0
48171,412,1.0
48177,412,0.900783415
48187,412,0.6337496020000001
48247,412,1.0
48255,412,1.0
48259,412,1.0
48265,412,1.0
48267,412,1.0
48271,412,1.0
48283,412,1.0
48297,412,0.023449061
48299,412,0.001494892
48307,412,0.03111839
48311,412,1.0
48319,412,0.9742665979999999
48323,412,1.0
48325,412,1.0
48385,412,1.0
48463,412,1.0
48465,412,1.0
48479,412,1.0
48493,412,1.0
48505,412,1.0
48507,412,1.0
48027,413,1.0
48053,413,0.01156175
48099,413,0.995859918
48145,413,0.358152866
48281,413,0.9303328829999999
48287,413,0.284396991
48309,413,0.020505275
48331,413,1.0
48411,413,0.001919721
48491,413,0.167600017
48001,416,1.0
48063,416,1.0
48073,416,0.8928290170000001
48159,416,1.0
48213,416,0.13603334
48223,416,0.21240067199999998
48225,416,0.9224015390000001
48289,416,0.554737048
48343,416,0.22020456600000002
48379,416,0.638406437
48401,416,0.870795503
48423,416,0.947438674
48449,416,1.0
48459,416,0.5009917979999999
48467,416,0.658953703
48499,416,1.0
48057,417,0.106149375
48123,417,1.0
48175,417,1.0
48177,417,0.053597019
48239,417,1.0
48285,417,0.594855826
48391,417,0.9401848829999999
48469,417,1.0
48035,418,0.9266691979999999
48099,418,0.004140082
48145,418,0.6418471339999999
48161,418,0.888305847
48193,418,0.574448841
48217,418,0.907486797
48281,418,0.069667117
48293,418,1.0
48309,418,0.979494725
48349,418,0.054898333
40033,420,0.17645118699999998
48009,420,1.0
48023,420,1.0
48077,420,1.0
48155,420,1.0
48197,420,1.0
48237,420,0.891830344
48275,420,1.0
48337,420,0.502504576
48447,420,1.0
48485,420,1.0
48487,420,1.0
48503,420,0.227389352
49003,421,0.977483093
49011,421,0.6328197760000001
49029,421,0.9895531559999999
49057,421,1.0
49001,422,0.5639867510000001
49023,422,1.0
49027,422,1.0
49039,422,1.0
49041,422,0.207191457
49049,422,1.0
49051,422,1.0
4005,423,0.016850159
4015,423,0.047558473
8081,423,0.024487297
8103,423,0.413658384
16005,423,1.0
16007,423,1.0
16011,423,0.09423089999999999
16019,423,0.001069614
16029,423,1.0
16031,423,1.0
16041,423,1.0
16067,423,1.0
16071,423,1.0
16077,423,1.0
32007,423,0.9413053840000001
32011,423,0.268965517
32017,423,0.7017781209999999
32023,423,0.006852769
32033,423,1.0
49001,423,0.436013249
49003,423,0.022516907000000003
49005,423,1.0
49007,423,1.0
49009,423,1.0
49011,423,0.367180224
49013,423,1.0
49015,423,1.0
49017,423,1.0
49019,423,0.9856708209999999
49021,423,1.0
49025,423,1.0
49029,423,0.010446844
49031,423,1.0
49033,423,1.0
49035,423,1.0
49037,423,0.810545506
49041,423,0.7928085429999999
49043,423,1.0
49045,423,1.0
49047,423,1.0
49053,423,1.0
49055,423,1.0
56023,423,1.0
56035,423,1.0
56037,423,0.9919078809999999
56039,423,1.0
56041,423,1.0
36019,424,1.0
36031,424,0.9259510129999999
36033,424,1.0
36041,424,0.188401531
36089,424,0.594767842
36113,424,0.013284628
36115,424,0.009551158
50001,424,0.981849854
50003,424,0.01345831
50005,424,0.083163146
50007,424,1.0
50011,424,1.0
50013,424,1.0
50015,424,1.0
50017,424,0.22557807
50019,424,0.111500184
50021,424,0.9939358890000001
50023,424,0.988657369
51013,426,1.0
51047,426,0.136892234
51059,426,1.0
51061,426,0.979496424
51107,426,1.0
51153,426,1.0
51157,426,0.45723945899999996
51510,426,1.0
51610,426,1.0
51683,426,1.0
51003,427,1.0
51015,427,1.0
51017,427,1.0
51029,427,0.412869565
51047,427,0.8631077659999999
51065,427,1.0
51079,427,1.0
51091,427,1.0
51109,427,0.39103405
51113,427,1.0
51125,427,0.6960854479999999
51137,427,0.302140884
51139,427,0.222839796
51157,427,0.267700875
51163,427,0.132373532
51165,427,1.0
51171,427,0.129521161
51540,427,1.0
51660,427,1.0
51790,427,1.0
51820,427,1.0
54031,427,0.104490754
54071,427,0.6273052179999999
54075,427,0.619153675
51009,428,1.0
51011,428,1.0
51019,428,0.914738975
51031,428,1.0
51037,428,0.40443646
51125,428,0.303914552
51143,428,0.330089361
51680,428,1.0
51073,429,1.0
51093,429,0.534621479
51095,429,1.0
51097,429,0.38401206600000004
51115,429,1.0
51119,429,0.489547325
51127,429,0.274939472
51181,429,0.49714648100000003
51199,429,1.0
51650,429,1.0
51700,429,1.0
51735,429,1.0
51830,429,1.0
37029,430,1.0
37053,430,1.0
37055,430,1.0
37073,430,0.7397143829999999
37095,430,0.113480885
37139,430,1.0
37143,430,1.0
51001,430,0.6525258079999999
51093,430,0.465378521
51131,430,1.0
51175,430,0.9617228409999999
51181,430,0.129676601
51183,430,0.187229533
51550,430,1.0
51710,430,1.0
51740,430,1.0
51800,430,1.0
51810,430,1.0
51007,431,1.0
51025,431,1.0
51029,431,0.587130435
51033,431,1.0
51036,431,1.0
51037,431,0.22408810399999998
51041,431,1.0
51049,431,1.0
51053,431,1.0
51057,431,1.0
51061,431,0.010903975
51075,431,1.0
51081,431,1.0
51085,431,1.0
51087,431,1.0
51097,431,0.615987934
51099,431,1.0
51101,431,1.0
51103,431,1.0
51109,431,0.60896595
51111,431,1.0
51117,431,0.585180974
51119,431,0.510452675
51127,431,0.725060528
51133,431,1.0
51135,431,1.0
51137,431,0.697859116
51145,431,1.0
51147,431,1.0
51149,431,1.0
51159,431,1.0
51175,431,0.038277159
51177,431,1.0
51179,431,1.0
51181,431,0.37317691799999997
51183,431,0.812770467
51193,431,1.0
51570,431,1.0
51630,431,1.0
51670,431,1.0
51730,431,1.0
51760,431,1.0
51005,432,1.0
51019,432,0.085261025
51021,432,1.0
51023,432,1.0
51035,432,0.073069519
51045,432,1.0
51063,432,1.0
51067,432,1.0
51071,432,1.0
51121,432,1.0
51155,432,1.0
51161,432,1.0
51163,432,0.867626468
51185,432,0.531116336
51197,432,1.0
51530,432,1.0
51750,432,1.0
51770,432,1.0
51775,432,1.0
54047,432,0.859205963
54055,432,0.9850312259999999
54059,432,0.002118236
54063,432,0.615402299
54089,432,0.081714001
54109,432,0.062805759
51043,435,1.0
51061,435,0.009599601
51069,435,1.0
51139,435,0.7771602040000001
51157,435,0.27505966600000004
51171,435,0.870478839
51187,435,1.0
51840,435,1.0
54003,435,1.0
54023,435,0.955947535
54027,435,0.7792634009999999
54031,435,0.8955092459999999
54037,435,1.0
54065,435,1.0
54071,435,0.252751966
53029,437,1.0
53033,437,0.00020036900000000002
53055,437,1.0
53057,437,1.0
53061,437,0.6332608279999999
53027,438,0.22093398600000003
53041,438,0.970186415
53045,438,0.679638706
53049,438,0.42758420700000005
53067,438,1.0
53009,439,1.0
53027,439,0.7790660140000001
53031,439,1.0
53033,439,0.9997996309999999
53035,439,0.9809429470000001
53037,439,0.008752735
53045,439,0.32036129399999996
53049,439,0.019378534
53061,439,0.366739172
53073,439,1.0
16009,440,1.0
16017,440,1.0
16021,440,1.0
16035,440,1.0
16049,440,0.9424412090000001
16055,440,1.0
16057,440,1.0
16061,440,1.0
16069,440,1.0
16079,440,1.0
30089,440,0.11810344800000001
41059,440,0.180999532
41063,440,1.0
53001,440,1.0
53003,440,1.0
53005,440,0.926803554
53007,440,1.0
53013,440,1.0
53017,440,1.0
53019,440,1.0
53021,440,1.0
53023,440,1.0
53025,440,0.9926974709999999
53043,440,1.0
53047,440,1.0
53051,440,1.0
53063,440,1.0
53065,440,1.0
53071,440,1.0
53075,440,1.0
53035,441,0.019057053
53041,441,0.011708376000000001
53053,441,1.0
53005,442,0.072441897
53025,442,0.007302529
53037,442,0.991247265
53039,442,0.009296087
53077,442,1.0
21159,443,0.088777364
39009,443,0.077533324
39105,443,0.160270258
39167,443,0.195992948
54005,443,1.0
54007,443,1.0
54013,443,1.0
54015,443,1.0
54019,443,1.0
54021,443,1.0
54025,443,1.0
54035,443,0.989136195
54039,443,1.0
54041,443,1.0
54043,443,0.316940817
54045,443,1.0
54047,443,0.042238211
54055,443,0.014968773999999999
54059,443,0.983092625
54063,443,0.384597701
54067,443,1.0
54073,443,1.0
54075,443,0.169733912
54079,443,1.0
54081,443,1.0
54083,443,0.0033786109999999997
54085,443,1.0
54087,443,1.0
54089,443,0.9182859990000001
54095,443,0.63429273
54097,443,1.0
54099,443,0.002595625
54101,443,1.0
54105,443,1.0
54107,443,0.925281259
54109,443,0.9371942409999999
21019,444,1.0
21043,444,0.536232916
21089,444,0.803312125
21115,444,0.014510278
21127,444,1.0
39087,444,1.0
54011,444,1.0
54035,444,0.010863805
54043,444,0.683059183
54053,444,1.0
54099,444,0.997404375
24023,445,0.839675217
42051,445,0.025073805
42059,445,0.993553392
42125,445,0.002985033
54001,445,1.0
54017,445,1.0
54023,445,0.044052465
54033,445,1.0
54049,445,1.0
54061,445,1.0
54071,445,0.119942816
54075,445,0.211112414
54077,445,1.0
54083,445,0.9966213890000001
54091,445,1.0
54093,445,1.0
54103,445,0.07721144
55015,446,0.887237376
55067,446,0.971462855
55071,446,0.0016689
55073,446,0.008212446
55078,446,1.0
55083,446,0.026088996
55087,446,0.951444663
55115,446,0.794074437
55135,446,1.0
55139,446,0.20282145399999998
26043,447,1.0
26109,447,0.8525937109999999
55009,447,1.0
55029,447,1.0
55037,447,0.888735885
55041,447,0.060376919
55061,447,1.0
55071,447,0.887455045
55075,447,1.0
55083,447,0.9739110040000001
55087,447,0.048555337000000004
55115,447,0.029464577000000002
19005,448,1.0
19043,448,0.321738126
19065,448,0.55492067
19191,448,0.957238762
27045,448,0.335594967
27055,448,1.0
27169,448,0.823510557
55011,448,0.644215866
55023,448,1.0
55043,448,0.046547936
55053,448,0.113386746
55063,448,1.0
55081,448,0.966273038
55103,448,0.094353726
55121,448,0.7860052559999999
55123,448,0.858245771
17177,449,0.055818150999999996
17201,449,0.036259568
55001,449,1.0
55021,449,1.0
55025,449,1.0
55027,449,0.626435572
55043,449,0.37625766200000005
55045,449,1.0
55047,449,0.08246515
55049,449,1.0
55055,449,0.924381385
55057,449,1.0
55065,449,0.8249290000000001
55077,449,0.38271692700000004
55081,449,0.033726962
55103,449,0.9056462740000001
55105,449,1.0
55111,449,1.0
55123,449,0.141754229
55127,449,0.18661310600000003
55133,449,0.000364545
55003,450,0.154480995
55005,450,0.448320327
55017,450,0.8326069359999999
55019,450,1.0
55051,450,0.243902439
55053,450,0.886613254
55073,450,0.14925881900000001
55085,450,0.23546845100000002
55097,450,1.0
55099,450,0.967352786
55107,450,1.0
55113,450,0.179684701
55119,450,1.0
55125,450,0.548917534
55129,450,0.209019698
55137,450,0.260719683
55141,450,1.0
17097,451,0.6334326570000001
55027,451,0.21984606
55039,451,0.860349923
55055,451,0.075618615
55059,451,1.0
55071,451,0.110876055
55079,451,1.0
55089,451,1.0
55101,451,1.0
55117,451,1.0
55127,451,0.8133868940000001
55131,451,1.0
55133,451,0.999635455
55015,452,0.112762624
55027,452,0.153718368
55039,452,0.13965007699999998
55047,452,0.91753485
55077,452,0.617283073
55137,452,0.7392803170000001
55139,452,0.7971785459999999
26053,456,0.082021167
26131,456,0.152318986
55041,456,0.9396230809999999
55067,456,0.028537145
55069,456,1.0
55073,456,0.8425287359999999
55085,456,0.7645315490000001
55099,456,0.032647214
55115,456,0.17646098600000001
55125,456,0.451082466
56007,457,0.852274208
56009,457,1.0
56011,457,0.7871815940000001
56013,457,1.0
56015,457,0.965164852
56017,457,1.0
56019,457,1.0
56025,457,1.0
56027,457,0.9851443120000001
56031,457,1.0
56033,457,0.036671742
56037,457,0.008092119
56045,457,1.0
