fips,hhs
01001,4
01003,4
01005,4
01007,4
01009,4
01011,4
01013,4
01015,4
01017,4
01019,4
01021,4
01023,4
01025,4
01027,4
01029,4
01031,4
01033,4
01035,4
01037,4
01039,4
01041,4
01043,4
01045,4
01047,4
01049,4
01051,4
01053,4
01055,4
01057,4
01059,4
01061,4
01063,4
01065,4
01067,4
01069,4
01071,4
01073,4
01075,4
01077,4
01079,4
01081,4
01083,4
01085,4
01087,4
01089,4
01091,4
01093,4
01095,4
01097,4
01099,4
01101,4
01103,4
01105,4
01107,4
01109,4
01111,4
01113,4
01115,4
01117,4
01119,4
01121,4
01123,4
01125,4
01127,4
01129,4
01131,4
01133,4
02013,10
02016,10
02020,10
02050,10
02060,10
02068,10
02070,10
02090,10
02100,10
02105,10
02110,10
02122,10
02130,10
02150,10
02158,10
02164,10
02170,10
02180,10
02185,10
02188,10
02195,10
02198,10
02220,10
02230,10
02240,10
02261,10
02275,10
02282,10
02290,10
04001,9
04003,9
04005,9
04007,9
04009,9
04011,9
04012,9
04013,9
04015,9
04017,9
04019,9
04021,9
04023,9
04025,9
04027,9
05001,6
05003,6
05005,6
05007,6
05009,6
05011,6
05013,6
05015,6
05017,6
05019,6
05021,6
05023,6
05025,6
05027,6
05029,6
05031,6
05033,6
05035,6
05037,6
05039,6
05041,6
05043,6
05045,6
05047,6
05049,6
05051,6
05053,6
05055,6
05057,6
05059,6
05061,6
05063,6
05065,6
05067,6
05069,6
05071,6
05073,6
05075,6
05077,6
05079,6
05081,6
05083,6
05085,6
05087,6
05089,6
05091,6
05093,6
05095,6
05097,6
05099,6
05101,6
05103,6
05105,6
05107,6
05109,6
05111,6
05113,6
05115,6
05117,6
05119,6
05121,6
05123,6
05125,6
05127,6
05129,6
05131,6
05133,6
05135,6
05137,6
05139,6
05141,6
05143,6
05145,6
05147,6
05149,6
06001,9
06003,9
06005,9
06007,9
06009,9
06011,9
06013,9
06015,9
06017,9
06019,9
06021,9
06023,9
06025,9
06027,9
06029,9
06031,9
06033,9
06035,9
06037,9
06039,9
06041,9
06043,9
06045,9
06047,9
06049,9
06051,9
06053,9
06055,9
06057,9
06059,9
06061,9
06063,9
06065,9
06067,9
06069,9
06071,9
06073,9
06075,9
06077,9
06079,9
06081,9
06083,9
06085,9
06087,9
06089,9
06091,9
06093,9
06095,9
06097,9
06099,9
06101,9
06103,9
06105,9
06107,9
06109,9
06111,9
06113,9
06115,9
08001,8
08003,8
08005,8
08007,8
08009,8
08011,8
08013,8
08014,8
08015,8
08017,8
08019,8
08021,8
08023,8
08025,8
08027,8
08029,8
08031,8
08033,8
08035,8
08037,8
08039,8
08041,8
08043,8
08045,8
08047,8
08049,8
08051,8
08053,8
08055,8
08057,8
08059,8
08061,8
08063,8
08065,8
08067,8
08069,8
08071,8
08073,8
08075,8
08077,8
08079,8
08081,8
08083,8
08085,8
08087,8
08089,8
08091,8
08093,8
08095,8
08097,8
08099,8
08101,8
08103,8
08105,8
08107,8
08109,8
08111,8
08113,8
08115,8
08117,8
08119,8
08121,8
08123,8
08125,8
09001,1
09003,1
09005,1
09007,1
09009,1
09011,1
09013,1
09015,1
10001,3
10003,3
10005,3
11001,3
12001,4
12003,4
12005,4
12007,4
12009,4
12011,4
12013,4
12015,4
12017,4
12019,4
12021,4
12023,4
12027,4
12029,4
12031,4
12033,4
12035,4
12037,4
12039,4
12041,4
12043,4
12045,4
12047,4
12049,4
12051,4
12053,4
12055,4
12057,4
12059,4
12061,4
12063,4
12065,4
12067,4
12069,4
12071,4
12073,4
12075,4
12077,4
12079,4
12081,4
12083,4
12085,4
12086,4
12087,4
12089,4
12091,4
12093,4
12095,4
12097,4
12099,4
12101,4
12103,4
12105,4
12107,4
12109,4
12111,4
12113,4
12115,4
12117,4
12119,4
12121,4
12123,4
12125,4
12127,4
12129,4
12131,4
12133,4
13001,4
13003,4
13005,4
13007,4
13009,4
13011,4
13013,4
13015,4
13017,4
13019,4
13021,4
13023,4
13025,4
13027,4
13029,4
13031,4
13033,4
13035,4
13037,4
13039,4
13043,4
13045,4
13047,4
13049,4
13051,4
13053,4
13055,4
13057,4
13059,4
13061,4
13063,4
13065,4
13067,4
13069,4
13071,4
13073,4
13075,4
13077,4
13079,4
13081,4
13083,4
13085,4
13087,4
13089,4
13091,4
13093,4
13095,4
13097,4
13099,4
13101,4
13103,4
13105,4
13107,4
13109,4
13111,4
13113,4
13115,4
13117,4
13119,4
13121,4
13123,4
13125,4
13127,4
13129,4
13131,4
13133,4
13135,4
13137,4
13139,4
13141,4
13143,4
13145,4
13147,4
13149,4
13151,4
13153,4
13155,4
13157,4
13159,4
13161,4
13163,4
13165,4
13167,4
13169,4
13171,4
13173,4
13175,4
13177,4
13179,4
13181,4
13183,4
13185,4
13187,4
13189,4
13191,4
13193,4
13195,4
13197,4
13199,4
13201,4
13205,4
13207,4
13209,4
13211,4
13213,4
13215,4
13217,4
13219,4
13221,4
13223,4
13225,4
13227,4
13229,4
13231,4
13233,4
13235,4
13237,4
13239,4
13241,4
13243,4
13245,4
13247,4
13249,4
13251,4
13253,4
13255,4
13257,4
13259,4
13261,4
13263,4
13265,4
13267,4
13269,4
13271,4
13273,4
13275,4
13277,4
13279,4
13281,4
13283,4
13285,4
13287,4
13289,4
13291,4
13293,4
13295,4
13297,4
13299,4
13301,4
13303,4
13305,4
13307,4
13309,4
13311,4
13313,4
13315,4
13317,4
13319,4
13321,4
15001,9
15003,9
15005,9
15007,9
15009,9
16001,10
16003,10
16005,10
16007,10
16009,10
16011,10
16013,10
16015,10
16017,10
16019,10
16021,10
16023,10
16025,10
16027,10
16029,10
16031,10
16033,10
16035,10
16037,10
16039,10
16041,10
16043,10
16045,10
16047,10
16049,10
16051,10
16053,10
16055,10
16057,10
16059,10
16061,10
16063,10
16065,10
16067,10
16069,10
16071,10
16073,10
16075,10
16077,10
16079,10
16081,10
16083,10
16085,10
16087,10
17001,5
17003,5
17005,5
17007,5
17009,5
17011,5
17013,5
17015,5
17017,5
17019,5
17021,5
17023,5
17025,5
17027,5
17029,5
17031,5
17033,5
17035,5
17037,5
17039,5
17041,5
17043,5
17045,5
17047,5
17049,5
17051,5
17053,5
17055,5
17057,5
17059,5
17061,5
17063,5
17065,5
17067,5
17069,5
17071,5
17073,5
17075,5
17077,5
17079,5
17081,5
17083,5
17085,5
17087,5
17089,5
17091,5
17093,5
17095,5
17097,5
17099,5
17101,5
17103,5
17105,5
17107,5
17109,5
17111,5
17113,5
17115,5
17117,5
17119,5
17121,5
17123,5
17125,5
17127,5
17129,5
17131,5
17133,5
17135,5
17137,5
17139,5
17141,5
17143,5
17145,5
17147,5
17149,5
17151,5
17153,5
17155,5
17157,5
17159,5
17161,5
17163,5
17165,5
17167,5
17169,5
17171,5
17173,5
17175,5
17177,5
17179,5
17181,5
17183,5
17185,5
17187,5
17189,5
17191,5
17193,5
17195,5
17197,5
17199,5
17201,5
17203,5
18001,5
18003,5
18005,5
18007,5
18009,5
18011,5
18013,5
18015,5
18017,5
18019,5
18021,5
18023,5
18025,5
18027,5
18029,5
18031,5
18033,5
18035,5
18037,5
18039,5
18041,5
18043,5
18045,5
18047,5
18049,5
18051,5
18053,5
18055,5
18057,5
18059,5
18061,5
18063,5
18065,5
18067,5
18069,5
18071,5
18073,5
18075,5
18077,5
18079,5
18081,5
18083,5
18085,5
18087,5
18089,5
18091,5
18093,5
18095,5
18097,5
18099,5
18101,5
18103,5
18105,5
18107,5
18109,5
18111,5
18113,5
18115,5
18117,5
18119,5
18121,5
18123,5
18125,5
18127,5
18129,5
18131,5
18133,5
18135,5
18137,5
18139,5
18141,5
18143,5
18145,5
18147,5
18149,5
18151,5
18153,5
18155,5
18157,5
18159,5
18161,5
18163,5
18165,5
18167,5
18169,5
18171,5
18173,5
18175,5
18177,5
18179,5
18181,5
18183,5
19001,7
19003,7
19005,7
19007,7
19009,7
19011,7
19013,7
19015,7
19017,7
19019,7
19021,7
19023,7
19025,7
19027,7
19029,7
19031,7
19033,7
19035,7
19037,7
19039,7
19041,7
19043,7
19045,7
19047,7
19049,7
19051,7
19053,7
19055,7
19057,7
19059,7
19061,7
19063,7
19065,7
19067,7
19069,7
19071,7
19073,7
19075,7
19077,7
19079,7
19081,7
19083,7
19085,7
19087,7
19089,7
19091,7
19093,7
19095,7
19097,7
19099,7
19101,7
19103,7
19105,7
19107,7
19109,7
19111,7
19113,7
19115,7
19117,7
19119,7
19121,7
19123,7
19125,7
19127,7
19129,7
19131,7
19133,7
19135,7
19137,7
19139,7
19141,7
19143,7
19145,7
19147,7
19149,7
19151,7
19153,7
19155,7
19157,7
19159,7
19161,7
19163,7
19165,7
19167,7
19169,7
19171,7
19173,7
19175,7
19177,7
19179,7
19181,7
19183,7
19185,7
19187,7
19189,7
19191,7
19193,7
19195,7
19197,7
20001,7
20003,7
20005,7
20007,7
20009,7
20011,7
20013,7
20015,7
20017,7
20019,7
20021,7
20023,7
20025,7
20027,7
20029,7
20031,7
20033,7
20035,7
20037,7
20039,7
20041,7
20043,7
20045,7
20047,7
20049,7
20051,7
20053,7
20055,7
20057,7
20059,7
20061,7
20063,7
20065,7
20067,7
20069,7
20071,7
20073,7
20075,7
20077,7
20079,7
20081,7
20083,7
20085,7
20087,7
20089,7
20091,7
20093,7
20095,7
20097,7
20099,7
20101,7
20103,7
20105,7
20107,7
20109,7
20111,7
20113,7
20115,7
20117,7
20119,7
20121,7
20123,7
20125,7
20127,7
20129,7
20131,7
20133,7
20135,7
20137,7
20139,7
20141,7
20143,7
20145,7
20147,7
20149,7
20151,7
20153,7
20155,7
20157,7
20159,7
20161,7
20163,7
20165,7
20167,7
20169,7
20171,7
20173,7
20175,7
20177,7
20179,7
20181,7
20183,7
20185,7
20187,7
20189,7
20191,7
20193,7
20195,7
20197,7
20199,7
20201,7
20203,7
20205,7
20207,7
20209,7
21001,4
21003,4
21005,4
21007,4
21009,4
21011,4
21013,4
21015,4
21017,4
21019,4
21021,4
21023,4
21025,4
21027,4
21029,4
21031,4
21033,4
21035,4
21037,4
21039,4
21041,4
21043,4
21045,4
21047,4
21049,4
21051,4
21053,4
21055,4
21057,4
21059,4
21061,4
21063,4
21065,4
21067,4
21069,4
21071,4
21073,4
21075,4
21077,4
21079,4
21081,4
21083,4
21085,4
21087,4
21089,4
21091,4
21093,4
21095,4
21097,4
21099,4
21101,4
21103,4
21105,4
21107,4
21109,4
21111,4
21113,4
21115,4
21117,4
21119,4
21121,4
21123,4
21125,4
21127,4
21129,4
21131,4
21133,4
21135,4
21137,4
21139,4
21141,4
21143,4
21145,4
21147,4
21149,4
21151,4
21153,4
21155,4
21157,4
21159,4
21161,4
21163,4
21165,4
21167,4
21169,4
21171,4
21173,4
21175,4
21177,4
21179,4
21181,4
21183,4
21185,4
21187,4
21189,4
21191,4
21193,4
21195,4
21197,4
21199,4
21201,4
21203,4
21205,4
21207,4
21209,4
21211,4
21213,4
21215,4
21217,4
21219,4
21221,4
21223,4
21225,4
21227,4
21229,4
21231,4
21233,4
21235,4
21237,4
21239,4
22001,6
22003,6
22005,6
22007,6
22009,6
22011,6
22013,6
22015,6
22017,6
22019,6
22021,6
22023,6
22025,6
22027,6
22029,6
22031,6
22033,6
22035,6
22037,6
22039,6
22041,6
22043,6
22045,6
22047,6
22049,6
22051,6
22053,6
22055,6
22057,6
22059,6
22061,6
22063,6
22065,6
22067,6
22069,6
22071,6
22073,6
22075,6
22077,6
22079,6
22081,6
22083,6
22085,6
22087,6
22089,6
22091,6
22093,6
22095,6
22097,6
22099,6
22101,6
22103,6
22105,6
22107,6
22109,6
22111,6
22113,6
22115,6
22117,6
22119,6
22121,6
22123,6
22125,6
22127,6
23001,1
23003,1
23005,1
23007,1
23009,1
23011,1
23013,1
23015,1
23017,1
23019,1
23021,1
23023,1
23025,1
23027,1
23029,1
23031,1
24001,3
24003,3
24005,3
24009,3
24011,3
24013,3
24015,3
24017,3
24019,3
24021,3
24023,3
24025,3
24027,3
24029,3
24031,3
24033,3
24035,3
24037,3
24039,3
24041,3
24043,3
24045,3
24047,3
24510,3
25001,1
25003,1
25005,1
25007,1
25009,1
25011,1
25013,1
25015,1
25017,1
25019,1
25021,1
25023,1
25025,1
25027,1
26001,5
26003,5
26005,5
26007,5
26009,5
26011,5
26013,5
26015,5
26017,5
26019,5
26021,5
26023,5
26025,5
26027,5
26029,5
26031,5
26033,5
26035,5
26037,5
26039,5
26041,5
26043,5
26045,5
26047,5
26049,5
26051,5
26053,5
26055,5
26057,5
26059,5
26061,5
26063,5
26065,5
26067,5
26069,5
26071,5
26073,5
26075,5
26077,5
26079,5
26081,5
26083,5
26085,5
26087,5
26089,5
26091,5
26093,5
26095,5
26097,5
26099,5
26101,5
26103,5
26105,5
26107,5
26109,5
26111,5
26113,5
26115,5
26117,5
26119,5
26121,5
26123,5
26125,5
26127,5
26129,5
26131,5
26133,5
26135,5
26137,5
26139,5
26141,5
26143,5
26145,5
26147,5
26149,5
26151,5
26153,5
26155,5
26157,5
26159,5
26161,5
26163,5
26165,5
27001,5
27003,5
27005,5
27007,5
27009,5
27011,5
27013,5
27015,5
27017,5
27019,5
27021,5
27023,5
27025,5
27027,5
27029,5
27031,5
27033,5
27035,5
27037,5
27039,5
27041,5
27043,5
27045,5
27047,5
27049,5
27051,5
27053,5
27055,5
27057,5
27059,5
27061,5
27063,5
27065,5
27067,5
27069,5
27071,5
27073,5
27075,5
27077,5
27079,5
27081,5
27083,5
27085,5
27087,5
27089,5
27091,5
27093,5
27095,5
27097,5
27099,5
27101,5
27103,5
27105,5
27107,5
27109,5
27111,5
27113,5
27115,5
27117,5
27119,5
27121,5
27123,5
27125,5
27127,5
27129,5
27131,5
27133,5
27135,5
27137,5
27139,5
27141,5
27143,5
27145,5
27147,5
27149,5
27151,5
27153,5
27155,5
27157,5
27159,5
27161,5
27163,5
27165,5
27167,5
27169,5
27171,5
27173,5
28001,4
28003,4
28005,4
28007,4
28009,4
28011,4
28013,4
28015,4
28017,4
28019,4
28021,4
28023,4
28025,4
28027,4
28029,4
28031,4
28033,4
28035,4
28037,4
28039,4
28041,4
28043,4
28045,4
28047,4
28049,4
28051,4
28053,4
28055,4
28057,4
28059,4
28061,4
28063,4
28065,4
28067,4
28069,4
28071,4
28073,4
28075,4
28077,4
28079,4
28081,4
28083,4
28085,4
28087,4
28089,4
28091,4
28093,4
28095,4
28097,4
28099,4
28101,4
28103,4
28105,4
28107,4
28109,4
28111,4
28113,4
28115,4
28117,4
28119,4
28121,4
28123,4
28125,4
28127,4
28129,4
28131,4
28133,4
28135,4
28137,4
28139,4
28141,4
28143,4
28145,4
28147,4
28149,4
28151,4
28153,4
28155,4
28157,4
28159,4
28161,4
28163,4
29001,7
29003,7
29005,7
29007,7
29009,7
29011,7
29013,7
29015,7
29017,7
29019,7
29021,7
29023,7
29025,7
29027,7
29029,7
29031,7
29033,7
29035,7
29037,7
29039,7
29041,7
29043,7
29045,7
29047,7
29049,7
29051,7
29053,7
29055,7
29057,7
29059,7
29061,7
29063,7
29065,7
29067,7
29069,7
29071,7
29073,7
29075,7
29077,7
29079,7
29081,7
29083,7
29085,7
29087,7
29089,7
29091,7
29093,7
29095,7
29097,7
29099,7
29101,7
29103,7
29105,7
29107,7
29109,7
29111,7
29113,7
29115,7
29117,7
29119,7
29121,7
29123,7
29125,7
29127,7
29129,7
29131,7
29133,7
29135,7
29137,7
29139,7
29141,7
29143,7
29145,7
29147,7
29149,7
29151,7
29153,7
29155,7
29157,7
29159,7
29161,7
29163,7
29165,7
29167,7
29169,7
29171,7
29173,7
29175,7
29177,7
29179,7
29181,7
29183,7
29185,7
29186,7
29187,7
29189,7
29195,7
29197,7
29199,7
29201,7
29203,7
29205,7
29207,7
29209,7
29211,7
29213,7
29215,7
29217,7
29219,7
29221,7
29223,7
29225,7
29227,7
29229,7
29510,7
30001,8
30003,8
30005,8
30007,8
30009,8
30011,8
30013,8
30015,8
30017,8
30019,8
30021,8
30023,8
30025,8
30027,8
30029,8
30031,8
30033,8
30035,8
30037,8
30039,8
30041,8
30043,8
30045,8
30047,8
30049,8
30051,8
30053,8
30055,8
30057,8
30059,8
30061,8
30063,8
30065,8
30067,8
30069,8
30071,8
30073,8
30075,8
30077,8
30079,8
30081,8
30083,8
30085,8
30087,8
30089,8
30091,8
30093,8
30095,8
30097,8
30099,8
30101,8
30103,8
30105,8
30107,8
30109,8
30111,8
31001,7
31003,7
31005,7
31007,7
31009,7
31011,7
31013,7
31015,7
31017,7
31019,7
31021,7
31023,7
31025,7
31027,7
31029,7
31031,7
31033,7
31035,7
31037,7
31039,7
31041,7
31043,7
31045,7
31047,7
31049,7
31051,7
31053,7
31055,7
31057,7
31059,7
31061,7
31063,7
31065,7
31067,7
31069,7
31071,7
31073,7
31075,7
31077,7
31079,7
31081,7
31083,7
31085,7
31087,7
31089,7
31091,7
31093,7
31095,7
31097,7
31099,7
31101,7
31103,7
31105,7
31107,7
31109,7
31111,7
31113,7
31115,7
31117,7
31119,7
31121,7
31123,7
31125,7
31127,7
31129,7
31131,7
31133,7
31135,7
31137,7
31139,7
31141,7
31143,7
31145,7
31147,7
31149,7
31151,7
31153,7
31155,7
31157,7
31159,7
31161,7
31163,7
31165,7
31167,7
31169,7
31171,7
31173,7
31175,7
31177,7
31179,7
31181,7
31183,7
31185,7
32001,9
32003,9
32005,9
32007,9
32009,9
32011,9
32013,9
32015,9
32017,9
32019,9
32021,9
32023,9
32027,9
32029,9
32031,9
32033,9
32510,9
33001,1
33003,1
33005,1
33007,1
33009,1
33011,1
33013,1
33015,1
33017,1
33019,1
34001,2
34003,2
34005,2
34007,2
34009,2
34011,2
34013,2
34015,2
34017,2
34019,2
34021,2
34023,2
34025,2
34027,2
34029,2
34031,2
34033,2
34035,2
34037,2
34039,2
34041,2
35001,6
35003,6
35005,6
35006,6
35007,6
35009,6
35011,6
35013,6
35015,6
35017,6
35019,6
35021,6
35023,6
35025,6
35027,6
35028,6
35029,6
35031,6
35033,6
35035,6
35037,6
35039,6
35041,6
35043,6
35045,6
35047,6
35049,6
35051,6
35053,6
35055,6
35057,6
35059,6
35061,6
36001,2
36003,2
36005,2
36007,2
36009,2
36011,2
36013,2
36015,2
36017,2
36019,2
36021,2
36023,2
36025,2
36027,2
36029,2
36031,2
36033,2
36035,2
36037,2
36039,2
36041,2
36043,2
36045,2
36047,2
36049,2
36051,2
36053,2
36055,2
36057,2
36059,2
36061,2
36063,2
36065,2
36067,2
36069,2
36071,2
36073,2
36075,2
36077,2
36079,2
36081,2
36083,2
36085,2
36087,2
36089,2
36091,2
36093,2
36095,2
36097,2
36099,2
36101,2
36103,2
36105,2
36107,2
36109,2
36111,2
36113,2
36115,2
36117,2
36119,2
36121,2
36123,2
37001,4
37003,4
37005,4
37007,4
37009,4
37011,4
37013,4
37015,4
37017,4
37019,4
37021,4
37023,4
37025,4
37027,4
37029,4
37031,4
37033,4
37035,4
37037,4
37039,4
37041,4
37043,4
37045,4
37047,4
37049,4
37051,4
37053,4
37055,4
37057,4
37059,4
37061,4
37063,4
37065,4
37067,4
37069,4
37071,4
37073,4
37075,4
37077,4
37079,4
37081,4
37083,4
37085,4
37087,4
37089,4
37091,4
37093,4
37095,4
37097,4
37099,4
37101,4
37103,4
37105,4
37107,4
37109,4
37111,4
37113,4
37115,4
37117,4
37119,4
37121,4
37123,4
37125,4
37127,4
37129,4
37131,4
37133,4
37135,4
37137,4
37139,4
37141,4
37143,4
37145,4
37147,4
37149,4
37151,4
37153,4
37155,4
37157,4
37159,4
37161,4
37163,4
37165,4
37167,4
37169,4
37171,4
37173,4
37175,4
37177,4
37179,4
37181,4
37183,4
37185,4
37187,4
37189,4
37191,4
37193,4
37195,4
37197,4
37199,4
38001,8
38003,8
38005,8
38007,8
38009,8
38011,8
38013,8
38015,8
38017,8
38019,8
38021,8
38023,8
38025,8
38027,8
38029,8
38031,8
38033,8
38035,8
38037,8
38039,8
38041,8
38043,8
38045,8
38047,8
38049,8
38051,8
38053,8
38055,8
38057,8
38059,8
38061,8
38063,8
38065,8
38067,8
38069,8
38071,8
38073,8
38075,8
38077,8
38079,8
38081,8
38083,8
38085,8
38087,8
38089,8
38091,8
38093,8
38095,8
38097,8
38099,8
38101,8
38103,8
38105,8
39001,5
39003,5
39005,5
39007,5
39009,5
39011,5
39013,5
39015,5
39017,5
39019,5
39021,5
39023,5
39025,5
39027,5
39029,5
39031,5
39033,5
39035,5
39037,5
39039,5
39041,5
39043,5
39045,5
39047,5
39049,5
39051,5
39053,5
39055,5
39057,5
39059,5
39061,5
39063,5
39065,5
39067,5
39069,5
39071,5
39073,5
39075,5
39077,5
39079,5
39081,5
39083,5
39085,5
39087,5
39089,5
39091,5
39093,5
39095,5
39097,5
39099,5
39101,5
39103,5
39105,5
39107,5
39109,5
39111,5
39113,5
39115,5
39117,5
39119,5
39121,5
39123,5
39125,5
39127,5
39129,5
39131,5
39133,5
39135,5
39137,5
39139,5
39141,5
39143,5
39145,5
39147,5
39149,5
39151,5
39153,5
39155,5
39157,5
39159,5
39161,5
39163,5
39165,5
39167,5
39169,5
39171,5
39173,5
39175,5
40001,6
40003,6
40005,6
40007,6
40009,6
40011,6
40013,6
40015,6
40017,6
40019,6
40021,6
40023,6
40025,6
40027,6
40029,6
40031,6
40033,6
40035,6
40037,6
40039,6
40041,6
40043,6
40045,6
40047,6
40049,6
40051,6
40053,6
40055,6
40057,6
40059,6
40061,6
40063,6
40065,6
40067,6
40069,6
40071,6
40073,6
40075,6
40077,6
40079,6
40081,6
40083,6
40085,6
40087,6
40089,6
40091,6
40093,6
40095,6
40097,6
40099,6
40101,6
40103,6
40105,6
40107,6
40109,6
40111,6
40113,6
40115,6
40117,6
40119,6
40121,6
40123,6
40125,6
40127,6
40129,6
40131,6
40133,6
40135,6
40137,6
40139,6
40141,6
40143,6
40145,6
40147,6
40149,6
40151,6
40153,6
41001,10
41003,10
41005,10
41007,10
41009,10
41011,10
41013,10
41015,10
41017,10
41019,10
41021,10
41023,10
41025,10
41027,10
41029,10
41031,10
41033,10
41035,10
41037,10
41039,10
41041,10
41043,10
41045,10
41047,10
41049,10
41051,10
41053,10
41055,10
41057,10
41059,10
41061,10
41063,10
41065,10
41067,10
41069,10
41071,10
42001,3
42003,3
42005,3
42007,3
42009,3
42011,3
42013,3
42015,3
42017,3
42019,3
42021,3
42023,3
42025,3
42027,3
42029,3
42031,3
42033,3
42035,3
42037,3
42039,3
42041,3
42043,3
42045,3
42047,3
42049,3
42051,3
42053,3
42055,3
42057,3
42059,3
42061,3
42063,3
42065,3
42067,3
42069,3
42071,3
42073,3
42075,3
42077,3
42079,3
42081,3
42083,3
42085,3
42087,3
42089,3
42091,3
42093,3
42095,3
42097,3
42099,3
42101,3
42103,3
42105,3
42107,3
42109,3
42111,3
42113,3
42115,3
42117,3
42119,3
42121,3
42123,3
42125,3
42127,3
42129,3
42131,3
42133,3
44001,1
44003,1
44005,1
44007,1
44009,1
45001,4
45003,4
45005,4
45007,4
45009,4
45011,4
45013,4
45015,4
45017,4
45019,4
45021,4
45023,4
45025,4
45027,4
45029,4
45031,4
45033,4
45035,4
45037,4
45039,4
45041,4
45043,4
45045,4
45047,4
45049,4
45051,4
45053,4
45055,4
45057,4
45059,4
45061,4
45063,4
45065,4
45067,4
45069,4
45071,4
45073,4
45075,4
45077,4
45079,4
45081,4
45083,4
45085,4
45087,4
45089,4
45091,4
46003,8
46005,8
46007,8
46009,8
46011,8
46013,8
46015,8
46017,8
46019,8
46021,8
46023,8
46025,8
46027,8
46029,8
46031,8
46033,8
46035,8
46037,8
46039,8
46041,8
46043,8
46045,8
46047,8
46049,8
46051,8
46053,8
46055,8
46057,8
46059,8
46061,8
46063,8
46065,8
46067,8
46069,8
46071,8
46073,8
46075,8
46077,8
46079,8
46081,8
46083,8
46085,8
46087,8
46089,8
46091,8
46093,8
46095,8
46097,8
46099,8
46101,8
46102,8
46103,8
46105,8
46107,8
46109,8
46111,8
46115,8
46117,8
46119,8
46121,8
46123,8
46125,8
46127,8
46129,8
46135,8
46137,8
47001,4
47003,4
47005,4
47007,4
47009,4
47011,4
47013,4
47015,4
47017,4
47019,4
47021,4
47023,4
47025,4
47027,4
47029,4
47031,4
47033,4
47035,4
47037,4
47039,4
47041,4
47043,4
47045,4
47047,4
47049,4
47051,4
47053,4
47055,4
47057,4
47059,4
47061,4
47063,4
47065,4
47067,4
47069,4
47071,4
47073,4
47075,4
47077,4
47079,4
47081,4
47083,4
47085,4
47087,4
47089,4
47091,4
47093,4
47095,4
47097,4
47099,4
47101,4
47103,4
47105,4
47107,4
47109,4
47111,4
47113,4
47115,4
47117,4
47119,4
47121,4
47123,4
47125,4
47127,4
47129,4
47131,4
47133,4
47135,4
47137,4
47139,4
47141,4
47143,4
47145,4
47147,4
47149,4
47151,4
47153,4
47155,4
47157,4
47159,4
47161,4
47163,4
47165,4
47167,4
47169,4
47171,4
47173,4
47175,4
47177,4
47179,4
47181,4
47183,4
47185,4
47187,4
47189,4
48001,6
48003,6
48005,6
48007,6
48009,6
48011,6
48013,6
48015,6
48017,6
48019,6
48021,6
48023,6
48025,6
48027,6
48029,6
48031,6
48033,6
48035,6
48037,6
48039,6
48041,6
48043,6
48045,6
48047,6
48049,6
48051,6
48053,6
48055,6
48057,6
48059,6
48061,6
48063,6
48065,6
48067,6
48069,6
48071,6
48073,6
48075,6
48077,6
48079,6
48081,6
48083,6
48085,6
48087,6
48089,6
48091,6
48093,6
48095,6
48097,6
48099,6
48101,6
48103,6
48105,6
48107,6
48109,6
48111,6
48113,6
48115,6
48117,6
48119,6
48121,6
48123,6
48125,6
48127,6
48129,6
48131,6
48133,6
48135,6
48137,6
48139,6
48141,6
48143,6
48145,6
48147,6
48149,6
48151,6
48153,6
48155,6
48157,6
48159,6
48161,6
48163,6
48165,6
48167,6
48169,6
48171,6
48173,6
48175,6
48177,6
48179,6
48181,6
48183,6
48185,6
48187,6
48189,6
48191,6
48193,6
48195,6
48197,6
48199,6
48201,6
48203,6
48205,6
48207,6
48209,6
48211,6
48213,6
48215,6
48217,6
48219,6
48221,6
48223,6
48225,6
48227,6
48229,6
48231,6
48233,6
48235,6
48237,6
48239,6
48241,6
48243,6
48245,6
48247,6
48249,6
48251,6
48253,6
48255,6
48257,6
48259,6
48261,6
48263,6
48265,6
48267,6
48269,6
48271,6
48273,6
48275,6
48277,6
48279,6
48281,6
48283,6
48285,6
48287,6
48289,6
48291,6
48293,6
48295,6
48297,6
48299,6
48301,6
48303,6
48305,6
48307,6
48309,6
48311,6
48313,6
48315,6
48317,6
48319,6
48321,6
48323,6
48325,6
48327,6
48329,6
48331,6
48333,6
48335,6
48337,6
48339,6
48341,6
48343,6
48345,6
48347,6
48349,6
48351,6
48353,6
48355,6
48357,6
48359,6
48361,6
48363,6
48365,6
48367,6
48369,6
48371,6
48373,6
48375,6
48377,6
48379,6
48381,6
48383,6
48385,6
48387,6
48389,6
48391,6
48393,6
48395,6
48397,6
48399,6
48401,6
48403,6
48405,6
48407,6
48409,6
48411,6
48413,6
48415,6
48417,6
48419,6
48421,6
48423,6
48425,6
48427,6
48429,6
48431,6
48433,6
48435,6
48437,6
48439,6
48441,6
48443,6
48445,6
48447,6
48449,6
48451,6
48453,6
48455,6
48457,6
48459,6
48461,6
48463,6
48465,6
48467,6
48469,6
48471,6
48473,6
48475,6
48477,6
48479,6
48481,6
48483,6
48485,6
48487,6
48489,6
48491,6
48493,6
48495,6
48497,6
48499,6
48501,6
48503,6
48505,6
48507,6
49001,8
49003,8
49005,8
49007,8
49009,8
49011,8
49013,8
49015,8
49017,8
49019,8
49021,8
49023,8
49025,8
49027,8
49029,8
49031,8
49033,8
49035,8
49037,8
49039,8
49041,8
49043,8
49045,8
49047,8
49049,8
49051,8
49053,8
49055,8
49057,8
50001,1
50003,1
50005,1
50007,1
50009,1
50011,1
50013,1
50015,1
50017,1
50019,1
50021,1
50023,1
50025,1
50027,1
51001,3
51003,3
51005,3
51007,3
51009,3
51011,3
51013,3
51015,3
51017,3
51019,3
51021,3
51023,3
51025,3
51027,3
51029,3
51031,3
51033,3
51035,3
51036,3
51037,3
51041,3
51043,3
51045,3
51047,3
51049,3
51051,3
51053,3
51057,3
51059,3
51061,3
51063,3
51065,3
51067,3
51069,3
51071,3
51073,3
51075,3
51077,3
51079,3
51081,3
51083,3
51085,3
51087,3
51089,3
51091,3
51093,3
51095,3
51097,3
51099,3
51101,3
51103,3
51105,3
51107,3
51109,3
51111,3
51113,3
51115,3
51117,3
51119,3
51121,3
51125,3
51127,3
51131,3
51133,3
51135,3
51137,3
51139,3
51141,3
51143,3
51145,3
51147,3
51149,3
51153,3
51155,3
51157,3
51159,3
51161,3
51163,3
51165,3
51167,3
51169,3
51171,3
51173,3
51175,3
51177,3
51179,3
51181,3
51183,3
51185,3
51187,3
51191,3
51193,3
51195,3
51197,3
51199,3
51510,3
51520,3
51530,3
51540,3
51550,3
51570,3
51580,3
51590,3
51595,3
51600,3
51610,3
51620,3
51630,3
51640,3
51650,3
51660,3
51670,3
51678,3
51680,3
51683,3
51685,3
51690,3
51700,3
51710,3
51720,3
51730,3
51735,3
51740,3
51750,3
51760,3
51770,3
51775,3
51790,3
51800,3
51810,3
51820,3
51830,3
51840,3
53001,10
53003,10
53005,10
53007,10
53009,10
53011,10
53013,10
53015,10
53017,10
53019,10
53021,10
53023,10
53025,10
53027,10
53029,10
53031,10
53033,10
53035,10
53037,10
53039,10
53041,10
53043,10
53045,10
53047,10
53049,10
53051,10
53053,10
53055,10
53057,10
53059,10
53061,10
53063,10
53065,10
53067,10
53069,10
53071,10
53073,10
53075,10
53077,10
54001,3
54003,3
54005,3
54007,3
54009,3
54011,3
54013,3
54015,3
54017,3
54019,3
54021,3
54023,3
54025,3
54027,3
54029,3
54031,3
54033,3
54035,3
54037,3
54039,3
54041,3
54043,3
54045,3
54047,3
54049,3
54051,3
54053,3
54055,3
54057,3
54059,3
54061,3
54063,3
54065,3
54067,3
54069,3
54071,3
54073,3
54075,3
54077,3
54079,3
54081,3
54083,3
54085,3
54087,3
54089,3
54091,3
54093,3
54095,3
54097,3
54099,3
54101,3
54103,3
54105,3
54107,3
54109,3
55001,5
55003,5
55005,5
55007,5
55009,5
55011,5
55013,5
55015,5
55017,5
55019,5
55021,5
55023,5
55025,5
55027,5
55029,5
55031,5
55033,5
55035,5
55037,5
55039,5
55041,5
55043,5
55045,5
55047,5
55049,5
55051,5
55053,5
55055,5
55057,5
55059,5
55061,5
55063,5
55065,5
55067,5
55069,5
55071,5
55073,5
55075,5
55077,5
55078,5
55079,5
55081,5
55083,5
55085,5
55087,5
55089,5
55091,5
55093,5
55095,5
55097,5
55099,5
55101,5
55103,5
55105,5
55107,5
55109,5
55111,5
55113,5
55115,5
55117,5
55119,5
55121,5
55123,5
55125,5
55127,5
55129,5
55131,5
55133,5
55135,5
55137,5
55139,5
55141,5
56001,8
56003,8
56005,8
56007,8
56009,8
56011,8
56013,8
56015,8
56017,8
56019,8
56021,8
56023,8
56025,8
56027,8
56029,8
56031,8
56033,8
56035,8
56037,8
56039,8
56041,8
56043,8
56045,8
70002,9
70003,9
72001,2
72003,2
72005,2
72007,2
72009,2
72011,2
72013,2
72015,2
72017,2
72019,2
72021,2
72023,2
72025,2
72027,2
72029,2
72031,2
72033,2
72035,2
72037,2
72039,2
72041,2
72043,2
72045,2
72047,2
72049,2
72051,2
72053,2
72054,2
72055,2
72057,2
72059,2
72061,2
72063,2
72065,2
72067,2
72069,2
72071,2
72073,2
72075,2
72077,2
72079,2
72081,2
72083,2
72085,2
72087,2
72089,2
72091,2
72093,2
72095,2
72097,2
72099,2
72101,2
72103,2
72105,2
72107,2
72109,2
72111,2
72113,2
72115,2
72117,2
72119,2
72121,2
72123,2
72125,2
72127,2
72129,2
72131,2
72133,2
72135,2
72137,2
72139,2
72141,2
72143,2
72145,2
72147,2
72149,2
72151,2
72153,2
60010,9
60020,9
60030,9
60040,9
60050,9
66010,9
78010,2
78020,2
78030,2
69085,9
69100,9
69110,9
69120,9
78000,2
33000,1
09000,1
32000,9
04000,9
30000,8
15000,9
69000,9
25000,1
19000,7
01000,4
51000,3
41000,10
66000,9
22000,6
06000,9
39000,5
38000,8
53000,10
12000,4
46000,8
17000,5
48000,6
34000,2
08000,8
36000,2
40000,6
47000,4
49000,8
45000,4
55000,5
11000,3
02000,10
72000,2
23000,1
16000,10
44000,1
54000,3
10000,3
21000,4
28000,4
18000,5
05000,6
56000,8
24000,3
50000,1
37000,4
20000,7
31000,7
29000,7
27000,5
13000,4
42000,3
35000,6
60000,9
26000,5
70000,9
