fips,population
72,3193694
1000.0,4903185
1001.0,55869
1003.0,223234
1005.0,24686
1007.0,22394
1009.0,57826
1011.0,10101
1013.0,19448
1015.0,113605
1017.0,33254
1019.0,26196
1021.0,44428
1023.0,12589
1025.0,23622
1027.0,13235
1029.0,14910
1031.0,52342
1033.0,55241
1035.0,12067
1037.0,10663
1039.0,37049
1041.0,13772
1043.0,83768
1045.0,49172
1047.0,37196
1049.0,71513
1051.0,81209
1053.0,36633
1055.0,102268
1057.0,16302
1059.0,31362
1061.0,26271
1063.0,8111
1065.0,14651
1067.0,17205
1069.0,105882
1071.0,51626
1073.0,658573
1075.0,13805
1077.0,92729
1079.0,32924
1081.0,164542
1083.0,98915
1085.0,9726
1087.0,18068
1089.0,372909
1091.0,18863
1093.0,29709
1095.0,96774
1097.0,413210
1099.0,20733
1101.0,226486
1103.0,119679
1105.0,8923
1107.0,19930
1109.0,33114
1111.0,22722
1113.0,57961
1115.0,89512
1117.0,217702
1119.0,12427
1121.0,79978
1123.0,40367
1125.0,209355
1127.0,63521
1129.0,16326
1131.0,10373
1133.0,23629
2000.0,731545
2013.0,3337
2016.0,5634
2020.0,288000
2050.0,18386
2060.0,836
2068.0,2097
2070.0,4916
2090.0,96849
2100.0,2530
2105.0,2148
2110.0,31974
2122.0,58708
2130.0,13901
2150.0,12998
2158.0,8314
2164.0,1592
2170.0,108317
2180.0,10004
2185.0,9832
2188.0,7621
2195.0,3266
2198.0,6203
2220.0,8493
2230.0,1183
2240.0,6893
2261.0,9202
2275.0,2502
2282.0,579
2290.0,5230
4000.0,7278717
4001.0,71887
4003.0,125922
4005.0,143476
4007.0,54018
4009.0,38837
4011.0,9498
4012.0,21108
4013.0,4485414
4015.0,212181
4017.0,110924
4019.0,1047279
4021.0,462789
4023.0,46498
4025.0,235099
4027.0,213787
5000.0,3017804
5001.0,17486
5003.0,19657
5005.0,41932
5007.0,279141
5009.0,37432
5011.0,10763
5013.0,5189
5015.0,28380
5017.0,10118
5019.0,22320
5021.0,14551
5023.0,24919
5025.0,7956
5027.0,23457
5029.0,20846
5031.0,110332
5033.0,63257
5035.0,47955
5037.0,16419
5039.0,7009
5041.0,11361
5043.0,18219
5045.0,126007
5047.0,17715
5049.0,12477
5051.0,99386
5053.0,18265
5055.0,45325
5057.0,21532
5059.0,33771
5061.0,13202
5063.0,37825
5065.0,13629
5067.0,16719
5069.0,66824
5071.0,26578
5073.0,6624
5075.0,16406
5077.0,8857
5079.0,13024
5081.0,12259
5083.0,21466
5085.0,73309
5087.0,16576
5089.0,16694
5091.0,43257
5093.0,40651
5095.0,6701
5097.0,8986
5099.0,8252
5101.0,7753
5103.0,23382
5105.0,10455
5107.0,17782
5109.0,10718
5111.0,23528
5113.0,19964
5115.0,64072
5117.0,8062
5119.0,391911
5121.0,17958
5123.0,24994
5125.0,122437
5127.0,10281
5129.0,7881
5131.0,127827
5133.0,17007
5135.0,17442
5137.0,12506
5139.0,38682
5141.0,16545
5143.0,239187
5145.0,78753
5147.0,6320
5149.0,21341
6000.0,39512223
6001.0,1671329
6003.0,1129
6005.0,39752
6007.0,219186
6009.0,45905
6011.0,21547
6013.0,1153526
6015.0,27812
6017.0,192843
6019.0,999101
6021.0,28393
6023.0,135558
6025.0,181215
6027.0,18039
6029.0,900202
6031.0,152940
6033.0,64386
6035.0,30573
6037.0,10039107
6039.0,157327
6041.0,258826
6043.0,17203
6045.0,86749
6047.0,277680
6049.0,8841
6051.0,14444
6053.0,434061
6055.0,137744
6057.0,99755
6059.0,3175692
6061.0,398329
6063.0,18807
6065.0,2470546
6067.0,1552058
6069.0,62808
6071.0,2180085
6073.0,3338330
6075.0,881549
6077.0,762148
6079.0,283111
6081.0,766573
6083.0,446499
6085.0,1927852
6087.0,273213
6089.0,180080
6091.0,3005
6093.0,43539
6095.0,447643
6097.0,494336
6099.0,550660
6101.0,96971
6103.0,65084
6105.0,12285
6107.0,466195
6109.0,54478
6111.0,846006
6113.0,220500
6115.0,78668
8000.0,5758736
8001.0,517421
8003.0,16233
8005.0,656590
8007.0,14029
8009.0,3581
8011.0,5577
8013.0,326196
8014.0,70465
8015.0,20356
8017.0,1831
8019.0,9700
8021.0,8205
8023.0,3887
8025.0,6061
8027.0,5068
8029.0,31162
8031.0,727211
8033.0,2055
8035.0,351154
8037.0,55127
8039.0,26729
8041.0,720403
8043.0,47839
8045.0,60061
8047.0,6243
8049.0,15734
8051.0,17462
8053.0,820
8055.0,6897
8057.0,1392
8059.0,582881
8061.0,1406
8063.0,7097
8065.0,8127
8067.0,56221
8069.0,356899
8071.0,14506
8073.0,5701
8075.0,22409
8077.0,154210
8079.0,769
8081.0,13283
8083.0,26183
8085.0,42758
8087.0,29068
8089.0,18278
8091.0,4952
8093.0,18845
8095.0,4265
8097.0,17767
8099.0,12172
8101.0,168424
8103.0,6324
8105.0,11267
8107.0,25638
8109.0,6824
8111.0,728
8113.0,8179
8115.0,2248
8117.0,31011
8119.0,25388
8121.0,4908
8123.0,324492
8125.0,10019
9000.0,3565287
9001.0,943332
9003.0,891720
9005.0,180333
9007.0,162436
9009.0,854757
9011.0,265206
9013.0,150721
9015.0,116782
10000.0,973764
10001.0,180786
10003.0,558753
10005.0,234225
11000.0,705749
11001.0,705749
12000.0,21477737
12001.0,269043
12003.0,29210
12005.0,174705
12007.0,28201
12009.0,601942
12011.0,1952778
12013.0,14105
12015.0,188910
12017.0,149657
12019.0,219252
12021.0,384902
12023.0,71686
12027.0,38001
12029.0,16826
12031.0,957755
12033.0,318316
12035.0,115081
12037.0,12125
12039.0,45660
12041.0,18582
12043.0,13811
12045.0,13639
12047.0,14428
12049.0,26937
12051.0,42022
12053.0,193920
12055.0,106221
12057.0,1471968
12059.0,19617
12061.0,159923
12063.0,46414
12065.0,14246
12067.0,8422
12069.0,367118
12071.0,770577
12073.0,293582
12075.0,41503
12077.0,8354
12079.0,18493
12081.0,403253
12083.0,365579
12085.0,161000
12086.0,2716940
12087.0,74228
12089.0,88625
12091.0,210738
12093.0,42168
12095.0,1393452
12097.0,375751
12099.0,1496770
12101.0,553947
12103.0,974996
12105.0,724777
12107.0,74521
12109.0,264672
12111.0,328297
12113.0,184313
12115.0,433742
12117.0,471826
12119.0,132420
12121.0,44417
12123.0,21569
12125.0,15237
12127.0,553284
12129.0,33739
12131.0,74071
12133.0,25473
13000.0,10617423
13001.0,18386
13003.0,8165
13005.0,11164
13007.0,3038
13009.0,44890
13011.0,19234
13013.0,83240
13015.0,107738
13017.0,16700
13019.0,19397
13021.0,153159
13023.0,12873
13025.0,19109
13027.0,15457
13029.0,39627
13031.0,79608
13033.0,22383
13035.0,24936
13037.0,6189
13039.0,54666
13043.0,10803
13045.0,119992
13047.0,67580
13049.0,13392
13051.0,289430
13053.0,10907
13055.0,24789
13057.0,258773
13059.0,128331
13061.0,2834
13063.0,292256
13065.0,6618
13067.0,760141
13069.0,43273
13071.0,45600
13073.0,156714
13075.0,17270
13077.0,148509
13079.0,12404
13081.0,22372
13083.0,16116
13085.0,26108
13087.0,26404
13089.0,759297
13091.0,20605
13093.0,13390
13095.0,87956
13097.0,146343
13099.0,10190
13101.0,4006
13103.0,64296
13105.0,19194
13107.0,22646
13109.0,10654
13111.0,26188
13113.0,114421
13115.0,98498
13117.0,244252
13119.0,23349
13121.0,1063937
13123.0,31369
13125.0,2971
13127.0,85292
13129.0,57963
13131.0,24633
13133.0,18324
13135.0,936250
13137.0,45328
13139.0,204441
13141.0,8457
13143.0,29792
13145.0,35236
13147.0,26205
13149.0,11923
13151.0,234561
13153.0,157863
13155.0,9416
13157.0,72977
13159.0,14219
13161.0,15115
13163.0,15362
13165.0,8676
13167.0,9643
13169.0,28735
13171.0,19077
13173.0,10423
13175.0,47546
13177.0,29992
13179.0,61435
13181.0,7921
13183.0,19559
13185.0,117406
13187.0,33610
13189.0,21312
13191.0,14378
13193.0,12947
13195.0,29880
13197.0,8359
13199.0,21167
13201.0,5718
13205.0,21863
13207.0,27578
13209.0,9172
13211.0,19276
13213.0,40096
13215.0,195769
13217.0,111744
13219.0,40280
13221.0,15259
13223.0,168667
13225.0,27546
13227.0,32591
13229.0,19465
13231.0,18962
13233.0,42613
13235.0,11137
13237.0,22119
13239.0,2299
13241.0,17137
13243.0,6778
13245.0,202518
13247.0,90896
13249.0,5257
13251.0,13966
13253.0,8090
13255.0,66703
13257.0,25925
13259.0,6621
13261.0,29524
13263.0,6195
13265.0,1537
13267.0,25286
13269.0,8020
13271.0,15860
13273.0,8531
13275.0,44451
13277.0,40644
13279.0,26830
13281.0,12037
13283.0,6901
13285.0,69922
13287.0,7985
13289.0,8120
13291.0,24511
13293.0,26320
13295.0,69761
13297.0,94593
13299.0,35734
13301.0,5254
13303.0,20374
13305.0,29927
13307.0,2607
13309.0,7855
13311.0,30798
13313.0,104628
13315.0,8635
13317.0,9777
13319.0,8954
13321.0,20247
15000.0,1415872
15001.0,201513
15003.0,974563
15005.0,86
15007.0,72293
15009.0,167417
16000.0,1787065
16001.0,481587
16003.0,4294
16005.0,87808
16007.0,6125
16009.0,9298
16011.0,46811
16013.0,23021
16015.0,7831
16017.0,45739
16019.0,119062
16021.0,12245
16023.0,2597
16025.0,1106
16027.0,229849
16029.0,7155
16031.0,24030
16033.0,845
16035.0,8756
16037.0,4315
16039.0,27511
16041.0,13876
16043.0,13099
16045.0,18112
16047.0,15179
16049.0,16667
16051.0,29871
16053.0,24412
16055.0,165697
16057.0,40108
16059.0,8027
16061.0,3838
16063.0,5366
16065.0,39907
16067.0,21039
16069.0,40408
16071.0,4531
16073.0,11823
16075.0,23951
16077.0,7681
16079.0,12882
16081.0,12142
16083.0,86878
16085.0,11392
16087.0,10194
17000.0,12671821
17001.0,65435
17003.0,5761
17005.0,16426
17007.0,53544
17009.0,6578
17011.0,32628
17013.0,4739
17015.0,14305
17017.0,12147
17019.0,209689
17021.0,32304
17023.0,15441
17025.0,13184
17027.0,37562
17029.0,50621
17031.0,5150233
17033.0,18667
17035.0,10766
17037.0,104897
17039.0,15638
17041.0,19465
17043.0,922921
17045.0,17161
17047.0,6395
17049.0,34008
17051.0,21336
17053.0,12961
17055.0,38469
17057.0,34340
17059.0,4828
17061.0,12969
17063.0,51054
17065.0,8116
17067.0,17708
17069.0,3821
17071.0,6646
17073.0,48913
17075.0,27114
17077.0,56750
17079.0,9610
17081.0,37684
17083.0,21773
17085.0,21235
17087.0,12417
17089.0,532403
17091.0,109862
17093.0,128990
17095.0,49699
17097.0,696535
17099.0,108669
17101.0,15678
17103.0,34096
17105.0,35648
17107.0,28618
17109.0,29682
17111.0,307774
17113.0,171517
17115.0,104009
17117.0,44926
17119.0,262966
17121.0,37205
17123.0,11438
17125.0,13359
17127.0,13772
17129.0,12196
17131.0,15437
17133.0,34637
17135.0,28414
17137.0,33658
17139.0,14501
17141.0,50643
17143.0,179179
17145.0,20916
17147.0,16344
17149.0,15561
17151.0,4177
17153.0,5335
17155.0,5739
17157.0,31782
17159.0,15513
17161.0,141879
17163.0,259686
17165.0,23491
17167.0,194672
17169.0,6768
17171.0,4951
17173.0,21634
17175.0,5342
17177.0,44498
17179.0,131803
17181.0,16653
17183.0,75758
17185.0,11520
17187.0,16844
17189.0,13887
17191.0,16215
17193.0,13537
17195.0,55175
17197.0,690743
17199.0,66597
17201.0,282572
17203.0,38459
18000.0,6732219
18001.0,35777
18003.0,379299
18005.0,83779
18007.0,8748
18009.0,11758
18011.0,67843
18013.0,15092
18015.0,20257
18017.0,37689
18019.0,118302
18021.0,26225
18023.0,32399
18025.0,10577
18027.0,33351
18029.0,49458
18031.0,26559
18033.0,43475
18035.0,114135
18037.0,42736
18039.0,206341
18041.0,23102
18043.0,78522
18045.0,16346
18047.0,22758
18049.0,19974
18051.0,33659
18053.0,65769
18055.0,31922
18057.0,338011
18059.0,78168
18061.0,40515
18063.0,170311
18065.0,47972
18067.0,82544
18069.0,36520
18071.0,44231
18073.0,33562
18075.0,20436
18077.0,32308
18079.0,27735
18081.0,158167
18083.0,36594
18085.0,79456
18087.0,39614
18089.0,485493
18091.0,109888
18093.0,45370
18095.0,129569
18097.0,964582
18099.0,46258
18101.0,10255
18103.0,35516
18105.0,148431
18107.0,38338
18109.0,70489
18111.0,13984
18113.0,47744
18115.0,5875
18117.0,19646
18119.0,20799
18121.0,16937
18123.0,19169
18125.0,12389
18127.0,170389
18129.0,25427
18131.0,12353
18133.0,37576
18135.0,24665
18137.0,28324
18139.0,16581
18141.0,271826
18143.0,23873
18145.0,44729
18147.0,20277
18149.0,22995
18151.0,34594
18153.0,20669
18155.0,10751
18157.0,195732
18159.0,15148
18161.0,7054
18163.0,181451
18165.0,15498
18167.0,107038
18169.0,30996
18171.0,8265
18173.0,62998
18175.0,28036
18177.0,65884
18179.0,28296
18181.0,24102
18183.0,33964
19000.0,3155070
19001.0,7152
19003.0,3602
19005.0,13687
19007.0,12426
19009.0,5496
19011.0,25645
19013.0,131228
19015.0,26234
19017.0,25062
19019.0,21175
19021.0,19620
19023.0,14439
19025.0,9668
19027.0,20165
19029.0,12836
19031.0,18627
19033.0,42450
19035.0,11235
19037.0,11933
19039.0,9395
19041.0,16016
19043.0,17549
19045.0,46429
19047.0,16820
19049.0,93453
19051.0,9000
19053.0,7870
19055.0,17011
19057.0,38967
19059.0,17258
19061.0,97311
19063.0,9208
19065.0,19650
19067.0,15642
19069.0,10070
19071.0,6960
19073.0,8888
19075.0,12232
19077.0,10689
19079.0,14773
19081.0,10630
19083.0,16846
19085.0,14049
19087.0,19954
19089.0,9158
19091.0,9558
19093.0,6860
19095.0,16184
19097.0,19439
19099.0,37185
19101.0,18295
19103.0,151140
19105.0,20681
19107.0,10246
19109.0,14813
19111.0,33657
19113.0,226706
19115.0,11035
19117.0,8600
19119.0,11755
19121.0,16338
19123.0,22095
19125.0,33253
19127.0,39369
19129.0,15109
19131.0,10586
19133.0,8615
19135.0,7707
19137.0,9917
19139.0,42664
19141.0,13753
19143.0,5958
19145.0,15107
19147.0,8886
19149.0,25177
19151.0,6619
19153.0,490161
19155.0,93206
19157.0,18504
19159.0,4894
19161.0,9721
19163.0,172943
19165.0,11454
19167.0,34855
19169.0,97117
19171.0,16854
19173.0,6121
19175.0,12241
19177.0,7044
19179.0,34969
19181.0,51466
19183.0,21965
19185.0,6441
19187.0,35904
19189.0,10354
19191.0,19991
19193.0,103107
19195.0,7381
19197.0,12562
20000.0,2913314
20001.0,12369
20003.0,7858
20005.0,16073
20007.0,4427
20009.0,25779
20011.0,14534
20013.0,9564
20015.0,66911
20017.0,2648
20019.0,3250
20021.0,19939
20023.0,2657
20025.0,1994
20027.0,8002
20029.0,8786
20031.0,8179
20033.0,1700
20035.0,34908
20037.0,38818
20039.0,2827
20041.0,18466
20043.0,7600
20045.0,122259
20047.0,2798
20049.0,2530
20051.0,28553
20053.0,6102
20055.0,36467
20057.0,33619
20059.0,25544
20061.0,31670
20063.0,2636
20065.0,2482
20067.0,7150
20069.0,5988
20071.0,1232
20073.0,5982
20075.0,2539
20077.0,5436
20079.0,34429
20081.0,3968
20083.0,1794
20085.0,13171
20087.0,19043
20089.0,2879
20091.0,602401
20093.0,3838
20095.0,7152
20097.0,2475
20099.0,19618
20101.0,1535
20103.0,81758
20105.0,2962
20107.0,9703
20109.0,2794
20111.0,33195
20113.0,28542
20115.0,11884
20117.0,9707
20119.0,4033
20121.0,34237
20123.0,5979
20125.0,31829
20127.0,5620
20129.0,2587
20131.0,10231
20133.0,16007
20135.0,2750
20137.0,5361
20139.0,15949
20141.0,3421
20143.0,5704
20145.0,6414
20147.0,5234
20149.0,24383
20151.0,9164
20153.0,2530
20155.0,61998
20157.0,4636
20159.0,9537
20161.0,74232
20163.0,4920
20165.0,3036
20167.0,6856
20169.0,54224
20171.0,4823
20173.0,516042
20175.0,21428
20177.0,176875
20179.0,2521
20181.0,5917
20183.0,3583
20185.0,4156
20187.0,2006
20189.0,5485
20191.0,22836
20193.0,7777
20195.0,2803
20197.0,6931
20199.0,1518
20201.0,5406
20203.0,2119
20205.0,8525
20207.0,3138
20209.0,165429
21000.0,4467673
21001.0,19202
21003.0,21315
21005.0,22747
21007.0,7888
21009.0,44249
21011.0,12500
21013.0,26032
21015.0,133581
21017.0,19788
21019.0,46718
21021.0,30060
21023.0,8303
21025.0,12630
21027.0,20477
21029.0,81676
21031.0,12879
21033.0,12747
21035.0,39001
21037.0,93584
21039.0,4760
21041.0,10631
21043.0,26797
21045.0,16159
21047.0,70461
21049.0,36263
21051.0,19901
21053.0,10218
21055.0,8806
21057.0,6614
21059.0,101511
21061.0,12150
21063.0,7517
21065.0,14106
21067.0,323152
21069.0,14581
21071.0,35589
21073.0,50991
21075.0,5969
21077.0,8869
21079.0,17666
21081.0,25069
21083.0,37266
21085.0,26427
21087.0,10941
21089.0,35098
21091.0,8722
21093.0,110958
21095.0,26010
21097.0,18886
21099.0,19035
21101.0,45210
21103.0,16126
21105.0,4380
21107.0,44686
21109.0,13329
21111.0,766757
21113.0,54115
21115.0,22188
21117.0,166998
21119.0,14806
21121.0,31145
21123.0,14398
21125.0,60813
21127.0,15317
21129.0,7403
21131.0,9877
21133.0,21553
21135.0,13275
21137.0,24549
21139.0,9194
21141.0,27102
21143.0,8210
21145.0,65418
21147.0,17231
21149.0,9207
21151.0,92987
21153.0,12161
21155.0,19273
21157.0,31100
21159.0,11195
21161.0,17070
21163.0,28572
21165.0,6489
21167.0,21933
21169.0,10071
21171.0,10650
21173.0,28157
21175.0,13309
21177.0,30622
21179.0,46233
21181.0,7269
21183.0,23994
21185.0,66799
21187.0,10901
21189.0,4415
21191.0,14590
21193.0,25758
21195.0,57876
21197.0,12359
21199.0,64979
21201.0,2108
21203.0,16695
21205.0,24460
21207.0,17923
21209.0,57004
21211.0,49024
21213.0,18572
21215.0,19351
21217.0,25769
21219.0,12294
21221.0,14651
21223.0,8471
21225.0,14381
21227.0,132896
21229.0,12095
21231.0,20333
21233.0,12942
21235.0,36264
21237.0,7157
21239.0,26734
22000.0,4648794
22001.0,62045
22003.0,25627
22005.0,126604
22007.0,21891
22009.0,40144
22011.0,37497
22013.0,13241
22015.0,127039
22017.0,240204
22019.0,203436
22021.0,9918
22023.0,6973
22025.0,9494
22027.0,15670
22029.0,19259
22031.0,27463
22033.0,440059
22035.0,6861
22037.0,19135
22039.0,33395
22041.0,20015
22043.0,22389
22045.0,69830
22047.0,32511
22049.0,15744
22051.0,432493
22053.0,31368
22055.0,244390
22057.0,97614
22059.0,14892
22061.0,46742
22063.0,140789
22065.0,10951
22067.0,24874
22069.0,38158
22071.0,390144
22073.0,153279
22075.0,23197
22077.0,21730
22079.0,129648
22081.0,8442
22083.0,20122
22085.0,23884
22087.0,47244
22089.0,53100
22091.0,10132
22093.0,21096
22095.0,42837
22097.0,82124
22099.0,53431
22101.0,49348
22103.0,260419
22105.0,134758
22107.0,4334
22109.0,110461
22111.0,22108
22113.0,59511
22115.0,47429
22117.0,46194
22119.0,38340
22121.0,26465
22123.0,10830
22125.0,15568
22127.0,13904
23000.0,1344212
23001.0,108277
23003.0,67055
23005.0,295003
23007.0,30199
23009.0,54987
23011.0,122302
23013.0,39772
23015.0,34634
23017.0,57975
23019.0,152148
23021.0,16785
23023.0,35856
23025.0,50484
23027.0,39715
23029.0,31379
23031.0,207641
24000.0,6045680
24001.0,70416
24003.0,579234
24005.0,827370
24009.0,92525
24011.0,33406
24013.0,168447
24015.0,102855
24017.0,163257
24019.0,31929
24021.0,259547
24023.0,29014
24025.0,255441
24027.0,325690
24029.0,19422
24031.0,1050688
24033.0,909327
24035.0,50381
24037.0,113510
24039.0,25616
24041.0,37181
24043.0,151049
24045.0,103609
24047.0,52276
24510.0,593490
25000.0,6892503
25001.0,212990
25003.0,124944
25005.0,565217
25007.0,17332
25009.0,789034
25011.0,70180
25013.0,466372
25015.0,160830
25017.0,1611699
25019.0,11399
25021.0,706775
25023.0,521202
25025.0,803907
25027.0,830622
26000.0,9986857
26001.0,10405
26003.0,9108
26005.0,118081
26007.0,28405
26009.0,23324
26011.0,14883
26013.0,8209
26015.0,61550
26017.0,103126
26019.0,17766
26021.0,153401
26023.0,43517
26025.0,134159
26027.0,51787
26029.0,26143
26031.0,25276
26033.0,37349
26035.0,30950
26037.0,79595
26039.0,14029
26041.0,35784
26043.0,25239
26045.0,110268
26047.0,33415
26049.0,405813
26051.0,25449
26053.0,13975
26055.0,93088
26057.0,40711
26059.0,45605
26061.0,35684
26063.0,30981
26065.0,292406
26067.0,64697
26069.0,25127
26071.0,11066
26073.0,69872
26075.0,158510
26077.0,265066
26079.0,18038
26081.0,656955
26083.0,2116
26085.0,11853
26087.0,87607
26089.0,21761
26091.0,98451
26093.0,191995
26095.0,6229
26097.0,10799
26099.0,873972
26101.0,24558
26103.0,66699
26105.0,29144
26107.0,43453
26109.0,22780
26111.0,83156
26113.0,15118
26115.0,150500
26117.0,63888
26119.0,9328
26121.0,173566
26123.0,48980
26125.0,1257584
26127.0,26467
26129.0,20997
26131.0,5720
26133.0,23460
26135.0,8241
26137.0,24668
26139.0,291830
26141.0,12592
26143.0,24019
26145.0,190539
26147.0,159128
26149.0,60964
26151.0,41170
26153.0,8094
26155.0,68122
26157.0,52245
26159.0,75677
26161.0,367601
26163.0,1749343
26165.0,33631
27000.0,5639632
27001.0,15886
27003.0,356921
27005.0,34423
27007.0,47188
27009.0,40889
27011.0,4991
27013.0,67653
27015.0,25008
27017.0,35871
27019.0,105089
27021.0,29779
27023.0,11800
27025.0,56579
27027.0,64222
27029.0,8818
27031.0,5463
27033.0,11196
27035.0,65055
27037.0,429021
27039.0,20934
27041.0,38141
27043.0,13653
27045.0,21067
27047.0,30281
27049.0,46340
27051.0,5972
27053.0,1265843
27055.0,18600
27057.0,21491
27059.0,40596
27061.0,45130
27063.0,9846
27065.0,16337
27067.0,43199
27069.0,4298
27071.0,12229
27073.0,6623
27075.0,10641
27077.0,3740
27079.0,28887
27081.0,5639
27083.0,25474
27085.0,35893
27087.0,5527
27089.0,9336
27091.0,19683
27093.0,23222
27095.0,26277
27097.0,33386
27099.0,40062
27101.0,8194
27103.0,34274
27105.0,21629
27107.0,6375
27109.0,158293
27111.0,58746
27113.0,14119
27115.0,29579
27117.0,9126
27119.0,31364
27121.0,11249
27123.0,550321
27125.0,4055
27127.0,15170
27129.0,14548
27131.0,66972
27133.0,9315
27135.0,15165
27137.0,199070
27139.0,149013
27141.0,97238
27143.0,14865
27145.0,161075
27147.0,36649
27149.0,9805
27151.0,9266
27153.0,24664
27155.0,3259
27157.0,21627
27159.0,13682
27161.0,18612
27163.0,262440
27165.0,10897
27167.0,6207
27169.0,50484
27171.0,138377
27173.0,9709
28000.0,2976149
28001.0,30693
28003.0,36953
28005.0,12297
28007.0,18174
28009.0,8259
28011.0,30628
28013.0,14361
28015.0,9947
28017.0,17103
28019.0,8210
28021.0,8988
28023.0,15541
28025.0,19316
28027.0,22124
28029.0,28065
28031.0,18636
28033.0,184945
28035.0,74897
28037.0,7713
28039.0,24500
28041.0,13586
28043.0,20758
28045.0,47632
28047.0,208080
28049.0,231840
28051.0,17010
28053.0,8064
28055.0,1327
28057.0,23390
28059.0,143617
28061.0,16383
28063.0,6990
28065.0,11128
28067.0,68098
28069.0,9742
28071.0,54019
28073.0,63343
28075.0,74125
28077.0,12586
28079.0,22786
28081.0,85436
28083.0,28183
28085.0,34153
28087.0,58595
28089.0,106272
28091.0,24573
28093.0,35294
28095.0,35252
28097.0,9775
28099.0,29118
28101.0,21018
28103.0,10417
28105.0,49587
28107.0,34192
28109.0,55535
28111.0,11973
28113.0,39288
28115.0,32174
28117.0,25126
28119.0,6792
28121.0,155271
28123.0,28124
28125.0,4321
28127.0,26658
28129.0,15916
28131.0,18336
28133.0,25110
28135.0,13809
28137.0,28321
28139.0,22015
28141.0,19383
28143.0,9632
28145.0,28815
28147.0,14286
28149.0,45381
28151.0,43909
28153.0,20183
28155.0,9689
28157.0,8630
28159.0,17955
28161.0,12108
28163.0,29690
29000.0,6137428
29001.0,25343
29003.0,17712
29005.0,5143
29007.0,25388
29009.0,35789
29011.0,11754
29013.0,16172
29015.0,19443
29017.0,12133
29019.0,180463
29021.0,87364
29023.0,42478
29025.0,9020
29027.0,44743
29029.0,46305
29031.0,78871
29033.0,8679
29035.0,5982
29037.0,105780
29039.0,14349
29041.0,7426
29043.0,88595
29045.0,6797
29047.0,249948
29049.0,20387
29051.0,76745
29053.0,17709
29055.0,23920
29057.0,7561
29059.0,16878
29061.0,8278
29063.0,12547
29065.0,15573
29067.0,13185
29069.0,29131
29071.0,103967
29073.0,14706
29075.0,6571
29077.0,293086
29079.0,9850
29081.0,8352
29083.0,21824
29085.0,9544
29087.0,4403
29089.0,10001
29091.0,40117
29093.0,10125
29095.0,703011
29097.0,121328
29099.0,225081
29101.0,54062
29103.0,3959
29105.0,35723
29107.0,32708
29109.0,38355
29111.0,9776
29113.0,59013
29115.0,11920
29117.0,15227
29119.0,22837
29121.0,15117
29123.0,12088
29125.0,8697
29127.0,28530
29129.0,3617
29131.0,25619
29133.0,13180
29135.0,16132
29137.0,8644
29139.0,11551
29141.0,20627
29143.0,17076
29145.0,58236
29147.0,22092
29149.0,10529
29151.0,13615
29153.0,9174
29155.0,15805
29157.0,19136
29159.0,42339
29161.0,44573
29163.0,18302
29165.0,104418
29167.0,32149
29169.0,52607
29171.0,4696
29173.0,10309
29175.0,24748
29177.0,23018
29179.0,6270
29181.0,13288
29183.0,402022
29185.0,9397
29186.0,17894
29187.0,67215
29189.0,994205
29195.0,22761
29197.0,4660
29199.0,4902
29201.0,38280
29203.0,8166
29205.0,5930
29207.0,29025
29209.0,31952
29211.0,6089
29213.0,55928
29215.0,25398
29217.0,20563
29219.0,35649
29221.0,24730
29223.0,12873
29225.0,39592
29227.0,2013
29229.0,18289
29510.0,300576
30000.0,1068778
30001.0,9453
30003.0,13319
30005.0,6681
30007.0,6237
30009.0,10725
30011.0,1252
30013.0,81366
30015.0,5635
30017.0,11402
30019.0,1690
30021.0,8613
30023.0,9140
30025.0,2846
30027.0,11050
30029.0,103806
30031.0,114434
30033.0,1258
30035.0,13753
30037.0,821
30039.0,3379
30041.0,16484
30043.0,12221
30045.0,2007
30047.0,30458
30049.0,69432
30051.0,2337
30053.0,19980
30055.0,1664
30057.0,8600
30059.0,1862
30061.0,4397
30063.0,119600
30065.0,4633
30067.0,16606
30069.0,487
30071.0,3954
30073.0,5911
30075.0,1682
30077.0,6890
30079.0,1077
30081.0,43806
30083.0,10803
30085.0,11004
30087.0,8937
30089.0,12113
30091.0,3309
30093.0,34915
30095.0,9642
30097.0,3737
30099.0,6147
30101.0,4736
30103.0,696
30105.0,7396
30107.0,2126
30109.0,969
30111.0,161300
31000.0,1934408
31001.0,31363
31003.0,6298
31005.0,463
31007.0,745
31009.0,465
31011.0,5192
31013.0,10783
31015.0,1919
31017.0,2955
31019.0,49659
31021.0,6459
31023.0,8016
31025.0,26248
31027.0,8402
31029.0,3924
31031.0,5689
31033.0,8910
31035.0,6203
31037.0,10709
31039.0,8846
31041.0,10777
31043.0,20026
31045.0,8589
31047.0,23595
31049.0,1794
31051.0,5636
31053.0,36565
31055.0,571327
31057.0,1693
31059.0,5462
31061.0,2979
31063.0,2627
31065.0,4676
31067.0,21513
31069.0,1837
31071.0,1969
31073.0,1990
31075.0,623
31077.0,2356
31079.0,61353
31081.0,9324
31083.0,3380
31085.0,922
31087.0,2762
31089.0,10067
31091.0,682
31093.0,6445
31095.0,7046
31097.0,5071
31099.0,6495
31101.0,8034
31103.0,806
31105.0,3632
31107.0,8332
31109.0,319090
31111.0,34914
31113.0,748
31115.0,664
31117.0,494
31119.0,35099
31121.0,7755
31123.0,4642
31125.0,3519
31127.0,6972
31129.0,4148
31131.0,16012
31133.0,2613
31135.0,2891
31137.0,9034
31139.0,7148
31141.0,33470
31143.0,5213
31145.0,10724
31147.0,7865
31149.0,1357
31151.0,14224
31153.0,187196
31155.0,21578
31157.0,35618
31159.0,17284
31161.0,5246
31163.0,3001
31165.0,1166
31167.0,5920
31169.0,5003
31171.0,722
31173.0,7224
31175.0,4158
31177.0,20729
31179.0,9385
31181.0,3487
31183.0,783
31185.0,13679
32000.0,3080156
32001.0,24909
32003.0,2266715
32005.0,48905
32007.0,52778
32009.0,873
32011.0,2029
32013.0,16831
32015.0,5532
32017.0,5183
32019.0,57510
32021.0,4505
32023.0,46523
32027.0,6725
32029.0,4123
32031.0,471519
32033.0,9580
32510.0,55916
33000.0,1359711
33001.0,61303
33003.0,48910
33005.0,76085
33007.0,31563
33009.0,89886
33011.0,417025
33013.0,151391
33015.0,309769
33017.0,130633
33019.0,43146
34000.0,8882190
34001.0,263670
34003.0,932202
34005.0,445349
34007.0,506471
34009.0,92039
34011.0,149527
34013.0,798975
34015.0,291636
34017.0,672391
34019.0,124371
34021.0,367430
34023.0,825062
34025.0,618795
34027.0,491845
34029.0,607186
34031.0,501826
34033.0,62385
34035.0,328934
34037.0,140488
34039.0,556341
34041.0,105267
35000.0,2096829
35001.0,679121
35003.0,3527
35005.0,64615
35006.0,26675
35007.0,11941
35009.0,48954
35011.0,1748
35013.0,218195
35015.0,58460
35017.0,26998
35019.0,4300
35021.0,625
35023.0,4198
35025.0,71070
35027.0,19572
35028.0,19369
35029.0,23709
35031.0,71367
35033.0,4521
35035.0,67490
35037.0,8253
35039.0,38921
35041.0,18500
35043.0,146748
35045.0,123958
35047.0,27277
35049.0,150358
35051.0,10791
35053.0,16637
35055.0,32723
35057.0,15461
35059.0,4059
35061.0,76688
36000.0,19453561
36001.0,305506
36003.0,46091
36005.0,1418207
36007.0,190488
36009.0,76117
36011.0,76576
36013.0,126903
36015.0,83456
36017.0,47207
36019.0,80485
36021.0,59461
36023.0,47581
36025.0,44135
36027.0,294218
36029.0,918702
36031.0,36885
36033.0,50022
36035.0,53383
36037.0,57280
36039.0,47188
36041.0,4416
36043.0,61319
36045.0,109834
36047.0,2559903
36049.0,26296
36051.0,62914
36053.0,70941
36055.0,741770
36057.0,49221
36059.0,1356924
36061.0,1628706
36063.0,209281
36065.0,228671
36067.0,460528
36069.0,109777
36071.0,384940
36073.0,40352
36075.0,117124
36077.0,59493
36079.0,98320
36081.0,2253858
36083.0,158714
36085.0,476143
36087.0,325789
36089.0,107740
36091.0,229863
36093.0,155299
36095.0,30999
36097.0,17807
36099.0,34016
36101.0,95379
36103.0,1476601
36105.0,75432
36107.0,48203
36109.0,102180
36111.0,177573
36113.0,63944
36115.0,61204
36117.0,89918
36119.0,967506
36121.0,39859
36123.0,24913
37000.0,10488084
37001.0,169509
37003.0,37497
37005.0,11137
37007.0,24446
37009.0,27203
37011.0,17557
37013.0,46994
37015.0,18947
37017.0,32722
37019.0,142820
37021.0,261191
37023.0,90485
37025.0,216453
37027.0,82178
37029.0,10867
37031.0,69473
37033.0,22604
37035.0,159551
37037.0,74470
37039.0,28612
37041.0,13943
37043.0,11231
37045.0,97947
37047.0,55508
37049.0,102139
37051.0,335509
37053.0,27763
37055.0,37009
37057.0,167609
37059.0,42846
37061.0,58741
37063.0,321488
37065.0,51472
37067.0,382295
37069.0,69685
37071.0,224529
37073.0,11562
37075.0,8441
37077.0,60443
37079.0,21069
37081.0,537174
37083.0,50010
37085.0,135976
37087.0,62317
37089.0,117417
37091.0,23677
37093.0,55234
37095.0,4937
37097.0,181806
37099.0,43938
37101.0,209339
37103.0,9419
37105.0,61779
37107.0,55949
37109.0,86111
37111.0,45756
37113.0,35858
37115.0,21755
37117.0,22440
37119.0,1110356
37121.0,14964
37123.0,27173
37125.0,100880
37127.0,94298
37129.0,234473
37131.0,19483
37133.0,197938
37135.0,148476
37137.0,12726
37139.0,39824
37141.0,63060
37143.0,13463
37145.0,39490
37147.0,180742
37149.0,20724
37151.0,143667
37153.0,44829
37155.0,130625
37157.0,91010
37159.0,142088
37161.0,67029
37163.0,63531
37165.0,34823
37167.0,62806
37169.0,45591
37171.0,71783
37173.0,14271
37175.0,34385
37177.0,4016
37179.0,239859
37181.0,44535
37183.0,1111761
37185.0,19731
37187.0,11580
37189.0,56177
37191.0,123131
37193.0,68412
37195.0,81801
37197.0,37667
37199.0,18069
38000.0,762062
38001.0,2216
38003.0,10415
38005.0,6832
38007.0,928
38009.0,6282
38011.0,3024
38013.0,2115
38015.0,95626
38017.0,181923
38019.0,3762
38021.0,4872
38023.0,2264
38025.0,4424
38027.0,2287
38029.0,3241
38031.0,3210
38033.0,1761
38035.0,69451
38037.0,2274
38039.0,2231
38041.0,2499
38043.0,2480
38045.0,4046
38047.0,1850
38049.0,5745
38051.0,2497
38053.0,15024
38055.0,9450
38057.0,8187
38059.0,31364
38061.0,10545
38063.0,2879
38065.0,1959
38067.0,6801
38069.0,3975
38071.0,11519
38073.0,5218
38075.0,2327
38077.0,16177
38079.0,14176
38081.0,3898
38083.0,1315
38085.0,4230
38087.0,750
38089.0,31489
38091.0,1890
38093.0,20704
38095.0,2189
38097.0,8036
38099.0,10641
38101.0,67641
38103.0,3834
38105.0,37589
39000.0,11689100
39001.0,27698
39003.0,102351
39005.0,53484
39007.0,97241
39009.0,65327
39011.0,45656
39013.0,67006
39015.0,43432
39017.0,383134
39019.0,26914
39021.0,38885
39023.0,134083
39025.0,206428
39027.0,41968
39029.0,101883
39031.0,36600
39033.0,41494
39035.0,1235072
39037.0,51113
39039.0,38087
39041.0,209177
39043.0,74266
39045.0,157574
39047.0,28525
39049.0,1316756
39051.0,42126
39053.0,29898
39055.0,93649
39057.0,168937
39059.0,38875
39061.0,817473
39063.0,75783
39065.0,31365
39067.0,15040
39069.0,27006
39071.0,43161
39073.0,28264
39075.0,43960
39077.0,58266
39079.0,32413
39081.0,65325
39083.0,62322
39085.0,230149
39087.0,59463
39089.0,176862
39091.0,45672
39093.0,309833
39095.0,428348
39097.0,44731
39099.0,228683
39101.0,65093
39103.0,179746
39105.0,22907
39107.0,41172
39109.0,106987
39111.0,13654
39113.0,531687
39115.0,14508
39117.0,35328
39119.0,86215
39121.0,14424
39123.0,40525
39125.0,18672
39127.0,36134
39129.0,58457
39131.0,27772
39133.0,162466
39135.0,40882
39137.0,33861
39139.0,121154
39141.0,76666
39143.0,58518
39145.0,75314
39147.0,55178
39149.0,48590
39151.0,370606
39153.0,541013
39155.0,197974
39157.0,91987
39159.0,58988
39161.0,28275
39163.0,13085
39165.0,234602
39167.0,59911
39169.0,115710
39171.0,36692
39173.0,130817
39175.0,21772
40000.0,3956971
40001.0,22194
40003.0,5702
40005.0,13758
40007.0,5311
40009.0,21859
40011.0,9429
40013.0,47995
40015.0,28762
40017.0,148306
40019.0,48111
40021.0,48657
40023.0,14672
40025.0,2137
40027.0,284014
40029.0,5495
40031.0,120749
40033.0,5666
40035.0,14142
40037.0,71522
40039.0,29003
40041.0,43009
40043.0,4891
40045.0,3859
40047.0,61056
40049.0,27711
40051.0,55834
40053.0,4333
40055.0,5712
40057.0,2653
40059.0,3688
40061.0,12627
40063.0,13279
40065.0,24530
40067.0,6002
40069.0,11085
40071.0,43538
40073.0,15765
40075.0,8708
40077.0,10073
40079.0,49853
40081.0,34877
40083.0,48011
40085.0,10253
40087.0,40474
40089.0,32832
40091.0,19596
40093.0,7629
40095.0,16931
40097.0,41100
40099.0,14073
40101.0,67997
40103.0,11131
40105.0,10076
40107.0,11993
40109.0,797434
40111.0,38465
40113.0,46963
40115.0,31127
40117.0,16376
40119.0,81784
40121.0,43654
40123.0,38284
40125.0,72592
40127.0,11096
40129.0,3583
40131.0,92459
40133.0,24258
40135.0,41569
40137.0,43143
40139.0,19983
40141.0,7250
40143.0,651552
40145.0,81289
40147.0,51527
40149.0,10916
40151.0,8793
40153.0,20211
41000.0,4217737
41001.0,16124
41003.0,93053
41005.0,418187
41007.0,40224
41009.0,52354
41011.0,64487
41013.0,24404
41015.0,22925
41017.0,197692
41019.0,110980
41021.0,1912
41023.0,7199
41025.0,7393
41027.0,23382
41029.0,220944
41031.0,24658
41033.0,87487
41035.0,68238
41037.0,7869
41039.0,382067
41041.0,49962
41043.0,129749
41045.0,30571
41047.0,347818
41049.0,11603
41051.0,812855
41053.0,86085
41055.0,1780
41057.0,27036
41059.0,77950
41061.0,26835
41063.0,7208
41065.0,26682
41067.0,601592
41069.0,1332
41071.0,107100
42000.0,12801989
42001.0,103009
42003.0,1216045
42005.0,64735
42007.0,163929
42009.0,47888
42011.0,421164
42013.0,121829
42015.0,60323
42017.0,628270
42019.0,187853
42021.0,130192
42023.0,4447
42025.0,64182
42027.0,162385
42029.0,524989
42031.0,38438
42033.0,79255
42035.0,38632
42037.0,64964
42039.0,84629
42041.0,253370
42043.0,278299
42045.0,566747
42047.0,29910
42049.0,269728
42051.0,129274
42053.0,7247
42055.0,155027
42057.0,14530
42059.0,36233
42061.0,45144
42063.0,84073
42065.0,43425
42067.0,24763
42069.0,209674
42071.0,545724
42073.0,85512
42075.0,141793
42077.0,369318
42079.0,317417
42081.0,113299
42083.0,40625
42085.0,109424
42087.0,46138
42089.0,170271
42091.0,830915
42093.0,18230
42095.0,305285
42097.0,90843
42099.0,46272
42101.0,1584064
42103.0,55809
42105.0,16526
42107.0,141359
42109.0,40372
42111.0,73447
42113.0,6066
42115.0,40328
42117.0,40591
42119.0,44923
42121.0,50668
42123.0,39191
42125.0,206865
42127.0,51361
42129.0,348899
42131.0,26794
42133.0,449058
44000.0,1059361
44001.0,48479
44003.0,164292
44005.0,82082
44007.0,638931
44009.0,125577
45000.0,5148714
45001.0,24527
45003.0,170872
45005.0,8688
45007.0,202558
45009.0,14066
45011.0,20866
45013.0,192122
45015.0,227907
45017.0,14553
45019.0,411406
45021.0,57300
45023.0,32244
45025.0,45650
45027.0,33745
45029.0,37677
45031.0,66618
45033.0,30479
45035.0,162809
45037.0,27260
45039.0,22347
45041.0,138293
45043.0,62680
45045.0,523542
45047.0,70811
45049.0,19222
45051.0,354081
45053.0,30073
45055.0,66551
45057.0,98012
45059.0,67493
45061.0,16828
45063.0,298750
45065.0,9463
45067.0,30657
45069.0,26118
45071.0,38440
45073.0,79546
45075.0,86175
45077.0,126884
45079.0,415759
45081.0,20473
45083.0,319785
45085.0,106721
45087.0,27316
45089.0,30368
45091.0,280979
46000.0,884659
46003.0,2751
46005.0,18453
46007.0,3365
46009.0,6901
46011.0,35077
46013.0,38839
46015.0,5297
46017.0,1962
46019.0,10429
46021.0,1376
46023.0,9292
46025.0,3736
46027.0,14070
46029.0,28009
46031.0,4086
46033.0,8972
46035.0,19775
46037.0,5424
46039.0,4351
46041.0,5892
46043.0,2921
46045.0,3829
46047.0,6713
46049.0,2299
46051.0,7052
46053.0,4185
46055.0,1899
46057.0,6164
46059.0,3191
46061.0,3453
46063.0,1298
46065.0,17526
46067.0,7291
46069.0,1301
46071.0,3344
46073.0,2013
46075.0,903
46077.0,4939
46079.0,12797
46081.0,25844
46083.0,61128
46085.0,3781
46087.0,5586
46089.0,2379
46091.0,4935
46093.0,28332
46095.0,2061
46097.0,2216
46099.0,193134
46101.0,6576
46102.0,14177
46103.0,113775
46105.0,2865
46107.0,2153
46109.0,10394
46111.0,2344
46115.0,6376
46117.0,3098
46119.0,1391
46121.0,10177
46123.0,5441
46125.0,8384
46127.0,15932
46129.0,5435
46135.0,22814
46137.0,2756
47000.0,6829174
47001.0,76978
47003.0,49713
47005.0,16160
47007.0,15064
47009.0,133088
47011.0,108110
47013.0,39842
47015.0,14678
47017.0,27767
47019.0,56391
47021.0,40667
47023.0,17297
47025.0,31959
47027.0,7615
47029.0,36004
47031.0,56520
47033.0,14230
47035.0,60520
47037.0,694144
47039.0,11663
47041.0,20490
47043.0,53948
47045.0,37159
47047.0,41133
47049.0,18523
47051.0,42208
47053.0,49133
47055.0,29464
47057.0,23320
47059.0,69069
47061.0,13427
47063.0,64934
47065.0,367804
47067.0,6620
47069.0,25050
47071.0,25652
47073.0,56786
47075.0,17304
47077.0,28117
47079.0,32345
47081.0,25178
47083.0,8201
47085.0,18582
47087.0,11786
47089.0,54495
47091.0,17788
47093.0,470313
47095.0,7016
47097.0,25633
47099.0,44142
47101.0,12268
47103.0,34366
47105.0,54068
47107.0,53794
47109.0,25694
47111.0,24602
47113.0,97984
47115.0,28907
47117.0,34375
47119.0,96387
47121.0,12422
47123.0,46545
47125.0,208993
47127.0,6488
47129.0,21403
47131.0,30069
47133.0,22241
47135.0,8076
47137.0,5048
47139.0,16832
47141.0,80245
47143.0,33167
47145.0,53382
47147.0,71813
47149.0,332285
47151.0,22068
47153.0,15026
47155.0,98250
47157.0,937166
47159.0,20157
47161.0,13715
47163.0,158348
47165.0,191283
47167.0,61599
47169.0,11284
47171.0,17883
47173.0,19972
47175.0,5872
47177.0,41277
47179.0,129375
47181.0,16673
47183.0,33328
47185.0,27345
47187.0,238412
47189.0,144657
48000.0,28995881
48001.0,57735
48003.0,18705
48005.0,86715
48007.0,23510
48009.0,8553
48011.0,1887
48013.0,51153
48015.0,30032
48017.0,7000
48019.0,23112
48021.0,88723
48023.0,3509
48025.0,32565
48027.0,362924
48029.0,2003554
48031.0,11931
48033.0,654
48035.0,18685
48037.0,93245
48039.0,374264
48041.0,229211
48043.0,9203
48045.0,1546
48047.0,7093
48049.0,37864
48051.0,18443
48053.0,48155
48055.0,43664
48057.0,21290
48059.0,13943
48061.0,423163
48063.0,13094
48065.0,5926
48067.0,30026
48069.0,7530
48071.0,43837
48073.0,52646
48075.0,7306
48077.0,10471
48079.0,2853
48081.0,3387
48083.0,8175
48085.0,1034730
48087.0,2920
48089.0,21493
48091.0,156209
48093.0,13635
48095.0,2726
48097.0,41257
48099.0,75951
48101.0,1398
48103.0,4797
48105.0,3464
48107.0,5737
48109.0,2171
48111.0,7287
48113.0,2635516
48115.0,12728
48117.0,18546
48119.0,5331
48121.0,887207
48123.0,20160
48125.0,2211
48127.0,10124
48129.0,3278
48131.0,11157
48133.0,18360
48135.0,166223
48137.0,1932
48139.0,184826
48141.0,839238
48143.0,42698
48145.0,17297
48147.0,35514
48149.0,25346
48151.0,3830
48153.0,5712
48155.0,1155
48157.0,811688
48159.0,10725
48161.0,19717
48163.0,20306
48165.0,21492
48167.0,342139
48169.0,6229
48171.0,26988
48173.0,1409
48175.0,7658
48177.0,20837
48179.0,21886
48181.0,136212
48183.0,123945
48185.0,28880
48187.0,166847
48189.0,33406
48191.0,2964
48193.0,8461
48195.0,5399
48197.0,3933
48199.0,57602
48201.0,4713325
48203.0,66553
48205.0,5576
48207.0,5658
48209.0,230191
48211.0,3819
48213.0,82737
48215.0,868707
48217.0,36649
48219.0,23021
48221.0,61643
48223.0,37084
48225.0,22968
48227.0,36664
48229.0,4886
48231.0,98594
48233.0,20938
48235.0,1536
48237.0,8935
48239.0,14760
48241.0,35529
48243.0,2274
48245.0,251565
48247.0,5200
48249.0,40482
48251.0,175817
48253.0,20083
48255.0,15601
48257.0,136154
48259.0,47431
48261.0,404
48263.0,762
48265.0,52600
48267.0,4337
48269.0,272
48271.0,3667
48273.0,30680
48275.0,3664
48277.0,49859
48279.0,12893
48281.0,21428
48283.0,7520
48285.0,20154
48287.0,17239
48289.0,17404
48291.0,88219
48293.0,23437
48295.0,3233
48297.0,12207
48299.0,21795
48301.0,169
48303.0,310569
48305.0,5951
48307.0,7984
48309.0,256623
48311.0,743
48313.0,14284
48315.0,9854
48317.0,5771
48319.0,4274
48321.0,36643
48323.0,58722
48325.0,51584
48327.0,2138
48329.0,176832
48331.0,24823
48333.0,4873
48335.0,8545
48337.0,19818
48339.0,607391
48341.0,20940
48343.0,12388
48345.0,1200
48347.0,65204
48349.0,50113
48351.0,13595
48353.0,14714
48355.0,362294
48357.0,9836
48359.0,2112
48361.0,83396
48363.0,29189
48365.0,23194
48367.0,142878
48369.0,9605
48371.0,15823
48373.0,51353
48375.0,117415
48377.0,6704
48379.0,12514
48381.0,137713
48383.0,3849
48385.0,3452
48387.0,12023
48389.0,15976
48391.0,6948
48393.0,854
48395.0,17074
48397.0,104915
48399.0,10264
48401.0,54406
48403.0,10542
48405.0,8237
48407.0,28859
48409.0,66730
48411.0,6055
48413.0,2793
48415.0,16703
48417.0,3265
48419.0,25274
48421.0,3022
48423.0,232751
48425.0,9128
48427.0,64633
48429.0,9366
48431.0,1291
48433.0,1350
48435.0,3776
48437.0,7397
48439.0,2102515
48441.0,138034
48443.0,776
48445.0,12337
48447.0,1501
48449.0,32750
48451.0,119200
48453.0,1273954
48455.0,14651
48457.0,21672
48459.0,41753
48461.0,3657
48463.0,26741
48465.0,49025
48467.0,56590
48469.0,92084
48471.0,72971
48473.0,55246
48475.0,11998
48477.0,35882
48479.0,276652
48481.0,41556
48483.0,5056
48485.0,132230
48487.0,12769
48489.0,21358
48491.0,590551
48493.0,51070
48495.0,8010
48497.0,69984
48499.0,45539
48501.0,8713
48503.0,18010
48505.0,14179
48507.0,11840
49000.0,3205958
49001.0,6710
49003.0,56046
49005.0,128289
49007.0,20463
49009.0,950
49011.0,355481
49013.0,19938
49015.0,10012
49017.0,5051
49019.0,9754
49021.0,54839
49023.0,12017
49025.0,7886
49027.0,13188
49029.0,12124
49031.0,1479
49033.0,2483
49035.0,1160437
49037.0,15308
49039.0,30939
49041.0,21620
49043.0,42145
49045.0,72259
49047.0,35734
49049.0,636235
49051.0,34091
49053.0,177556
49055.0,2711
49057.0,260213
50000.0,623989
50001.0,36777
50003.0,35470
50005.0,29993
50007.0,163774
50009.0,6163
50011.0,49402
50013.0,7235
50015.0,25362
50017.0,28892
50019.0,27037
50021.0,58191
50023.0,58409
50025.0,42222
50027.0,55062
51000.0,8535519
51001.0,32316
51003.0,109330
51005.0,14860
51007.0,13145
51009.0,31605
51011.0,15911
51013.0,236842
51015.0,75558
51017.0,4147
51019.0,78997
51021.0,6280
51023.0,33419
51025.0,16231
51027.0,21004
51029.0,17148
51031.0,54885
51033.0,30725
51035.0,29791
51036.0,6963
51037.0,11880
51041.0,352802
51043.0,14619
51045.0,5131
51047.0,52605
51049.0,9932
51051.0,14318
51053.0,28544
51057.0,10953
51059.0,1147532
51061.0,71222
51063.0,15749
51065.0,27270
51067.0,56042
51069.0,89313
51071.0,16720
51073.0,37348
51075.0,23753
51077.0,15550
51079.0,19819
51081.0,11336
51083.0,33911
51085.0,107766
51087.0,330818
51089.0,50557
51091.0,2190
51093.0,37109
51095.0,76523
51097.0,7025
51099.0,26836
51101.0,17148
51103.0,10603
51105.0,23423
51107.0,413538
51109.0,37591
51111.0,12196
51113.0,13261
51115.0,8834
51117.0,30587
51119.0,10582
51121.0,98535
51125.0,14930
51127.0,23091
51131.0,11710
51133.0,12095
51135.0,15232
51137.0,37051
51139.0,23902
51141.0,17608
51143.0,60354
51145.0,29652
51147.0,22802
51149.0,38353
51153.0,470335
51155.0,34027
51157.0,7370
51159.0,9023
51161.0,94186
51163.0,22573
51165.0,81948
51167.0,26586
51169.0,21566
51171.0,43616
51173.0,30104
51175.0,17631
51177.0,136215
51179.0,152882
51181.0,6422
51183.0,11159
51185.0,40595
51187.0,40164
51191.0,53740
51193.0,18015
51195.0,37383
51197.0,28684
51199.0,68280
51510.0,159428
51520.0,16762
51530.0,6478
51540.0,47266
51550.0,244835
51570.0,17370
51580.0,5538
51590.0,40044
51595.0,5346
51600.0,24019
51610.0,14617
51620.0,7967
51630.0,29036
51640.0,6347
51650.0,134510
51660.0,53016
51670.0,22529
51678.0,7446
51680.0,82168
51683.0,41085
51685.0,17478
51690.0,12554
51700.0,179225
51710.0,242742
51720.0,3981
51730.0,31346
51735.0,12271
51740.0,94398
51750.0,18249
51760.0,230436
51770.0,99143
51775.0,25301
51790.0,24932
51800.0,92108
51810.0,449974
51820.0,22630
51830.0,14954
51840.0,28078
53000.0,7614893
53001.0,19983
53003.0,22582
53005.0,204390
53007.0,77200
53009.0,77331
53011.0,488241
53013.0,3985
53015.0,110593
53017.0,43429
53019.0,7627
53021.0,95222
53023.0,2225
53025.0,97733
53027.0,75061
53029.0,85141
53031.0,32221
53033.0,2252782
53035.0,271473
53037.0,47935
53039.0,22425
53041.0,80707
53043.0,10939
53045.0,66768
53047.0,42243
53049.0,22471
53051.0,13724
53053.0,904980
53055.0,17582
53057.0,129205
53059.0,12083
53061.0,822083
53063.0,522798
53065.0,45723
53067.0,290536
53069.0,4488
53071.0,60760
53073.0,229247
53075.0,50104
53077.0,250873
54000.0,1792147
54001.0,16441
54003.0,119171
54005.0,21457
54007.0,13957
54009.0,21939
54011.0,91945
54013.0,7109
54015.0,8508
54017.0,8448
54019.0,42406
54021.0,7823
54023.0,11568
54025.0,34662
54027.0,23175
54029.0,28810
54031.0,13776
54033.0,67256
54035.0,28576
54037.0,57146
54039.0,178124
54041.0,15907
54043.0,20409
54045.0,32019
54047.0,17624
54049.0,56072
54051.0,30531
54053.0,26516
54055.0,58758
54057.0,26868
54059.0,23424
54061.0,105612
54063.0,13275
54065.0,17884
54067.0,24496
54069.0,41411
54071.0,6969
54073.0,7460
54075.0,8247
54077.0,33432
54079.0,56450
54081.0,73361
54083.0,28695
54085.0,9554
54087.0,13688
54089.0,12573
54091.0,16695
54093.0,6839
54095.0,8591
54097.0,24176
54099.0,39402
54101.0,8114
54103.0,15065
54105.0,5821
54107.0,83518
54109.0,20394
55000.0,5822434
55001.0,20220
55003.0,15562
55005.0,45244
55007.0,15036
55009.0,264542
55011.0,13031
55013.0,15414
55015.0,50089
55017.0,64658
55019.0,34774
55021.0,57532
55023.0,16131
55025.0,546695
55027.0,87839
55029.0,27668
55031.0,43150
55033.0,45368
55035.0,104646
55037.0,4295
55039.0,103403
55041.0,9004
55043.0,51439
55045.0,36960
55047.0,18913
55049.0,23678
55051.0,5687
55053.0,20643
55055.0,84769
55057.0,26687
55059.0,169561
55061.0,20434
55063.0,118016
55065.0,16665
55067.0,19189
55069.0,27593
55071.0,78981
55073.0,135692
55075.0,40350
55077.0,15574
55078.0,4556
55079.0,945726
55081.0,46253
55083.0,37930
55085.0,35595
55087.0,187885
55089.0,89221
55091.0,7287
55093.0,42754
55095.0,43783
55097.0,70772
55099.0,13351
55101.0,196311
55103.0,17252
55105.0,163354
55107.0,14178
55109.0,90687
55111.0,64442
55113.0,16558
55115.0,40899
55117.0,115340
55119.0,20343
55121.0,29649
55123.0,30822
55125.0,22195
55127.0,103868
55129.0,15720
55131.0,136034
55133.0,404198
55135.0,50990
55137.0,24443
55139.0,171907
55141.0,72999
56000.0,578759
56001.0,38880
56003.0,11790
56005.0,46341
56007.0,14800
56009.0,13822
56011.0,7584
56013.0,39261
56015.0,13211
56017.0,4413
56019.0,8445
56021.0,99500
56023.0,19830
56025.0,79858
56027.0,2356
56029.0,29194
56031.0,8393
56033.0,30485
56035.0,9831
56037.0,42343
56039.0,23464
56041.0,20226
56043.0,7805
56045.0,6927
70002.0,28731
70003.0,491918
