02_20,jhu-csse,co-est2019-alldata,usafacts
72001,,,
72003,,,
72005,,,
72093,,,
72011,,,
72013,,,
72017,,,
72023,,,
72111,,,
72027,,,
72081,,,
72121,,,
72039,,,
72141,,,
72051,,,
72055,,,
72054,,,
72059,,,
72065,,,
72067,,,
72071,,,
72073,,,
72079,,,
72083,,,
72091,,,
72099,,,
72117,,,
72115,,,
72097,,,
72125,,,
72131,,,
72101,,,
72143,,,
72145,,,
72153,,,
72007,,,
72123,,,
72009,,,
72095,,,
72015,,,
72113,,,
72103,,,
72105,,,
72107,,,
72109,,,
72025,,,
72029,,,
72037,,,
72035,,,
72053,,,
72041,,,
72069,,,
72119,,,
72129,,,
72133,,,
72147,,,
72149,,,
72151,,,
72043,,,
72085,,,
72087,,,
72089,,,
72049,,,
72077,,,
72063,,,
72045,,,
72047,,,
72057,,,
72019,,,
72075,,,
72127,,,
72061,,,
72137,,,
72135,,,
72021,,,
72033,,,
72139,,,
72031,,,
25013,25013,25013,25013
25015,25015,25015,25015
25027,25027,25027,25027
25003,25003,25003,25003
25011,25011,25011,25011
25017,25017,25017,25017
25009,25009,25009,25009
25021,25021,25021,25021
25023,25023,25023,25023
25005,25005,25005,25005
25025,25025,25025,25025
25001,25001,25001,25001
25007,25007,25007,25007
25019,25019,25019,25019
44007,44007,44007,44007
44009,44009,44009,44009
44001,44001,44001,44001
44003,44003,44003,44003
44005,44005,44005,44005
33011,33011,33011,33011
33015,33015,33015,33015
33013,33013,33013,33013
33009,33009,33009,33009
33001,33001,33001,33001
33003,33003,33003,33003
33019,33019,33019,33019
33005,33005,33005,33005
33007,33007,33007,33007
33017,33017,33017,33017
23031,23031,23031,23031
23005,23005,23005,23005
23023,23023,23023,23023
23017,23017,23017,23017
23001,23001,23001,23001
23007,23007,23007,23007
23011,23011,23011,23011
23015,23015,23015,23015
23027,23027,23027,23027
23019,23019,23019,23019
23021,23021,23021,23021
23009,23009,23009,23009
23029,23029,23029,23029
23003,23003,23003,23003
23025,23025,23025,23025
23013,23013,23013,23013
50027,50027,50027,50027
50017,50017,50017,50017
50005,50005,50005,50005
50025,50025,50025,50025
50003,50003,50003,50003
50007,50007,50007,50007
50013,50013,50013,50013
50011,50011,50011,50011
50015,50015,50015,50015
50001,50001,50001,50001
50023,50023,50023,50023
50021,50021,50021,50021
50019,50019,50019,50019
50009,50009,50009,50009
9003,9003,9003,9003
9005,9005,9005,9005
9013,9013,9013,9013
9015,9015,9015,9015
9011,9011,9011,9011
36103,36103,36103,36103
9009,9009,9009,9009
9007,9007,9007,9007
9001,9001,9001,9001
34023,34023,34023,34023
34017,34017,34017,34017
34013,34013,34013,34013
34027,34027,34027,34027
34003,34003,34003,34003
34031,34031,34031,34031
34039,34039,34039,34039
34035,34035,34035,34035
34037,34037,34037,34037
34025,34025,34025,34025
34041,34041,34041,34041
34019,34019,34019,34019
34033,34033,34033,34033
34007,34007,34007,34007
34029,34029,34029,34029
34005,34005,34005,34005
34015,34015,34015,34015
34001,34001,34001,34001
34009,34009,34009,34009
34011,34011,34011,34011
34021,34021,34021,34021
36061,36061,36061,36061
36085,36085,36085,36085
36005,36005,36005,36005
36119,36119,36119,36119
36079,36079,36079,36079
36087,36087,36087,36087
36071,36071,36071,36071
36059,36059,36059,36059
36081,36081,36081,36081
36047,36047,36047,36047
36001,36001,36001,36001
36093,36093,36093,36093
36057,36057,36057,36057
36039,36039,36039,36039
36021,36021,36021,36021
36083,36083,36083,36083
36091,36091,36091,36091
36035,36035,36035,36035
36095,36095,36095,36095
36115,36115,36115,36115
36077,36077,36077,36077
36041,36041,36041,36041
36025,36025,36025,36025
36111,36111,36111,36111
36027,36027,36027,36027
36105,36105,36105,36105
36113,36113,36113,36113
36031,36031,36031,36031
36019,36019,36019,36019
36033,36033,36033,36033
36089,36089,36089,36089
36067,36067,36067,36067
36011,36011,36011,36011
36075,36075,36075,36075
36053,36053,36053,36053
36023,36023,36023,36023
36109,36109,36109,36109
36065,36065,36065,36065
36017,36017,36017,36017
36117,36117,36117,36117
36099,36099,36099,36099
36049,36049,36049,36049
36043,36043,36043,36043
36045,36045,36045,36045
36107,36107,36107,36107
36007,36007,36007,36007
36029,36029,36029,36029
36037,36037,36037,36037
36063,36063,36063,36063
36121,36121,36121,36121
36009,36009,36009,36009
36013,36013,36013,36013
36073,36073,36073,36073
36051,36051,36051,36051
36123,36123,36123,36123
36055,36055,36055,36055
36069,36069,36069,36069
36101,36101,36101,36101
36003,36003,36003,36003
36097,36097,36097,36097
36015,36015,36015,36015
42007,42007,42007,42007
42125,42125,42125,42125
42003,42003,42003,42003
42129,42129,42129,42129
42059,42059,42059,42059
42051,42051,42051,42051
42111,42111,42111,42111
42009,42009,42009,42009
42057,42057,42057,42057
42005,42005,42005,42005
42063,42063,42063,42063
42065,42065,42065,42065
42021,42021,42021,42021
42033,42033,42033,42033
42047,42047,42047,42047
42023,42023,42023,42023
42019,42019,42019,42019
42031,42031,42031,42031
42073,42073,42073,42073
42039,42039,42039,42039
42085,42085,42085,42085
42053,42053,42053,42053
42121,42121,42121,42121
42123,42123,42123,42123
42083,42083,42083,42083
42049,42049,42049,42049
42013,42013,42013,42013
42061,42061,42061,42061
42027,42027,42027,42027
42105,42105,42105,42105
42035,42035,42035,42035
42117,42117,42117,42117
42015,42015,42015,42015
42087,42087,42087,42087
42075,42075,42075,42075
42043,42043,42043,42043
42099,42099,42099,42099
42041,42041,42041,42041
42097,42097,42097,42097
42133,42133,42133,42133
42071,42071,42071,42071
42067,42067,42067,42067
42109,42109,42109,42109
42055,42055,42055,42055
42001,42001,42001,42001
42081,42081,42081,42081
42113,42113,42113,42113
42119,42119,42119,42119
42037,42037,42037,42037
42093,42093,42093,42093
42107,42107,42107,42107
42077,42077,42077,42077
42095,42095,42095,42095
42025,42025,42025,42025
42091,42091,42091,42091
42011,42011,42011,42011
42089,42089,42089,42089
42017,42017,42017,42017
42079,42079,42079,42079
42103,42103,42103,42103
42069,42069,42069,42069
42127,42127,42127,42127
42115,42115,42115,42115
42131,42131,42131,42131
42045,42045,42045,42045
42029,42029,42029,42029
42101,42101,42101,42101
10003,10003,10003,10003
10001,10001,10001,10001
10005,10005,10005,10005
11001,11001,11001,11001
51107,51107,51107,51107
51047,51047,51047,51047
51153,51153,51153,51153
51683,51683,51683,51683
51061,51061,51061,51061
51059,51059,51059,51059
51043,51043,51043,51043
24017,24017,24017,24017
24037,24037,24037,24037
24033,24033,24033,24033
24009,24009,24009,24009
24027,24027,24027,24027
24003,24003,24003,24003
24031,24031,24031,24031
24025,24025,24025,24025
24005,24005,24005,24005
24013,24013,24013,24013
24510,24510,24510,24510
24001,24001,24001,24001
24023,24023,24023,24023
24041,24041,24041,24041
24035,24035,24035,24035
24029,24029,24029,24029
24019,24019,24019,24019
24011,24011,24011,24011
24021,24021,24021,24021
24043,24043,24043,24043
24045,24045,24045,24045
24047,24047,24047,24047
24039,24039,24039,24039
24015,24015,24015,24015
51610,51610,51610,51610
51013,51013,51013,51013
51510,51510,51510,51510
51630,51630,51630,51630
51179,51179,51179,51179
51177,51177,51177,51177
51033,51033,51033,51033
51133,51133,51133,51133
51137,51137,51137,51137
51057,51057,51057,51057
51193,51193,51193,51193
51099,51099,51099,51099
51159,51159,51159,51159
51103,51103,51103,51103
51840,51840,51840,51840
51069,51069,51069,51069
51187,51187,51187,51187
51157,51157,51157,51157
51171,51171,51171,51171
51139,51139,51139,51139
51113,51113,51113,51113
51660,51660,51660,51660
51165,51165,51165,51165
51015,51015,51015,51015
51003,51003,51003,51003
51540,51540,51540,51540
51125,51125,51125,51125
51079,51079,51079,51079
51065,51065,51065,51065
51820,51820,51820,51820
51007,51007,51007,51007
51029,51029,51029,51029
51085,51085,51085,51085
51101,51101,51101,51101
51127,51127,51127,51127
51115,51115,51115,51115
51097,51097,51097,51097
51109,51109,51109,51109
51049,51049,51049,51049
51036,51036,51036,51036
51119,51119,51119,51119
51075,51075,51075,51075
51087,51087,51087,51087
51073,51073,51073,51073
51041,51041,51041,51041
51145,51145,51145,51145
51095,51095,51095,51095
51760,51760,51760,51760
51830,51830,51830,51830
51001,51001,51001,51001
51093,51093,51093,51093
51131,51131,51131,51131
51550,51550,51550,51550
51800,51800,51800,51800
51810,51810,51810,51810
51710,51710,51710,51710
51700,51700,51700,51700
51650,51650,51650,51650
51735,51735,51735,51735
51199,51199,51199,51199
51740,51740,51740,51740
51149,51149,51149,51149
51730,51730,51730,51730
51053,51053,51053,51053
51025,51025,51025,51025
51135,51135,51135,51135
51175,51175,51175,51175
51570,51570,51570,51570
51181,51181,51181,51181
51081,51081,51081,51081
51670,51670,51670,51670
51183,51183,51183,51183
51147,51147,51147,51147
51117,51117,51117,51117
51037,51037,51037,51037
51111,51111,51111,51111
51770,51770,51770,51770
51161,51161,51161,51161
51141,51141,51141,51141
51089,51089,51089,51089
51155,51155,51155,51155
51121,51121,51121,51121
51023,51023,51023,51023
51067,51067,51067,51067
51143,51143,51143,51143
51063,51063,51063,51063
51071,51071,51071,51071
51019,51019,51019,51019
51045,51045,51045,51045
51750,51750,51750,51750
51775,51775,51775,51775
51520,51520,51520,51520
51191,51191,51191,51191
51195,51195,51195,51195
51051,51051,51051,51051
51105,51105,51105,51105
51167,51167,51167,51167
51027,51027,51027,51027
51169,51169,51169,51169
51720,51720,51720,51720
51077,51077,51077,51077
51173,51173,51173,51173
51035,51035,51035,51035
51197,51197,51197,51197
51021,51021,51021,51021
51185,51185,51185,51185
51640,51640,51640,51640
51790,51790,51790,51790
51017,51017,51017,51017
51091,51091,51091,51091
51163,51163,51163,51163
51530,51530,51530,51530
51005,51005,51005,51005
51680,51680,51680,51680
51031,51031,51031,51031
51083,51083,51083,51083
51009,51009,51009,51009
51011,51011,51011,51011
51590,51590,51590,51590
54055,54055,54055,54055
54109,54109,54109,54109
54047,54047,54047,54047
54059,54059,54059,54059
54025,54025,54025,54025
54075,54075,54075,54075
54063,54063,54063,54063
54089,54089,54089,54089
54019,54019,54019,54019
54043,54043,54043,54043
54087,54087,54087,54087
54081,54081,54081,54081
54005,54005,54005,54005
54079,54079,54079,54079
54039,54039,54039,54039
54015,54015,54015,54015
54045,54045,54045,54045
54007,54007,54007,54007
54053,54053,54053,54053
54013,54013,54013,54013
54035,54035,54035,54035
54021,54021,54021,54021
54003,54003,54003,54003
54065,54065,54065,54065
54037,54037,54037,54037
54027,54027,54027,54027
54011,54011,54011,54011
54099,54099,54099,54099
54069,54069,54069,54069
54009,54009,54009,54009
54051,54051,54051,54051
54029,54029,54029,54029
54107,54107,54107,54107
54073,54073,54073,54073
54105,54105,54105,54105
54095,54095,54095,54095
54085,54085,54085,54085
54103,54103,54103,54103
54097,54097,54097,54097
54067,54067,54067,54067
54101,54101,54101,54101
54083,54083,54083,54083
54001,54001,54001,54001
54093,54093,54093,54093
54033,54033,54033,54033
54041,54041,54041,54041
54017,54017,54017,54017
54091,54091,54091,54091
54077,54077,54077,54077
54061,54061,54061,54061
54049,54049,54049,54049
54023,54023,54023,54023
54057,54057,54057,54057
54031,54031,54031,54031
54071,54071,54071,54071
37059,37059,37059,37059
37171,37171,37171,37171
37067,37067,37067,37067
37197,37197,37197,37197
37159,37159,37159,37159
37169,37169,37169,37169
37157,37157,37157,37157
37001,37001,37001,37001
37151,37151,37151,37151
37037,37037,37037,37037
37123,37123,37123,37123
37033,37033,37033,37033
37081,37081,37081,37081
37135,37135,37135,37135
37057,37057,37057,37057
37125,37125,37125,37125
37105,37105,37105,37105
37145,37145,37145,37145
37085,37085,37085,37085
37183,37183,37183,37183
37063,37063,37063,37063
37101,37101,37101,37101
37077,37077,37077,37077
37069,37069,37069,37069
37191,37191,37191,37191
37181,37181,37181,37181
37185,37185,37185,37185
37127,37127,37127,37127
37065,37065,37065,37065
37091,37091,37091,37091
37013,37013,37013,37013
37147,37147,37147,37147
37195,37195,37195,37195
37131,37131,37131,37131
37083,37083,37083,37083
37095,37095,37095,37095
37117,37117,37117,37117
37015,37015,37015,37015
37079,37079,37079,37079
37139,37139,37139,37139
37055,37055,37055,37055
37053,37053,37053,37053
37143,37143,37143,37143
37029,37029,37029,37029
37177,37177,37177,37177
37073,37073,37073,37073
37187,37187,37187,37187
37041,37041,37041,37041
37167,37167,37167,37167
37071,37071,37071,37071
37007,37007,37007,37007
37045,37045,37045,37045
37161,37161,37161,37161
37025,37025,37025,37025
37119,37119,37119,37119
37109,37109,37109,37109
37179,37179,37179,37179
37097,37097,37097,37097
37051,37051,37051,37051
37163,37163,37163,37163
37017,37017,37017,37017
37061,37061,37061,37061
37153,37153,37153,37153
37155,37155,37155,37155
37165,37165,37165,37165
37093,37093,37093,37093
37129,37129,37129,37129
37019,37019,37019,37019
37141,37141,37141,37141
37047,37047,37047,37047
37133,37133,37133,37133
37107,37107,37107,37107
37137,37137,37137,37137
37031,37031,37031,37031
37049,37049,37049,37049
37103,37103,37103,37103
37035,37035,37035,37035
37189,37189,37189,37189
37193,37193,37193,37193
37027,37027,37027,37027
37023,37023,37023,37023
37009,37009,37009,37009
37011,37011,37011,37011
37005,37005,37005,37005
37003,37003,37003,37003
37021,37021,37021,37021
37075,37075,37075,37075
37121,37121,37121,37121
37099,37099,37099,37099
37175,37175,37175,37175
37173,37173,37173,37173
37199,37199,37199,37199
37087,37087,37087,37087
37149,37149,37149,37149
37089,37089,37089,37089
37113,37113,37113,37113
37115,37115,37115,37115
37111,37111,37111,37111
37039,37039,37039,37039
37043,37043,37043,37043
45027,45027,45027,45027
45009,45009,45009,45009
45063,45063,45063,45063
45055,45055,45055,45055
45061,45061,45061,45061
45023,45023,45023,45023
45039,45039,45039,45039
45079,45079,45079,45079
45075,45075,45075,45075
45017,45017,45017,45017
45087,45087,45087,45087
45071,45071,45071,45071
45085,45085,45085,45085
45089,45089,45089,45089
45057,45057,45057,45057
45031,45031,45031,45031
45029,45029,45029,45029
45025,45025,45025,45025
45003,45003,45003,45003
45041,45041,45041,45041
45081,45081,45081,45081
45083,45083,45083,45083
45059,45059,45059,45059
45021,45021,45021,45021
45019,45019,45019,45019
45015,45015,45015,45015
45035,45035,45035,45035
45043,45043,45043,45043
45051,45051,45051,45051
45069,45069,45069,45069
45067,45067,45067,45067
45033,45033,45033,45033
45045,45045,45045,45045
45001,45001,45001,45001
45007,45007,45007,45007
45077,45077,45077,45077
45073,45073,45073,45073
45047,45047,45047,45047
45091,45091,45091,45091
45005,45005,45005,45005
45011,45011,45011,45011
45065,45065,45065,45065
45037,45037,45037,45037
45013,45013,45013,45013
45049,45049,45049,45049
45053,45053,45053,45053
13089,13089,13089,13089
13121,13121,13121,13121
13067,13067,13067,13067
13013,13013,13013,13013
13247,13247,13247,13247
13217,13217,13217,13217
13135,13135,13135,13135
13297,13297,13297,13297
13117,13117,13117,13117
13211,13211,13211,13211
13057,13057,13057,13057
13015,13015,13015,13015
13233,13233,13233,13233
13115,13115,13115,13115
13045,13045,13045,13045
13143,13143,13143,13143
13097,13097,13097,13097
13223,13223,13223,13223
13227,13227,13227,13227
13171,13171,13171,13171
13113,13113,13113,13113
13231,13231,13231,13231
13035,13035,13035,13035
13149,13149,13149,13149
13199,13199,13199,13199
13077,13077,13077,13077
13255,13255,13255,13255
13151,13151,13151,13151
13285,13285,13285,13285
13207,13207,13207,13207
13063,13063,13063,13063
13293,13293,13293,13293
13107,13107,13107,13107
13209,13209,13209,13209
13309,13309,13309,13309
13163,13163,13163,13163
13031,13031,13031,13031
13109,13109,13109,13109
13267,13267,13267,13267
13033,13033,13033,13033
13279,13279,13279,13279
13043,13043,13043,13043
13165,13165,13165,13165
13251,13251,13251,13251
13175,13175,13175,13175
13283,13283,13283,13283
13139,13139,13139,13139
13137,13137,13137,13137
13011,13011,13011,13011
13291,13291,13291,13291
13111,13111,13111,13111
13147,13147,13147,13147
13119,13119,13119,13119
13123,13123,13123,13123
13241,13241,13241,13241
13311,13311,13311,13311
13157,13157,13157,13157
13187,13187,13187,13187
13085,13085,13085,13085
13257,13257,13257,13257
13281,13281,13281,13281
13059,13059,13059,13059
13221,13221,13221,13221
13219,13219,13219,13219
13105,13105,13105,13105
13195,13195,13195,13195
13265,13265,13265,13265
13133,13133,13133,13133
13317,13317,13317,13317
13129,13129,13129,13129
13213,13213,13213,13213
13295,13295,13295,13295
13313,13313,13313,13313
13047,13047,13047,13047
13055,13055,13055,13055
13083,13083,13083,13083
13073,13073,13073,13073
13245,13245,13245,13245
13301,13301,13301,13301
13189,13189,13189,13189
13125,13125,13125,13125
13181,13181,13181,13181
13303,13303,13303,13303
13315,13315,13315,13315
13319,13319,13319,13319
13153,13153,13153,13153
13269,13269,13269,13269
13093,13093,13093,13093
13225,13225,13225,13225
13091,13091,13091,13091
13023,13023,13023,13023
13081,13081,13081,13081
13289,13289,13289,13289
13237,13237,13237,13237
13169,13169,13169,13169
13235,13235,13235,13235
13159,13159,13159,13159
13193,13193,13193,13193
13167,13167,13167,13167
13079,13079,13079,13079
13021,13021,13021,13021
13271,13271,13271,13271
13197,13197,13197,13197
13009,13009,13009,13009
13141,13141,13141,13141
13179,13179,13179,13179
13103,13103,13103,13103
13191,13191,13191,13191
13029,13029,13029,13029
13183,13183,13183,13183
13051,13051,13051,13051
13299,13299,13299,13299
13005,13005,13005,13005
13069,13069,13069,13069
13001,13001,13001,13001
13229,13229,13229,13229
13127,13127,13127,13127
13161,13161,13161,13161
13049,13049,13049,13049
13025,13025,13025,13025
13305,13305,13305,13305
13039,13039,13039,13039
13185,13185,13185,13185
13075,13075,13075,13075
13019,13019,13019,13019
13065,13065,13065,13065
13003,13003,13003,13003
13027,13027,13027,13027
13275,13275,13275,13275
13173,13173,13173,13173
13071,13071,13071,13071
13101,13101,13101,13101
13095,13095,13095,13095
13261,13261,13261,13261
13287,13287,13287,13287
13205,13205,13205,13205
13277,13277,13277,13277
13017,13017,13017,13017
13177,13177,13177,13177
13321,13321,13321,13321
13155,13155,13155,13155
13145,13145,13145,13145
13053,13053,13053,13053
13249,13249,13249,13249
13263,13263,13263,13263
13259,13259,13259,13259
13215,13215,13215,13215
13307,13307,13307,13307
12019,12019,12019,12019
12121,12121,12121,12121
12089,12089,12089,12089
12023,12023,12023,12023
12007,12007,12007,12007
12109,12109,12109,12109
12003,12003,12003,12003
12047,12047,12047,12047
12125,12125,12125,12125
12079,12079,12079,12079
12067,12067,12067,12067
12069,12069,12069,12069
12035,12035,12035,12035
12107,12107,12107,12107
12083,12083,12083,12083
12127,12127,12127,12127
12119,12119,12119,12119
12031,12031,12031,12031
12073,12073,12073,12073
12037,12037,12037,12037
12077,12077,12077,12077
12039,12039,12039,12039
12129,12129,12129,12129
12065,12065,12065,12065
12123,12123,12123,12123
12005,12005,12005,12005
12063,12063,12063,12063
12013,12013,12013,12013
12059,12059,12059,12059
12133,12133,12133,12133
12131,12131,12131,12131
12045,12045,12045,12045
12033,12033,12033,12033
12113,12113,12113,12113
12091,12091,12091,12091
12001,12001,12001,12001
12041,12041,12041,12041
12075,12075,12075,12075
12029,12029,12029,12029
12117,12117,12117,12117
12095,12095,12095,12095
12009,12009,12009,12009
12061,12061,12061,12061
12087,12087,12087,12087
12011,12011,12011,12011
12086,12086,12086,12086
12099,12099,12099,12099
12051,12051,12051,12051
12085,12085,12085,12085
12043,12043,12043,12043
12057,12057,12057,12057
12101,12101,12101,12101
12103,12103,12103,12103
12105,12105,12105,12105
12055,12055,12055,12055
12049,12049,12049,12049
12097,12097,12097,12097
12071,12071,12071,12071
12015,12015,12015,12015
12021,12021,12021,12021
12081,12081,12081,12081
12115,12115,12115,12115
12027,12027,12027,12027
12017,12017,12017,12017
12053,12053,12053,12053
12111,12111,12111,12111
12093,12093,12093,12093
1115,1115,1115,1115
1073,1073,1073,1073
1117,1117,1117,1117
1123,1123,1123,1123
1009,1009,1009,1009
1121,1121,1121,1121
1095,1095,1095,1095
1043,1043,1043,1043
1007,1007,1007,1007
1021,1021,1021,1021
1127,1127,1127,1127
1037,1037,1037,1037
1027,1027,1027,1027
1125,1125,1125,1125
1065,1065,1065,1065
1107,1107,1107,1107
1063,1063,1063,1063
1119,1119,1119,1119
1133,1133,1133,1133
1057,1057,1057,1057
1093,1093,1093,1093
1075,1075,1075,1075
1059,1059,1059,1059
1103,1103,1103,1103
1077,1077,1077,1077
1083,1083,1083,1083
1033,1033,1033,1033
1079,1079,1079,1079
1071,1071,1071,1071
1089,1089,1089,1089
1055,1055,1055,1055
1019,1019,1019,1019
1049,1049,1049,1049
1001,1001,1001,1001
1109,1109,1109,1109
1041,1041,1041,1041
1101,1101,1101,1101
1005,1005,1005,1005
1051,1051,1051,1051
1039,1039,1039,1039
1011,1011,1011,1011
1013,1013,1013,1013
1087,1087,1087,1087
1085,1085,1085,1085
1015,1015,1015,1015
1029,1029,1029,1029
1111,1111,1111,1111
1069,1069,1069,1069
1067,1067,1067,1067
1031,1031,1031,1031
1061,1061,1061,1061
1045,1045,1045,1045
1035,1035,1035,1035
1099,1099,1099,1099
1053,1053,1053,1053
1131,1131,1131,1131
1025,1025,1025,1025
1097,1097,1097,1097
1003,1003,1003,1003
1129,1129,1129,1129
1047,1047,1047,1047
1091,1091,1091,1091
1105,1105,1105,1105
1081,1081,1081,1081
1017,1017,1017,1017
1113,1113,1113,1113
1023,1023,1023,1023
47125,47125,47125,47125
47041,47041,47041,47041
47037,47037,47037,47037
47187,47187,47187,47187
47021,47021,47021,47021
47015,47015,47015,47015
47031,47031,47031,47031
47117,47117,47117,47117
47003,47003,47003,47003
47165,47165,47165,47165
47161,47161,47161,47161
47081,47081,47081,47081
47043,47043,47043,47043
47159,47159,47159,47159
47147,47147,47147,47147
47149,47149,47149,47149
47083,47083,47083,47083
47169,47169,47169,47169
47085,47085,47085,47085
47111,47111,47111,47111
47189,47189,47189,47189
47135,47135,47135,47135
47177,47177,47177,47177
47061,47061,47061,47061
47065,47065,47065,47065
47107,47107,47107,47107
47051,47051,47051,47051
47139,47139,47139,47139
47011,47011,47011,47011
47143,47143,47143,47143
47121,47121,47121,47121
47153,47153,47153,47153
47103,47103,47103,47103
47115,47115,47115,47115
47127,47127,47127,47127
47123,47123,47123,47123
47007,47007,47007,47007
47179,47179,47179,47179
47059,47059,47059,47059
47163,47163,47163,47163
47091,47091,47091,47091
47073,47073,47073,47073
47019,47019,47019,47019
47171,47171,47171,47171
47009,47009,47009,47009
47001,47001,47001,47001
47057,47057,47057,47057
47029,47029,47029,47029
47013,47013,47013,47013
47025,47025,47025,47025
47129,47129,47129,47129
47093,47093,47093,47093
47035,47035,47035,47035
47089,47089,47089,47089
47151,47151,47151,47151
47155,47155,47155,47155
47105,47105,47105,47105
47145,47145,47145,47145
47067,47067,47067,47067
47173,47173,47173,47173
47063,47063,47063,47063
47033,47033,47033,47033
47157,47157,47157,47157
47167,47167,47167,47167
47045,47045,47045,47045
47069,47069,47069,47069
47075,47075,47075,47075
47047,47047,47047,47047
47097,47097,47097,47097
47095,47095,47095,47095
47017,47017,47017,47017
47005,47005,47005,47005
47079,47079,47079,47079
47183,47183,47183,47183
47131,47131,47131,47131
47053,47053,47053,47053
47113,47113,47113,47113
47109,47109,47109,47109
47039,47039,47039,47039
47071,47071,47071,47071
47077,47077,47077,47077
47023,47023,47023,47023
47119,47119,47119,47119
47181,47181,47181,47181
47055,47055,47055,47055
47099,47099,47099,47099
47101,47101,47101,47101
47141,47141,47141,47141
47049,47049,47049,47049
47133,47133,47133,47133
47087,47087,47087,47087
47137,47137,47137,47137
47027,47027,47027,47027
47185,47185,47185,47185
47175,47175,47175,47175
28071,28071,28071,28071
28009,28009,28009,28009
28107,28107,28107,28107
28145,28145,28145,28145
28093,28093,28093,28093
28027,28027,28027,28027
28137,28137,28137,28137
28119,28119,28119,28119
28139,28139,28139,28139
28143,28143,28143,28143
28033,28033,28033,28033
28151,28151,28151,28151
28011,28011,28011,28011
28055,28055,28055,28055
28125,28125,28125,28125
28133,28133,28133,28133
28053,28053,28053,28053
28081,28081,28081,28081
28095,28095,28095,28095
28057,28057,28057,28057
28141,28141,28141,28141
28117,28117,28117,28117
28003,28003,28003,28003
28115,28115,28115,28115
28017,28017,28017,28017
28013,28013,28013,28013
28043,28043,28043,28043
28015,28015,28015,28015
28135,28135,28135,28135
28161,28161,28161,28161
28097,28097,28097,28097
28083,28083,28083,28083
28163,28163,28163,28163
28049,28049,28049,28049
28121,28121,28121,28121
28127,28127,28127,28127
28089,28089,28089,28089
28079,28079,28079,28079
28101,28101,28101,28101
28029,28029,28029,28029
28051,28051,28051,28051
28007,28007,28007,28007
28063,28063,28063,28063
28123,28123,28123,28123
28021,28021,28021,28021
28129,28129,28129,28129
28065,28065,28065,28065
28001,28001,28001,28001
28077,28077,28077,28077
28149,28149,28149,28149
28075,28075,28075,28075
28153,28153,28153,28153
28069,28069,28069,28069
28023,28023,28023,28023
28061,28061,28061,28061
28159,28159,28159,28159
28103,28103,28103,28103
28099,28099,28099,28099
28035,28035,28035,28035
28073,28073,28073,28073
28111,28111,28111,28111
28109,28109,28109,28109
28031,28031,28031,28031
28091,28091,28091,28091
28067,28067,28067,28067
28041,28041,28041,28041
28059,28059,28059,28059
28047,28047,28047,28047
28045,28045,28045,28045
28131,28131,28131,28131
28085,28085,28085,28085
28037,28037,28037,28037
28157,28157,28157,28157
28113,28113,28113,28113
28005,28005,28005,28005
28147,28147,28147,28147
28087,28087,28087,28087
28019,28019,28019,28019
28155,28155,28155,28155
28025,28025,28025,28025
28105,28105,28105,28105
13037,13037,13037,13037
13087,13087,13087,13087
13099,13099,13099,13099
13061,13061,13061,13061
13273,13273,13273,13273
13131,13131,13131,13131
13243,13243,13243,13243
13201,13201,13201,13201
13253,13253,13253,13253
13239,13239,13239,13239
13007,13007,13007,13007
21211,21211,21211,21211
21179,21179,21179,21179
21223,21223,21223,21223
21103,21103,21103,21103
21155,21155,21155,21155
21185,21185,21185,21185
21111,21111,21111,21111
21229,21229,21229,21229
21215,21215,21215,21215
21029,21029,21029,21029
21163,21163,21163,21163
21027,21027,21027,21027
21085,21085,21085,21085
21093,21093,21093,21093
21167,21167,21167,21167
21181,21181,21181,21181
21197,21197,21197,21197
21205,21205,21205,21205
21165,21165,21165,21165
21209,21209,21209,21209
21173,21173,21173,21173
21065,21065,21065,21065
21113,21113,21113,21113
21005,21005,21005,21005
21239,21239,21239,21239
21017,21017,21017,21017
21011,21011,21011,21011
21187,21187,21187,21187
21151,21151,21151,21151
21049,21049,21049,21049
21109,21109,21109,21109
21203,21203,21203,21203
21137,21137,21137,21137
21021,21021,21021,21021
21079,21079,21079,21079
21067,21067,21067,21067
21073,21073,21073,21073
21235,21235,21235,21235
21125,21125,21125,21125
21121,21121,21121,21121
21095,21095,21095,21095
21013,21013,21013,21013
21131,21131,21131,21131
21133,21133,21133,21133
21051,21051,21051,21051
21037,21037,21037,21037
21023,21023,21023,21023
21097,21097,21097,21097
21015,21015,21015,21015
21191,21191,21191,21191
21041,21041,21041,21041
21081,21081,21081,21081
21117,21117,21117,21117
21161,21161,21161,21161
21069,21069,21069,21069
21077,21077,21077,21077
21201,21201,21201,21201
21019,21019,21019,21019
21089,21089,21089,21089
21127,21127,21127,21127
21043,21043,21043,21043
21135,21135,21135,21135
21063,21063,21063,21063
21159,21159,21159,21159
21115,21115,21115,21115
21071,21071,21071,21071
21237,21237,21237,21237
21129,21129,21129,21129
21189,21189,21189,21189
21025,21025,21025,21025
21175,21175,21175,21175
21193,21193,21193,21193
21153,21153,21153,21153
21195,21195,21195,21195
21119,21119,21119,21119
21145,21145,21145,21145
21035,21035,21035,21035
21039,21039,21039,21039
21007,21007,21007,21007
21157,21157,21157,21157
21083,21083,21083,21083
21139,21139,21139,21139
21105,21105,21105,21105
21055,21055,21055,21055
21143,21143,21143,21143
21075,21075,21075,21075
21227,21227,21227,21227
21003,21003,21003,21003
21009,21009,21009,21009
21169,21169,21169,21169
21171,21171,21171,21171
21213,21213,21213,21213
21061,21061,21061,21061
21141,21141,21141,21141
21219,21219,21219,21219
21221,21221,21221,21221
21047,21047,21047,21047
21031,21031,21031,21031
21059,21059,21059,21059
21183,21183,21183,21183
21177,21177,21177,21177
21149,21149,21149,21149
21091,21091,21091,21091
21233,21233,21233,21233
21101,21101,21101,21101
21107,21107,21107,21107
21033,21033,21033,21033
21225,21225,21225,21225
21199,21199,21199,21199
21045,21045,21045,21045
21001,21001,21001,21001
21053,21053,21053,21053
21207,21207,21207,21207
21147,21147,21147,21147
21231,21231,21231,21231
21099,21099,21099,21099
21123,21123,21123,21123
21057,21057,21057,21057
21217,21217,21217,21217
21087,21087,21087,21087
39089,39089,39089,39089
39049,39049,39049,39049
39041,39041,39041,39041
39083,39083,39083,39083
39075,39075,39075,39075
39021,39021,39021,39021
39023,39023,39023,39023
39097,39097,39097,39097
39159,39159,39159,39159
39045,39045,39045,39045
39091,39091,39091,39091
39127,39127,39127,39127
39141,39141,39141,39141
39129,39129,39129,39129
39047,39047,39047,39047
39073,39073,39073,39073
39101,39101,39101,39101
39117,39117,39117,39117
39175,39175,39175,39175
39065,39065,39065,39065
39173,39173,39173,39173
39143,39143,39143,39143
39123,39123,39123,39123
39095,39095,39095,39095
39043,39043,39043,39043
39171,39171,39171,39171
39051,39051,39051,39051
39039,39039,39039,39039
39069,39069,39069,39069
39119,39119,39119,39119
39121,39121,39121,39121
39013,39013,39013,39013
39111,39111,39111,39111
39059,39059,39059,39059
39115,39115,39115,39115
39031,39031,39031,39031
39157,39157,39157,39157
39081,39081,39081,39081
39067,39067,39067,39067
39029,39029,39029,39029
39093,39093,39093,39093
39007,39007,39007,39007
39035,39035,39035,39035
39055,39055,39055,39055
39085,39085,39085,39085
39153,39153,39153,39153
39133,39133,39133,39133
39103,39103,39103,39103
39169,39169,39169,39169
39099,39099,39099,39099
39155,39155,39155,39155
39151,39151,39151,39151
39019,39019,39019,39019
39147,39147,39147,39147
39063,39063,39063,39063
39005,39005,39005,39005
39139,39139,39139,39139
39033,39033,39033,39033
39077,39077,39077,39077
39061,39061,39061,39061
39135,39135,39135,39135
39165,39165,39165,39165
39017,39017,39017,39017
39015,39015,39015,39015
39025,39025,39025,39025
39027,39027,39027,39027
39071,39071,39071,39071
39001,39001,39001,39001
39057,39057,39057,39057
39149,39149,39149,39149
39037,39037,39037,39037
39113,39113,39113,39113
39107,39107,39107,39107
39109,39109,39109,39109
39131,39131,39131,39131
39053,39053,39053,39053
39087,39087,39087,39087
39079,39079,39079,39079
39163,39163,39163,39163
39145,39145,39145,39145
39009,39009,39009,39009
39167,39167,39167,39167
39105,39105,39105,39105
39003,39003,39003,39003
39125,39125,39125,39125
39011,39011,39011,39011
39137,39137,39137,39137
39161,39161,39161,39161
18095,18095,18095,18095
18057,18057,18057,18057
18023,18023,18023,18023
18159,18159,18159,18159
18011,18011,18011,18011
18059,18059,18059,18059
18063,18063,18063,18063
18139,18139,18139,18139
18133,18133,18133,18133
18081,18081,18081,18081
18097,18097,18097,18097
18145,18145,18145,18145
18109,18109,18109,18109
18041,18041,18041,18041
18065,18065,18065,18065
18013,18013,18013,18013
18127,18127,18127,18127
18089,18089,18089,18089
18073,18073,18073,18073
18091,18091,18091,18091
18111,18111,18111,18111
18149,18149,18149,18149
18099,18099,18099,18099
18085,18085,18085,18085
18039,18039,18039,18039
18049,18049,18049,18049
18141,18141,18141,18141
18087,18087,18087,18087
18113,18113,18113,18113
18069,18069,18069,18069
18151,18151,18151,18151
18003,18003,18003,18003
18033,18033,18033,18033
18001,18001,18001,18001
18179,18179,18179,18179
18183,18183,18183,18183
18067,18067,18067,18067
18103,18103,18103,18103
18015,18015,18015,18015
18053,18053,18053,18053
18017,18017,18017,18017
18169,18169,18169,18169
18131,18131,18131,18131
18029,18029,18029,18029
18161,18161,18161,18161
18137,18137,18137,18137
18047,18047,18047,18047
18155,18155,18155,18155
18115,18115,18115,18115
18143,18143,18143,18143
18019,18019,18019,18019
18175,18175,18175,18175
18061,18061,18061,18061
18025,18025,18025,18025
18123,18123,18123,18123
18043,18043,18043,18043
18077,18077,18077,18077
18005,18005,18005,18005
18071,18071,18071,18071
18079,18079,18079,18079
18031,18031,18031,18031
18035,18035,18035,18035
18177,18177,18177,18177
18075,18075,18075,18075
18009,18009,18009,18009
18135,18135,18135,18135
18105,18105,18105,18105
18093,18093,18093,18093
18055,18055,18055,18055
18119,18119,18119,18119
18037,18037,18037,18037
18117,18117,18117,18117
18027,18027,18027,18027
18083,18083,18083,18083
18101,18101,18101,18101
18147,18147,18147,18147
18125,18125,18125,18125
18173,18173,18173,18173
18129,18129,18129,18129
18051,18051,18051,18051
18163,18163,18163,18163
18167,18167,18167,18167
18121,18121,18121,18121
18021,18021,18021,18021
18153,18153,18153,18153
18165,18165,18165,18165
18157,18157,18157,18157
18107,18107,18107,18107
18007,18007,18007,18007
18045,18045,18045,18045
18181,18181,18181,18181
18171,18171,18171,18171
26147,26147,26147,26147
26087,26087,26087,26087
26099,26099,26099,26099
26125,26125,26125,26125
26163,26163,26163,26163
26161,26161,26161,26161
26093,26093,26093,26093
26115,26115,26115,26115
26151,26151,26151,26151
26049,26049,26049,26049
26063,26063,26063,26063
26155,26155,26155,26155
26145,26145,26145,26145
26157,26157,26157,26157
26011,26011,26011,26011
26017,26017,26017,26017
26051,26051,26051,26051
26057,26057,26057,26057
26035,26035,26035,26035
26111,26111,26111,26111
26135,26135,26135,26135
26143,26143,26143,26143
26129,26129,26129,26129
26001,26001,26001,26001
26069,26069,26069,26069
26037,26037,26037,26037
26067,26067,26067,26067
26117,26117,26117,26117
26045,26045,26045,26045
26065,26065,26065,26065
26073,26073,26073,26073
26015,26015,26015,26015
26077,26077,26077,26077
26005,26005,26005,26005
26025,26025,26025,26025
26159,26159,26159,26159
26021,26021,26021,26021
26023,26023,26023,26023
26149,26149,26149,26149
26027,26027,26027,26027
26075,26075,26075,26075
26091,26091,26091,26091
26059,26059,26059,26059
26081,26081,26081,26081
26121,26121,26121,26121
26085,26085,26085,26085
26107,26107,26107,26107
26123,26123,26123,26123
26139,26139,26139,26139
26105,26105,26105,26105
26127,26127,26127,26127
26165,26165,26165,26165
26009,26009,26009,26009
26101,26101,26101,26101
26019,26019,26019,26019
26089,26089,26089,26089
26133,26133,26133,26133
26113,26113,26113,26113
26079,26079,26079,26079
26055,26055,26055,26055
26047,26047,26047,26047
26031,26031,26031,26031
26007,26007,26007,26007
26119,26119,26119,26119
26033,26033,26033,26033
26029,26029,26029,26029
26097,26097,26097,26097
26039,26039,26039,26039
26137,26137,26137,26137
26141,26141,26141,26141
26043,26043,26043,26043
26083,26083,26083,26083
26003,26003,26003,26003
26041,26041,26041,26041
26103,26103,26103,26103
26109,26109,26109,26109
26153,26153,26153,26153
26095,26095,26095,26095
26071,26071,26071,26071
26061,26061,26061,26061
26013,26013,26013,26013
26131,26131,26131,26131
26053,26053,26053,26053
19181,19181,19181,19181
19001,19001,19001,19001
19049,19049,19049,19049
19127,19127,19127,19127
19083,19083,19083,19083
19153,19153,19153,19153
19185,19185,19185,19185
19169,19169,19169,19169
19029,19029,19029,19029
19009,19009,19009,19009
19077,19077,19077,19077
19123,19123,19123,19123
19099,19099,19099,19099
19121,19121,19121,19121
19079,19079,19079,19079
19015,19015,19015,19015
19069,19069,19069,19069
19125,19125,19125,19125
19117,19117,19117,19117
19073,19073,19073,19073
19027,19027,19027,19027
19053,19053,19053,19053
19197,19197,19197,19197
19159,19159,19159,19159
19107,19107,19107,19107
19157,19157,19157,19157
19175,19175,19175,19175
19135,19135,19135,19135
19171,19171,19171,19171
19039,19039,19039,19039
19033,19033,19033,19033
19081,19081,19081,19081
19189,19189,19189,19189
19131,19131,19131,19131
19195,19195,19195,19195
19067,19067,19067,19067
19109,19109,19109,19109
19187,19187,19187,19187
19021,19021,19021,19021
19063,19063,19063,19063
19147,19147,19147,19147
19091,19091,19091,19091
19161,19161,19161,19161
19025,19025,19025,19025
19151,19151,19151,19151
19023,19023,19023,19023
19037,19037,19037,19037
19065,19065,19065,19065
19019,19019,19019,19019
19075,19075,19075,19075
19013,19013,19013,19013
19017,19017,19017,19017
19089,19089,19089,19089
19055,19055,19055,19055
19173,19173,19173,19173
19003,19003,19003,19003
19137,19137,19137,19137
19145,19145,19145,19145
19149,19149,19149,19149
19167,19167,19167,19167
19193,19193,19193,19193
19035,19035,19035,19035
19093,19093,19093,19093
19141,19141,19141,19141
19133,19133,19133,19133
19041,19041,19041,19041
19119,19119,19119,19119
19143,19143,19143,19143
19059,19059,19059,19059
19047,19047,19047,19047
19165,19165,19165,19165
19155,19155,19155,19155
19085,19085,19085,19085
19129,19129,19129,19129
19071,19071,19071,19071
19061,19061,19061,19061
19097,19097,19097,19097
19045,19045,19045,19045
19043,19043,19043,19043
19191,19191,19191,19191
19005,19005,19005,19005
19183,19183,19183,19183
19113,19113,19113,19113
19095,19095,19095,19095
19105,19105,19105,19105
19011,19011,19011,19011
19031,19031,19031,19031
19103,19103,19103,19103
19179,19179,19179,19179
19101,19101,19101,19101
19177,19177,19177,19177
19051,19051,19051,19051
19007,19007,19007,19007
19057,19057,19057,19057
19111,19111,19111,19111
19087,19087,19087,19087
19115,19115,19115,19115
19139,19139,19139,19139
19163,19163,19163,19163
55117,55117,55117,55117
55131,55131,55131,55131
55027,55027,55027,55027
55089,55089,55089,55089
55133,55133,55133,55133
55039,55039,55039,55039
55015,55015,55015,55015
55071,55071,55071,55071
55055,55055,55055,55055
55059,55059,55059,55059
55101,55101,55101,55101
55079,55079,55079,55079
55127,55127,55127,55127
55105,55105,55105,55105
55045,55045,55045,55045
55049,55049,55049,55049
55065,55065,55065,55065
55025,55025,55025,55025
55103,55103,55103,55103
55043,55043,55043,55043
55021,55021,55021,55021
55111,55111,55111,55111
55023,55023,55023,55023
55001,55001,55001,55001
55077,55077,55077,55077
55047,55047,55047,55047
55057,55057,55057,55057
55095,55095,55095,55095
55109,55109,55109,55109
55093,55093,55093,55093
55083,55083,55083,55083
55075,55075,55075,55075
55041,55041,55041,55041
55087,55087,55087,55087
55115,55115,55115,55115
55009,55009,55009,55009
55037,55037,55037,55037
55078,55078,55078,55078
55061,55061,55061,55061
55029,55029,55029,55029
55073,55073,55073,55073
55019,55019,55019,55019
55097,55097,55097,55097
55067,55067,55067,55067
55141,55141,55141,55141
55119,55119,55119,55119
55069,55069,55069,55069
55099,55099,55099,55099
55085,55085,55085,55085
55125,55125,55125,55125
55003,55003,55003,55003
55051,55051,55051,55051
55107,55107,55107,55107
55063,55063,55063,55063
55011,55011,55011,55011
55053,55053,55053,55053
55121,55121,55121,55121
55081,55081,55081,55081
55123,55123,55123,55123
55035,55035,55035,55035
55091,55091,55091,55091
55017,55017,55017,55017
55033,55033,55033,55033
55005,55005,55005,55005
55129,55129,55129,55129
55007,55007,55007,55007
55031,55031,55031,55031
55113,55113,55113,55113
55013,55013,55013,55013
55139,55139,55139,55139
55135,55135,55135,55135
55137,55137,55137,55137
27163,27163,27163,27163
27003,27003,27003,27003
27059,27059,27059,27059
27065,27065,27065,27065
27049,27049,27049,27049
27025,27025,27025,27025
27131,27131,27131,27131
27139,27139,27139,27139
27037,27037,27037,27037
27115,27115,27115,27115
27157,27157,27157,27157
27147,27147,27147,27147
27123,27123,27123,27123
27053,27053,27053,27053
27171,27171,27171,27171
27143,27143,27143,27143
27141,27141,27141,27141
27129,27129,27129,27129
27085,27085,27085,27085
27019,27019,27019,27019
27093,27093,27093,27093
27145,27145,27145,27145
27095,27095,27095,27095
27075,27075,27075,27075
27137,27137,27137,27137
27031,27031,27031,27031
27017,27017,27017,27017
27061,27061,27061,27061
27001,27001,27001,27001
27071,27071,27071,27071
27109,27109,27109,27109
27099,27099,27099,27099
27169,27169,27169,27169
27055,27055,27055,27055
27045,27045,27045,27045
27039,27039,27039,27039
27013,27013,27013,27013
27103,27103,27103,27103
27047,27047,27047,27047
27043,27043,27043,27043
27079,27079,27079,27079
27015,27015,27015,27015
27165,27165,27165,27165
27091,27091,27091,27091
27161,27161,27161,27161
27033,27033,27033,27033
27105,27105,27105,27105
27063,27063,27063,27063
27081,27081,27081,27081
27101,27101,27101,27101
27083,27083,27083,27083
27133,27133,27133,27133
27117,27117,27117,27117
27127,27127,27127,27127
27067,27067,27067,27067
27149,27149,27149,27149
27151,27151,27151,27151
27011,27011,27011,27011
27073,27073,27073,27073
27155,27155,27155,27155
27173,27173,27173,27173
27023,27023,27023,27023
27051,27051,27051,27051
27041,27041,27041,27041
27097,27097,27097,27097
27153,27153,27153,27153
27121,27121,27121,27121
27111,27111,27111,27111
27009,27009,27009,27009
27035,27035,27035,27035
27057,27057,27057,27057
27021,27021,27021,27021
27159,27159,27159,27159
27005,27005,27005,27005
27107,27107,27107,27107
27027,27027,27027,27027
27087,27087,27087,27087
27119,27119,27119,27119
27167,27167,27167,27167
27007,27007,27007,27007
27029,27029,27029,27029
27077,27077,27077,27077
27135,27135,27135,27135
27113,27113,27113,27113
27089,27089,27089,27089
27125,27125,27125,27125
27069,27069,27069,27069
46127,46127,46127,46127
46011,46011,46011,46011
46099,46099,46099,46099
46027,46027,46027,46027
46087,46087,46087,46087
46083,46083,46083,46083
46125,46125,46125,46125
46079,46079,46079,46079
46101,46101,46101,46101
46067,46067,46067,46067
46135,46135,46135,46135
46077,46077,46077,46077
46009,46009,46009,46009
46029,46029,46029,46029
46039,46039,46039,46039
46051,46051,46051,46051
46025,46025,46025,46025
46037,46037,46037,46037
46057,46057,46057,46057
46109,46109,46109,46109
46091,46091,46091,46091
46035,46035,46035,46035
46061,46061,46061,46061
46073,46073,46073,46073
46043,46043,46043,46043
46111,46111,46111,46111
46053,46053,46053,46053
46005,46005,46005,46005
46097,46097,46097,46097
46015,46015,46015,46015
46023,46023,46023,46023
46017,46017,46017,46017
46069,46069,46069,46069
46003,46003,46003,46003
46059,46059,46059,46059
46085,46085,46085,46085
46013,46013,46013,46013
46129,46129,46129,46129
46115,46115,46115,46115
46045,46045,46045,46045
46049,46049,46049,46049
46089,46089,46089,46089
46107,46107,46107,46107
46065,46065,46065,46065
46119,46119,46119,46119
46071,46071,46071,46071
46123,46123,46123,46123
46075,46075,46075,46075
46117,46117,46117,46117
46007,46007,46007,46007
46055,46055,46055,46055
46121,46121,46121,46121
46095,46095,46095,46095
46105,46105,46105,46105
46031,46031,46031,46031
46137,46137,46137,46137
46041,46041,46041,46041
46093,46093,46093,46093
46021,46021,46021,46021
46063,46063,46063,46063
46103,46103,46103,46103
46113,,,
46019,46019,46019,46019
46047,46047,46047,46047
46033,46033,46033,46033
46081,46081,46081,46081
38077,38077,38077,38077
38017,38017,38017,38017
38097,38097,38097,38097
38081,38081,38081,38081
38073,38073,38073,38073
38003,38003,38003,38003
38091,38091,38091,38091
38045,38045,38045,38045
38039,38039,38039,38039
38035,38035,38035,38035
38099,38099,38099,38099
38063,38063,38063,38063
38067,38067,38067,38067
38019,38019,38019,38019
38071,38071,38071,38071
38079,38079,38079,38079
38095,38095,38095,38095
38009,38009,38009,38009
38005,38005,38005,38005
38103,38103,38103,38103
38027,38027,38027,38027
38069,38069,38069,38069
38093,38093,38093,38093
38051,38051,38051,38051
38031,38031,38031,38031
38043,38043,38043,38043
38083,38083,38083,38083
38021,38021,38021,38021
38047,38047,38047,38047
38015,38015,38015,38015
38059,38059,38059,38059
38057,38057,38057,38057
38029,38029,38029,38029
38085,38085,38085,38085
38037,38037,38037,38037
38065,38065,38065,38065
38055,38055,38055,38055
38089,38089,38089,38089
38087,38087,38087,38087
38033,38033,38033,38033
38011,38011,38011,38011
38025,38025,38025,38025
38007,38007,38007,38007
38053,38053,38053,38053
38001,38001,38001,38001
38041,38041,38041,38041
38101,38101,38101,38101
38049,38049,38049,38049
38013,38013,38013,38013
38023,38023,38023,38023
38075,38075,38075,38075
38105,38105,38105,38105
38061,38061,38061,38061
30095,30095,30095,30095
30111,30111,30111,30111
30087,30087,30087,30087
30009,30009,30009,30009
30103,30103,30103,30103
30097,30097,30097,30097
30065,30065,30065,30065
30003,30003,30003,30003
30067,30067,30067,30067
30027,30027,30027,30027
30107,30107,30107,30107
30037,30037,30037,30037
30059,30059,30059,30059
30033,30033,30033,30033
30075,30075,30075,30075
30031,30031,30031,30031
30069,30069,30069,30069
30085,30085,30085,30085
30091,30091,30091,30091
30055,30055,30055,30055
30083,30083,30083,30083
30019,30019,30019,30019
30105,30105,30105,30105
30021,30021,30021,30021
30071,30071,30071,30071
30017,30017,30017,30017
30011,30011,30011,30011
30025,30025,30025,30025
30079,30079,30079,30079
30109,30109,30109,30109
30013,30013,30013,30013
30049,30049,30049,30049
30035,30035,30035,30035
30073,30073,30073,30073
30045,30045,30045,30045
30099,30099,30099,30099
30015,30015,30015,30015
30051,30051,30051,30051
30101,30101,30101,30101
30041,30041,30041,30041
30005,30005,30005,30005
30043,30043,30043,30043
30007,30007,30007,30007
30093,30093,30093,30093
30057,30057,30057,30057
30023,30023,30023,30023
30077,30077,30077,30077
30001,30001,30001,30001
30063,30063,30063,30063
30061,30061,30061,30061
30047,30047,30047,30047
30081,30081,30081,30081
30089,30089,30089,30089
30039,30039,30039,30039
30029,30029,30029,30029
30053,30053,30053,30053
17097,17097,17097,17097
17031,17031,17031,17031
17111,17111,17111,17111
17043,17043,17043,17043
17089,17089,17089,17089
17037,17037,17037,17037
17141,17141,17141,17141
17197,17197,17197,17197
17063,17063,17063,17063
17105,17105,17105,17105
17099,17099,17099,17099
17093,17093,17093,17093
17103,17103,17103,17103
17091,17091,17091,17091
17075,17075,17075,17075
17053,17053,17053,17053
17183,17183,17183,17183
17019,17019,17019,17019
17085,17085,17085,17085
17007,17007,17007,17007
17177,17177,17177,17177
17015,17015,17015,17015
17201,17201,17201,17201
17195,17195,17195,17195
17161,17161,17161,17161
17131,17131,17131,17131
17073,17073,17073,17073
17011,17011,17011,17011
17155,17155,17155,17155
17123,17123,17123,17123
17095,17095,17095,17095
17109,17109,17109,17109
17187,17187,17187,17187
17057,17057,17057,17057
17071,17071,17071,17071
17175,17175,17175,17175
17067,17067,17067,17067
17143,17143,17143,17143
17169,17169,17169,17169
17203,17203,17203,17203
17125,17125,17125,17125
17179,17179,17179,17179
17113,17113,17113,17113
17107,17107,17107,17107
17039,17039,17039,17039
17115,17115,17115,17115
17147,17147,17147,17147
17041,17041,17041,17041
17029,17029,17029,17029
17139,17139,17139,17139
17045,17045,17045,17045
17173,17173,17173,17173
17119,17119,17119,17119
17013,17013,17013,17013
17117,17117,17117,17117
17051,17051,17051,17051
17135,17135,17135,17135
17061,17061,17061,17061
17083,17083,17083,17083
17163,17163,17163,17163
17021,17021,17021,17021
17005,17005,17005,17005
17189,17189,17189,17189
17027,17027,17027,17027
17157,17157,17157,17157
17133,17133,17133,17133
17145,17145,17145,17145
17001,17001,17001,17001
17149,17149,17149,17149
17009,17009,17009,17009
17049,17049,17049,17049
17185,17185,17185,17185
17033,17033,17033,17033
17101,17101,17101,17101
17159,17159,17159,17159
17035,17035,17035,17035
17023,17023,17023,17023
17079,17079,17079,17079
17025,17025,17025,17025
17191,17191,17191,17191
17047,17047,17047,17047
17167,17167,17167,17167
17137,17137,17137,17137
17171,17171,17171,17171
17017,17017,17017,17017
17129,17129,17129,17129
17121,17121,17121,17121
17081,17081,17081,17081
17055,17055,17055,17055
17065,17065,17065,17065
17193,17193,17193,17193
17199,17199,17199,17199
17059,17059,17059,17059
17077,17077,17077,17077
17181,17181,17181,17181
17127,17127,17127,17127
17087,17087,17087,17087
17003,17003,17003,17003
17165,17165,17165,17165
17069,17069,17069,17069
17151,17151,17151,17151
17153,17153,17153,17153
29189,29189,29189,29189
29099,29099,29099,29099
29071,29071,29071,29071
29221,29221,29221,29221
29187,29187,29187,29187
29073,29073,29073,29073
29510,29510,29510,29510
29183,29183,29183,29183
29163,29163,29163,29163
29139,29139,29139,29139
29113,29113,29113,29113
29007,29007,29007,29007
29219,29219,29219,29219
29027,29027,29027,29027
29127,29127,29127,29127
29045,29045,29045,29045
29121,29121,29121,29121
29199,29199,29199,29199
29205,29205,29205,29205
29111,29111,29111,29111
29173,29173,29173,29173
29103,29103,29103,29103
29137,29137,29137,29137
29001,29001,29001,29001
29197,29197,29197,29197
29211,29211,29211,29211
29171,29171,29171,29171
29115,29115,29115,29115
29093,29093,29093,29093
29179,29179,29179,29179
29186,29186,29186,29186
29123,29123,29123,29123
29017,29017,29017,29017
29031,29031,29031,29031
29207,29207,29207,29207
29157,29157,29157,29157
29201,29201,29201,29201
29223,29223,29223,29223
29133,29133,29133,29133
29069,29069,29069,29069
29155,29155,29155,29155
29143,29143,29143,29143
29023,29023,29023,29023
29181,29181,29181,29181
29035,29035,29035,29035
29107,29107,29107,29107
29037,29037,29037,29037
29095,29095,29095,29095
29177,29177,29177,29177
29165,29165,29165,29165
29101,29101,29101,29101
29047,29047,29047,29047
29021,29021,29021,29021
29075,29075,29075,29075
29227,29227,29227,29227
29003,29003,29003,29003
29063,29063,29063,29063
29147,29147,29147,29147
29081,29081,29081,29081
29025,29025,29025,29025
29087,29087,29087,29087
29005,29005,29005,29005
29049,29049,29049,29049
29117,29117,29117,29117
29061,29061,29061,29061
29033,29033,29033,29033
29079,29079,29079,29079
29041,29041,29041,29041
29129,29129,29129,29129
29013,29013,29013,29013
29185,29185,29185,29185
29083,29083,29083,29083
29217,29217,29217,29217
29039,29039,29039,29039
29011,29011,29011,29011
29097,29097,29097,29097
29119,29119,29119,29119
29145,29145,29145,29145
29109,29109,29109,29109
29009,29009,29009,29009
29151,29151,29151,29151
29019,29019,29019,29019
29141,29141,29141,29141
29125,29125,29125,29125
29131,29131,29131,29131
29135,29135,29135,29135
29029,29029,29029,29029
29051,29051,29051,29051
29053,29053,29053,29053
29089,29089,29089,29089
29175,29175,29175,29175
29159,29159,29159,29159
29195,29195,29195,29195
29015,29015,29015,29015
29161,29161,29161,29161
29203,29203,29203,29203
29065,29065,29065,29065
29055,29055,29055,29055
29215,29215,29215,29215
29169,29169,29169,29169
29105,29105,29105,29105
29091,29091,29091,29091
29059,29059,29059,29059
29167,29167,29167,29167
29057,29057,29057,29057
29077,29077,29077,29077
29149,29149,29149,29149
29067,29067,29067,29067
29153,29153,29153,29153
29043,29043,29043,29043
29209,29209,29209,29209
29213,29213,29213,29213
29085,29085,29085,29085
29225,29225,29225,29225
29229,29229,29229,29229
20005,20005,20005,20005
20045,20045,20045,20045
20103,20103,20103,20103
20043,20043,20043,20043
20107,20107,20107,20107
20209,20209,20209,20209
20121,20121,20121,20121
20003,20003,20003,20003
20091,20091,20091,20091
20059,20059,20059,20059
20087,20087,20087,20087
20197,20197,20197,20197
20177,20177,20177,20177
20117,20117,20117,20117
20131,20131,20131,20131
20149,20149,20149,20149
20139,20139,20139,20139
20085,20085,20085,20085
20013,20013,20013,20013
20061,20061,20061,20061
20161,20161,20161,20161
20011,20011,20011,20011
20205,20205,20205,20205
20037,20037,20037,20037
20021,20021,20021,20021
20133,20133,20133,20133
20001,20001,20001,20001
20207,20207,20207,20207
20111,20111,20111,20111
20127,20127,20127,20127
20031,20031,20031,20031
20017,20017,20017,20017
20015,20015,20015,20015
20115,20115,20115,20115
20073,20073,20073,20073
20029,20029,20029,20029
20157,20157,20157,20157
20183,20183,20183,20183
20201,20201,20201,20201
20089,20089,20089,20089
20173,20173,20173,20173
20077,20077,20077,20077
20191,20191,20191,20191
20035,20035,20035,20035
20079,20079,20079,20079
20151,20151,20151,20151
20019,20019,20019,20019
20033,20033,20033,20033
20095,20095,20095,20095
20097,20097,20097,20097
20007,20007,20007,20007
20113,20113,20113,20113
20125,20125,20125,20125
20099,20099,20099,20099
20049,20049,20049,20049
20169,20169,20169,20169
20041,20041,20041,20041
20105,20105,20105,20105
20123,20123,20123,20123
20143,20143,20143,20143
20159,20159,20159,20159
20027,20027,20027,20027
20141,20141,20141,20141
20053,20053,20053,20053
20155,20155,20155,20155
20009,20009,20009,20009
20165,20165,20165,20165
20135,20135,20135,20135
20047,20047,20047,20047
20145,20145,20145,20145
20185,20185,20185,20185
20051,20051,20051,20051
20147,20147,20147,20147
20137,20137,20137,20137
20065,20065,20065,20065
20167,20167,20167,20167
20195,20195,20195,20195
20163,20163,20163,20163
20039,20039,20039,20039
20193,20193,20193,20193
20153,20153,20153,20153
20023,20023,20023,20023
20181,20181,20181,20181
20063,20063,20063,20063
20179,20179,20179,20179
20109,20109,20109,20109
20199,20199,20199,20199
20057,20057,20057,20057
20025,20025,20025,20025
20069,20069,20069,20069
20075,20075,20075,20075
20093,20093,20093,20093
20101,20101,20101,20101
20119,20119,20119,20119
20055,20055,20055,20055
20083,20083,20083,20083
20187,20187,20187,20187
20175,20175,20175,20175
20203,20203,20203,20203
20081,20081,20081,20081
20171,20171,20171,20171
20071,20071,20071,20071
20067,20067,20067,20067
20129,20129,20129,20129
20189,20189,20189,20189
31023,31023,31023,31023
31177,31177,31177,31177
31155,31155,31155,31155
31039,31039,31039,31039
31153,31153,31153,31153
31055,31055,31055,31055
31025,31025,31025,31025
31021,31021,31021,31021
31053,31053,31053,31053
31043,31043,31043,31043
31173,31173,31173,31173
31067,31067,31067,31067
31169,31169,31169,31169
31127,31127,31127,31127
31159,31159,31159,31159
31185,31185,31185,31185
31109,31109,31109,31109
31133,31133,31133,31133
31131,31131,31131,31131
31097,31097,31097,31097
31151,31151,31151,31151
31147,31147,31147,31147
31095,31095,31095,31095
31059,31059,31059,31059
31035,31035,31035,31035
31141,31141,31141,31141
31011,31011,31011,31011
31183,31183,31183,31183
31125,31125,31125,31125
31121,31121,31121,31121
31037,31037,31037,31037
31003,31003,31003,31003
31143,31143,31143,31143
31077,31077,31077,31077
31119,31119,31119,31119
31051,31051,31051,31051
31089,31089,31089,31089
31149,31149,31149,31149
31027,31027,31027,31027
31107,31107,31107,31107
31015,31015,31015,31015
31179,31179,31179,31179
31139,31139,31139,31139
31103,31103,31103,31103
31167,31167,31167,31167
31079,31079,31079,31079
31019,31019,31019,31019
31041,31041,31041,31041
31175,31175,31175,31175
31163,31163,31163,31163
31081,31081,31081,31081
31093,31093,31093,31093
31009,31009,31009,31009
31071,31071,31071,31071
31047,31047,31047,31047
31115,31115,31115,31115
31001,31001,31001,31001
31083,31083,31083,31083
31065,31065,31065,31065
31137,31137,31137,31137
31099,31099,31099,31099
31181,31181,31181,31181
31061,31061,31061,31061
31073,31073,31073,31073
31129,31129,31129,31129
31145,31145,31145,31145
31057,31057,31057,31057
31029,31029,31029,31029
31087,31087,31087,31087
31063,31063,31063,31063
31085,31085,31085,31085
31111,31111,31111,31111
31005,31005,31005,31005
31049,31049,31049,31049
31123,31123,31123,31123
31101,31101,31101,31101
31105,31105,31105,31105
31033,31033,31033,31033
31135,31135,31135,31135
31031,31031,31031,31031
31171,31171,31171,31171
31069,31069,31069,31069
31091,31091,31091,31091
31113,31113,31113,31113
31117,31117,31117,31117
31017,31017,31017,31017
31013,31013,31013,31013
31075,31075,31075,31075
31161,31161,31161,31161
31045,31045,31045,31045
31157,31157,31157,31157
31007,31007,31007,31007
31165,31165,31165,31165
22051,22051,22051,22051
22089,22089,22089,22089
22087,22087,22087,22087
22075,22075,22075,22075
22095,22095,22095,22095
22093,22093,22093,22093
22071,22071,22071,22071
22057,22057,22057,22057
22007,22007,22007,22007
22101,22101,22101,22101
22109,22109,22109,22109
22005,22005,22005,22005
22105,22105,22105,22105
22103,22103,22103,22103
22117,22117,22117,22117
22091,22091,22091,22091
22063,22063,22063,22063
22055,22055,22055,22055
22113,22113,22113,22113
22097,22097,22097,22097
22045,22045,22045,22045
22039,22039,22039,22039
22001,22001,22001,22001
22099,22099,22099,22099
22053,22053,22053,22053
22019,22019,22019,22019
22023,22023,22023,22023
22011,22011,22011,22011
22003,22003,22003,22003
22115,22115,22115,22115
22121,22121,22121,22121
22125,22125,22125,22125
22033,22033,22033,22033
22077,22077,22077,22077
22047,22047,22047,22047
22037,22037,22037,22037
22013,22013,22013,22013
22027,22027,22027,22027
22017,22017,22017,22017
22015,22015,22015,22015
22119,22119,22119,22119
22081,22081,22081,22081
22031,22031,22031,22031
22069,22069,22069,22069
22085,22085,22085,22085
22073,22073,22073,22073
22041,22041,22041,22041
22067,22067,22067,22067
22111,22111,22111,22111
22049,22049,22049,22049
22061,22061,22061,22061
22083,22083,22083,22083
22065,22065,22065,22065
22123,22123,22123,22123
22035,22035,22035,22035
22079,22079,22079,22079
22029,22029,22029,22029
22009,22009,22009,22009
22025,22025,22025,22025
22059,22059,22059,22059
22107,22107,22107,22107
22127,22127,22127,22127
22043,22043,22043,22043
22021,22021,22021,22021
5069,5069,5069,5069
5041,5041,5041,5041
5011,5011,5011,5011
5003,5003,5003,5003
5017,5017,5017,5017
5079,5079,5079,5079
5025,5025,5025,5025
5043,5043,5043,5043
5103,5103,5103,5103
5013,5013,5013,5013
5099,5099,5099,5099
5139,5139,5139,5139
5039,5039,5039,5039
5027,5027,5027,5027
5019,5019,5019,5019
5057,5057,5057,5057
5081,5081,5081,5081
5133,5133,5133,5133
5073,5073,5073,5073
5061,5061,5061,5061
5091,5091,5091,5091
5051,5051,5051,5051
5059,5059,5059,5059
5109,5109,5109,5109
5097,5097,5097,5097
5113,5113,5113,5113
5105,5105,5105,5105
5125,5125,5125,5125
5001,5001,5001,5001
5067,5067,5067,5067
5147,5147,5147,5147
5085,5085,5085,5085
5145,5145,5145,5145
5141,5141,5141,5141
5117,5117,5117,5117
5095,5095,5095,5095
5119,5119,5119,5119
5029,5029,5029,5029
5045,5045,5045,5045
5023,5023,5023,5023
5137,5137,5137,5137
5053,5053,5053,5053
5063,5063,5063,5063
5035,5035,5035,5035
5077,5077,5077,5077
5093,5093,5093,5093
5123,5123,5123,5123
5037,5037,5037,5037
5107,5107,5107,5107
5111,5111,5111,5111
5031,5031,5031,5031
5075,5075,5075,5075
5055,5055,5055,5055
5121,5121,5121,5121
5021,5021,5021,5021
5135,5135,5135,5135
5065,5065,5065,5065
5049,5049,5049,5049
5005,5005,5005,5005
5009,5009,5009,5009
5015,5015,5015,5015
5089,5089,5089,5089
5101,5101,5101,5101
5129,5129,5129,5129
5115,5115,5115,5115
5143,5143,5143,5143
5007,5007,5007,5007
5087,5087,5087,5087
5047,5047,5047,5047
5149,5149,5149,5149
5083,5083,5083,5083
5071,5071,5071,5071
5127,5127,5127,5127
5131,5131,5131,5131
5033,5033,5033,5033
40051,40051,40051,40051
40109,40109,40109,40109
40015,40015,40015,40015
40087,40087,40087,40087
40017,40017,40017,40017
40073,40073,40073,40073
40027,40027,40027,40027
40149,40149,40149,40149
40083,40083,40083,40083
40099,40099,40099,40099
40011,40011,40011,40011
40075,40075,40075,40075
40039,40039,40039,40039
40049,40049,40049,40049
40137,40137,40137,40137
40103,40103,40103,40103
40019,40019,40019,40019
40085,40085,40085,40085
40069,40069,40069,40069
40095,40095,40095,40095
40013,40013,40013,40013
40067,40067,40067,40067
40031,40031,40031,40031
40065,40065,40065,40065
40141,40141,40141,40141
40033,40033,40033,40033
40057,40057,40057,40057
40055,40055,40055,40055
40009,40009,40009,40009
40129,40129,40129,40129
40043,40043,40043,40043
40047,40047,40047,40047
40003,40003,40003,40003
40151,40151,40151,40151
40093,40093,40093,40093
40053,40053,40053,40053
40153,40153,40153,40153
40045,40045,40045,40045
40059,40059,40059,40059
40007,40007,40007,40007
40139,40139,40139,40139
40025,40025,40025,40025
40113,40113,40113,40113
40147,40147,40147,40147
40143,40143,40143,40143
40037,40037,40037,40037
40145,40145,40145,40145
40131,40131,40131,40131
40117,40117,40117,40117
40119,40119,40119,40119
40081,40081,40081,40081
40105,40105,40105,40105
40111,40111,40111,40111
40035,40035,40035,40035
40097,40097,40097,40097
40041,40041,40041,40041
40115,40115,40115,40115
40101,40101,40101,40101
40121,40121,40121,40121
40091,40091,40091,40091
40021,40021,40021,40021
40135,40135,40135,40135
40001,40001,40001,40001
40061,40061,40061,40061
40127,40127,40127,40127
40005,40005,40005,40005
40063,40063,40063,40063
40029,40029,40029,40029
40077,40077,40077,40077
40079,40079,40079,40079
40071,40071,40071,40071
40089,40089,40089,40089
40023,40023,40023,40023
40125,40125,40125,40125
40123,40123,40123,40123
40107,40107,40107,40107
40133,40133,40133,40133
48113,48113,48113,48113
48085,48085,48085,48085
48121,48121,48121,48121
48181,48181,48181,48181
48397,48397,48397,48397
48439,48439,48439,48439
48139,48139,48139,48139
48349,48349,48349,48349
48467,48467,48467,48467
48257,48257,48257,48257
48213,48213,48213,48213
48231,48231,48231,48231
48499,48499,48499,48499
48277,48277,48277,48277
48387,48387,48387,48387
48147,48147,48147,48147
48119,48119,48119,48119
48223,48223,48223,48223
48379,48379,48379,48379
48063,48063,48063,48063
48449,48449,48449,48449
48159,48159,48159,48159
48037,48037,48037,48037
48067,48067,48067,48067
48343,48343,48343,48343
48183,48183,48183,48183
48315,48315,48315,48315
48365,48365,48365,48365
48459,48459,48459,48459
48203,48203,48203,48203
48423,48423,48423,48423
48401,48401,48401,48401
48073,48073,48073,48073
48347,48347,48347,48347
48001,48001,48001,48001
48289,48289,48289,48289
48225,48225,48225,48225
48161,48161,48161,48161
48455,48455,48455,48455
48313,48313,48313,48313
48005,48005,48005,48005
48351,48351,48351,48351
48405,48405,48405,48405
48403,48403,48403,48403
48241,48241,48241,48241
48373,48373,48373,48373
48419,48419,48419,48419
48457,48457,48457,48457
48367,48367,48367,48367
48251,48251,48251,48251
48497,48497,48497,48497
48425,48425,48425,48425
48221,48221,48221,48221
48217,48217,48217,48217
48363,48363,48363,48363
48077,48077,48077,48077
48337,48337,48337,48337
48097,48097,48097,48097
48485,48485,48485,48485
48009,48009,48009,48009
48275,48275,48275,48275
48487,48487,48487,48487
48503,48503,48503,48503
48023,48023,48023,48023
48207,48207,48207,48207
48143,48143,48143,48143
48429,48429,48429,48429
48237,48237,48237,48237
48417,48417,48417,48417
48049,48049,48049,48049
48133,48133,48133,48133
48193,48193,48193,48193
48093,48093,48093,48093
48059,48059,48059,48059
48447,48447,48447,48447
48027,48027,48027,48027
48491,48491,48491,48491
48331,48331,48331,48331
48145,48145,48145,48145
48099,48099,48099,48099
48309,48309,48309,48309
48281,48281,48281,48281
48395,48395,48395,48395
48035,48035,48035,48035
48293,48293,48293,48293
48319,48319,48319,48319
48399,48399,48399,48399
48411,48411,48411,48411
48307,48307,48307,48307
48083,48083,48083,48083
48299,48299,48299,48299
48095,48095,48095,48095
48327,48327,48327,48327
48333,48333,48333,48333
48267,48267,48267,48267
48451,48451,48451,48451
48235,48235,48235,48235
48383,48383,48383,48383
48081,48081,48081,48081
48413,48413,48413,48413
48105,48105,48105,48105
48435,48435,48435,48435
48431,48431,48431,48431
48201,48201,48201,48201
48157,48157,48157,48157
48339,48339,48339,48339
48471,48471,48471,48471
48291,48291,48291,48291
48407,48407,48407,48407
48185,48185,48185,48185
48199,48199,48199,48199
48089,48089,48089,48089
48321,48321,48321,48321
48015,48015,48015,48015
48481,48481,48481,48481
48039,48039,48039,48039
48473,48473,48473,48473
48477,48477,48477,48477
48167,48167,48167,48167
48071,48071,48071,48071
48361,48361,48361,48361
48245,48245,48245,48245
48041,48041,48041,48041
48051,48051,48051,48051
48287,48287,48287,48287
48469,48469,48469,48469
48391,48391,48391,48391
48123,48123,48123,48123
48239,48239,48239,48239
48175,48175,48175,48175
48285,48285,48285,48285
48057,48057,48057,48057
48283,48283,48283,48283
48029,48029,48029,48029
48019,48019,48019,48019
48259,48259,48259,48259
48163,48163,48163,48163
48311,48311,48311,48311
48013,48013,48013,48013
48325,48325,48325,48325
48265,48265,48265,48265
48297,48297,48297,48297
48479,48479,48479,48479
48171,48171,48171,48171
48505,48505,48505,48505
48091,48091,48091,48091
48025,48025,48025,48025
48187,48187,48187,48187
48255,48255,48255,48255
48493,48493,48493,48493
48177,48177,48177,48177
48355,48355,48355,48355
48249,48249,48249,48249
48409,48409,48409,48409
48261,48261,48261,48261
48131,48131,48131,48131
48047,48047,48047,48047
48007,48007,48007,48007
48247,48247,48247,48247
48273,48273,48273,48273
48215,48215,48215,48215
48061,48061,48061,48061
48427,48427,48427,48427
48489,48489,48489,48489
48021,48021,48021,48021
48053,48053,48053,48053
48031,48031,48031,48031
48209,48209,48209,48209
48055,48055,48055,48055
48453,48453,48453,48453
48463,48463,48463,48463
48127,48127,48127,48127
48137,48137,48137,48137
48507,48507,48507,48507
48271,48271,48271,48271
48465,48465,48465,48465
48443,48443,48443,48443
48323,48323,48323,48323
48385,48385,48385,48385
48149,48149,48149,48149
48359,48359,48359,48359
48483,48483,48483,48483
48295,48295,48295,48295
48233,48233,48233,48233
48369,48369,48369,48369
48375,48375,48375,48375
48341,48341,48341,48341
48211,48211,48211,48211
48381,48381,48381,48381
48205,48205,48205,48205
48011,48011,48011,48011
48189,48189,48189,48189
48111,48111,48111,48111
48117,48117,48117,48117
48069,48069,48069,48069
48279,48279,48279,48279
48357,48357,48357,48357
48065,48065,48065,48065
48195,48195,48195,48195
48437,48437,48437,48437
48179,48179,48179,48179
48393,48393,48393,48393
48421,48421,48421,48421
48087,48087,48087,48087
48075,48075,48075,48075
48125,48125,48125,48125
48197,48197,48197,48197
48129,48129,48129,48129
48155,48155,48155,48155
48153,48153,48153,48153
48191,48191,48191,48191
48345,48345,48345,48345
48269,48269,48269,48269
48101,48101,48101,48101
48045,48045,48045,48045
48219,48219,48219,48219
48079,48079,48079,48079
48445,48445,48445,48445
48107,48107,48107,48107
48501,48501,48501,48501
48017,48017,48017,48017
48303,48303,48303,48303
48169,48169,48169,48169
48115,48115,48115,48115
48165,48165,48165,48165
48033,48033,48033,48033
48305,48305,48305,48305
48253,48253,48253,48253
48433,48433,48433,48433
48353,48353,48353,48353
48441,48441,48441,48441
48227,48227,48227,48227
48335,48335,48335,48335
48415,48415,48415,48415
48263,48263,48263,48263
48151,48151,48151,48151
48329,48329,48329,48329
48003,48003,48003,48003
48389,48389,48389,48389
48475,48475,48475,48475
48371,48371,48371,48371
48103,48103,48103,48103
48243,48243,48243,48243
48173,48173,48173,48173
48135,48135,48135,48135
48495,48495,48495,48495
48317,48317,48317,48317
48461,48461,48461,48461
48301,48301,48301,48301
48141,48141,48141,48141
48043,48043,48043,48043
48229,48229,48229,48229
48377,48377,48377,48377
48109,48109,48109,48109
8059,8059,8059,8059
8005,8005,8005,8005
8001,8001,8001,8001
8014,8014,8014,8014
8013,8013,8013,8013
8039,8039,8039,8039
8035,8035,8035,8035
8041,8041,8041,8041
8031,8031,8031,8031
8093,8093,8093,8093
8047,8047,8047,8047
8037,8037,8037,8037
8117,8117,8117,8117
8107,8107,8107,8107
8057,8057,8057,8057
8019,8019,8019,8019
8049,8049,8049,8049
8065,8065,8065,8065
8069,8069,8069,8069
8123,8123,8123,8123
8087,8087,8087,8087
8121,8121,8121,8121
8095,8095,8095,8095
8075,8075,8075,8075
8125,8125,8125,8125
8115,8115,8115,8115
8017,8017,8017,8017
8073,8073,8073,8073
8063,8063,8063,8063
8119,8119,8119,8119
8101,8101,8101,8101
8071,8071,8071,8071
8061,8061,8061,8061
8009,8009,8009,8009
8089,8089,8089,8089
8025,8025,8025,8025
8011,8011,8011,8011
8055,8055,8055,8055
8099,8099,8099,8099
8003,8003,8003,8003
8021,8021,8021,8021
8007,8007,8007,8007
8067,8067,8067,8067
8023,8023,8023,8023
8109,8109,8109,8109
8079,8079,8079,8079
8105,8105,8105,8105
8015,8015,8015,8015
8051,8051,8051,8051
8043,8043,8043,8043
8053,8053,8053,8053
8027,8027,8027,8027
8033,8033,8033,8033
8083,8083,8083,8083
8113,8113,8113,8113
8085,8085,8085,8085
8029,8029,8029,8029
8091,8091,8091,8091
8111,8111,8111,8111
8077,8077,8077,8077
8045,8045,8045,8045
8081,8081,8081,8081
8097,8097,8097,8097
8103,8103,8103,8103
56021,56021,56021,56021
56001,56001,56001,56001
56029,56029,56029,56029
56031,56031,56031,56031
56015,56015,56015,56015
56027,56027,56027,56027
56009,56009,56009,56009
56007,56007,56007,56007
56037,56037,56037,56037
56043,56043,56043,56043
56003,56003,56003,56003
56017,56017,56017,56017
56013,56013,56013,56013
56025,56025,56025,56025
56019,56019,56019,56019
56045,56045,56045,56045
56011,56011,56011,56011
56005,56005,56005,56005
56033,56033,56033,56033
56035,56035,56035,56035
56041,56041,56041,56041
56039,56039,56039,56039
56023,56023,56023,56023
16005,16005,16005,16005
16011,16011,16011,16011
16077,16077,16077,16077
16023,16023,16023,16023
16029,16029,16029,16029
16007,16007,16007,16007
16037,16037,16037,16037
16041,16041,16041,16041
16071,16071,16071,16071
16059,16059,16059,16059
16019,16019,16019,16019
16083,16083,16083,16083
16031,16031,16031,16031
16013,16013,16013,16013
16047,16047,16047,16047
16025,16025,16025,16025
16063,16063,16063,16063
16053,16053,16053,16053
16067,16067,16067,16067
16043,16043,16043,16043
16081,16081,16081,16081
16033,16033,16033,16033
16051,16051,16051,16051
16065,16065,16065,16065
16069,16069,16069,16069
16035,16035,16035,16035
16049,16049,16049,16049
16061,16061,16061,16061
16057,16057,16057,16057
16015,16015,16015,16015
16073,16073,16073,16073
16027,16027,16027,16027
16087,16087,16087,16087
16085,16085,16085,16085
16003,16003,16003,16003
16001,16001,16001,16001
16045,16045,16045,16045
16075,16075,16075,16075
16039,16039,16039,16039
16055,16055,16055,16055
16079,16079,16079,16079
16017,16017,16017,16017
16021,16021,16021,16021
16009,16009,16009,16009
49013,49013,49013,49013
49049,49049,49049,49049
49035,49035,49035,49035
49011,49011,49011,49011
49043,49043,49043,49043
49029,49029,49029,49029
49045,49045,49045,49045
49009,49009,49009,49009
49047,49047,49047,49047
49033,49033,49033,49033
49051,49051,49051,49051
49057,49057,49057,49057
49003,49003,49003,49003
49005,49005,49005,49005
49007,49007,49007,49007
49037,49037,49037,49037
49015,49015,49015,49015
49019,49019,49019,49019
49025,49025,49025,49025
49041,49041,49041,49041
49039,49039,49039,49039
49027,49027,49027,49027
49023,49023,49023,49023
49017,49017,49017,49017
49001,49001,49001,49001
49021,49021,49021,49021
49055,49055,49055,49055
49053,49053,49053,49053
49031,49031,49031,49031
4013,4013,4013,4013
4021,4021,4021,4021
4007,4007,4007,4007
4019,4019,4019,4019
4025,4025,4025,4025
4012,4012,4012,4012
4027,4027,4027,4027
4015,4015,4015,4015
4009,4009,4009,4009
4011,4011,4011,4011
4003,4003,4003,4003
4023,4023,4023,4023
4017,4017,4017,4017
4001,4001,4001,4001
4005,4005,4005,4005
35043,35043,35043,35043
35061,35061,35061,35061
35006,35006,35006,35006
35053,35053,35053,35053
35001,35001,35001,35001
35049,35049,35049,35049
35027,35027,35027,35027
35039,35039,35039,35039
35057,35057,35057,35057
35045,35045,35045,35045
35031,35031,35031,35031
35055,35055,35055,35055
35047,35047,35047,35047
35028,35028,35028,35028
35007,35007,35007,35007
35019,35019,35019,35019
35033,35033,35033,35033
35021,35021,35021,35021
35003,35003,35003,35003
35051,35051,35051,35051
35013,35013,35013,35013
35023,35023,35023,35023
35017,35017,35017,35017
35029,35029,35029,35029
35035,35035,35035,35035
35009,35009,35009,35009
35041,35041,35041,35041
35025,35025,35025,35025
35011,35011,35011,35011
35037,35037,35037,35037
35005,35005,35005,35005
35015,35015,35015,35015
35059,35059,35059,35059
32017,32017,32017,32017
32003,32003,32003,32003
32023,32023,32023,32023
32009,32009,32009,32009
32033,32033,32033,32033
32015,32015,32015,32015
32011,32011,32011,32011
32031,32031,32031,32031
32019,32019,32019,32019
32013,32013,32013,32013
32001,32001,32001,32001
32005,32005,32005,32005
32021,32021,32021,32021
32027,32027,32027,32027
32029,32029,32029,32029
32510,32510,32510,32510
32007,32007,32007,32007
6037,6037,6037,6037
6059,6059,6059,6059
6111,6111,6111,6111
6071,6071,6071,6071
6065,6065,6065,6065
6073,6073,6073,6073
6025,6025,6025,6025
6027,6027,6027,6027
6083,6083,6083,6083
6107,6107,6107,6107
6031,6031,6031,6031
6029,6029,6029,6029
6019,6019,6019,6019
6079,6079,6079,6079
6053,6053,6053,6053
6051,6051,6051,6051
6039,6039,6039,6039
6047,6047,6047,6047
6043,6043,6043,6043
6081,6081,6081,6081
6085,6085,6085,6085
6075,6075,6075,6075
6001,6001,6001,6001
6055,6055,6055,6055
6013,6013,6013,6013
6095,6095,6095,6095
6041,6041,6041,6041
6097,6097,6097,6097
6087,6087,6087,6087
6069,6069,6069,6069
6077,6077,6077,6077
6009,6009,6009,6009
6109,6109,6109,6109
6099,6099,6099,6099
6045,6045,6045,6045
6033,6033,6033,6033
6023,6023,6023,6023
6105,6105,6105,6105
6015,6015,6015,6015
6093,6093,6093,6093
6005,6005,6005,6005
6061,6061,6061,6061
6113,6113,6113,6113
6067,6067,6067,6067
6017,6017,6017,6017
6003,6003,6003,6003
6101,6101,6101,6101
6115,6115,6115,6115
6091,6091,6091,6091
6011,6011,6011,6011
6007,6007,6007,6007
6063,6063,6063,6063
6021,6021,6021,6021
6057,6057,6057,6057
6089,6089,6089,6089
6049,6049,6049,6049
6035,6035,6035,6035
6103,6103,6103,6103
15003,15003,15003,15003
15007,15007,15007,15007
15001,15001,15001,15001
15009,15009,15009,15009
15005,15005,15005,15005
41065,41065,41065,41065
41047,41047,41047,41047
41005,41005,41005,41005
41067,41067,41067,41067
41027,41027,41027,41027
41009,41009,41009,41009
41051,41051,41051,41051
41055,41055,41055,41055
41071,41071,41071,41071
41007,41007,41007,41007
41057,41057,41057,41057
41053,41053,41053,41053
41043,41043,41043,41043
41041,41041,41041,41041
41003,41003,41003,41003
41039,41039,41039,41039
41015,41015,41015,41015
41019,41019,41019,41019
41011,41011,41011,41011
41033,41033,41033,41033
41029,41029,41029,41029
41035,41035,41035,41035
41037,41037,41037,41037
41017,41017,41017,41017
41025,41025,41025,41025
41031,41031,41031,41031
41069,41069,41069,41069
41013,41013,41013,41013
41059,41059,41059,41059
41021,41021,41021,41021
41001,41001,41001,41001
41023,41023,41023,41023
41049,41049,41049,41049
41061,41061,41061,41061
41063,41063,41063,41063
41045,41045,41045,41045
53033,53033,53033,53033
53061,53061,53061,53061
53037,53037,53037,53037
53035,53035,53035,53035
53073,53073,53073,53073
53057,53057,53057,53057
53055,53055,53055,53055
53029,53029,53029,53029
53053,53053,53053,53053
53009,53009,53009,53009
53031,53031,53031,53031
53041,53041,53041,53041
53067,53067,53067,53067
53027,53027,53027,53027
53045,53045,53045,53045
53049,53049,53049,53049
53015,53015,53015,53015
53011,53011,53011,53011
53039,53039,53039,53039
53059,53059,53059,53059
53069,53069,53069,53069
53007,53007,53007,53007
53017,53017,53017,53017
53047,53047,53047,53047
53025,53025,53025,53025
53077,53077,53077,53077
53063,53063,53063,53063
53043,53043,53043,53043
53065,53065,53065,53065
53075,53075,53075,53075
53001,53001,53001,53001
53019,53019,53019,53019
53051,53051,53051,53051
53021,53021,53021,53021
53005,53005,53005,53005
53071,53071,53071,53071
53013,53013,53013,53013
53023,53023,53023,53023
53003,53003,53003,53003
2020,2020,2020,2020
2185,2185,2185,2185
2016,2016,2016,2016
2164,2164,2164,2164
2150,2150,2150,2150
2050,2050,2050,2050
2013,2013,2013,2013
2270,,,2270
2070,2070,2070,2070
2122,2122,2122,2122
2290,2290,2290,2290
2261,2261,2261,2261
2060,2060,2060,2060
2170,2170,2170,2170
2180,2180,2180,2180
2282,2282,2282,2282
2090,2090,2090,2090
2068,2068,2068,2068
2240,2240,2240,2240
2188,2188,2188,2188
2110,2110,2110,2110
2105,2105,2105,2105
2100,2100,2100,2100
2195,2195,2195,2195
2220,2220,2220,2220
2230,2230,2230,2230
2130,2130,2130,2130
2275,2275,2275,2275
2198,2198,2198,2198
,2158,2158,2158
,28039,28039,28039
,46102,46102,46102
,51580,51580,51580
,51595,51595,51595
,51600,51600,51600
,51620,51620,51620
,51678,51678,51678
,51685,51685,51685
,51690,51690,51690
,70002,,
,70003,,