date,ak,al,ar,as,az,ca,co,ct,dc,de,fl,ga,gu,hi,ia,id,il,in,ks,ky,la,ma,md,me,mi,mn,mo,mp,ms,mt,nc,nd,ne,nh,nj,nm,nv,ny,oh,ok,or,pa,pr,ri,sc,sd,tn,tx,ut,va,vi,vt,wa,wi,wv,wy
2022-05-01,4848.794897910619,21972.796626976582,17687.25121128687,777.6286255216835,66691.18050580131,440087.9403897145,60107.23368593378,43535.02604791899,14280.607567963869,12842.064751582351,187416.00279085012,65619.82947517652,1720.2223289252893,17861.791941076095,30659.322115960633,9745.46114028255,0.0,36553.50417320289,23663.887093358273,25159.37597617018,20502.667214215264,90238.04211944985,71349.94596543639,23275.41814364733,78607.72209370937,65210.58896058653,36928.21606763623,0.0,14113.573514055754,7631.977989353156,78019.5668111706,2568.779099314892,18760.470749063985,17353.46697490575,84419.12299953803,22016.721723000675,20907.065363328507,177883.89867092064,84500.30363619098,22791.034715105496,54320.99656903555,348355.51263530675,46198.44686007684,11772.084117770379,1284.9525277436612,9014.467693930626,41441.73813858194,572311.3017315364,25648.135360381533,78078.02866179639,1242.6490247695715,9437.986116277743,78329.5139173884,54262.47378934998,11665.2714541721,3231.1634656282345
2022-05-02,5178.89312176147,21750.512703708864,19424.881553165662,567.8201293682926,65269.65408420866,426454.1679929257,55962.68825194318,42947.28480410566,15235.999128060248,14524.600329583207,185867.07879362322,70126.13308479464,1817.0109432895515,18486.4322630198,28982.786862867142,10009.17199894691,0.0,38454.05646013445,23773.818835187052,24357.40246331138,19879.378679457855,89933.77943095414,72399.66045182831,23286.59498793045,79267.63704237393,65281.89323298651,43678.28032428756,63.81477032140128,16362.489667253978,7493.632967913712,78436.17734989195,2287.1640140964514,16232.136994210714,19723.148936302074,85223.08944458274,22470.320849390824,21002.858211980198,180886.51320669916,84284.02366397718,22671.9672374556,55571.19926100795,362894.2541540997,43093.85571383709,11918.07688036561,77676.59414567903,9251.632175708552,40969.495247840045,572994.233054087,26104.161431296485,77874.04399668118,1180.4488851168492,9616.446912147641,79763.04994280811,59633.433495616875,11772.093039475269,3264.501883073481
2022-05-03,5196.65811233333,20773.453225878355,20590.413236623543,339.6891970400978,64005.34889353602,408892.97888911987,51582.12011185784,41852.53130652403,14709.192742182926,16287.511566756688,180346.68543897453,73984.45462158677,1790.195612137948,18761.864068775103,26938.919037477146,10385.961740158808,0.0,38711.42438113772,23477.717400948557,22745.61001431965,18972.015825586277,88914.89626398824,72730.0885653248,22876.252121653677,80013.96108873202,64004.35749941706,49134.50778058776,115.64399700243149,17489.168246480593,7814.928175026308,77002.42210349721,1956.5477870963061,16563.62573692097,20753.329764826984,85446.5053360584,22373.38440693176,20618.75212938404,179126.87645514603,83632.58420954236,22118.411915054563,55600.85857456363,360990.6816571562,38628.67508782508,11738.453613929778,153199.43762525034,9543.929770314575,39163.11964294803,566993.1048752833,26181.02229444431,77340.61848459125,1102.693931461933,9590.789676481936,80652.88534756612,62918.6316836519,11522.317903911726,3113.689848828212
2022-05-04,5097.038864795033,20870.12360714079,22595.462625143016,299.44244254309115,63773.20225419627,421362.1321602157,51363.57242838365,41466.37581634208,73760.4649876964,15079.245854844316,157550.2949590851,69942.47767340636,1858.6197313476223,18882.015739922197,26683.538988905857,10869.921367664707,0.0,38781.22862846824,23194.38184529985,23680.56959431364,19311.467526009466,89182.12577250961,71978.3259495266,22476.520752741257,87778.42489853922,64577.427901172676,49262.943049733905,248.9488593257792,13900.271476437847,7862.976771341724,76938.08602367545,1933.3622867279737,15627.3335284926,22226.570925501394,85317.04464077778,22734.738482084464,20641.73815550621,175677.19483564718,83807.36950864729,22170.126349398823,56023.4249080241,364004.8988995604,40614.78018875749,11468.925323421281,153313.50054124193,9615.053653535253,38917.77580555492,206481.76635518373,27361.647466876613,80188.67091410735,945.2351675912882,9467.320141566062,79521.1032235336,63030.9559246658,11327.877614861884,3054.553536551058
2022-05-05,5090.0595628145675,20371.99517874387,21974.054888298742,1098.9679099915174,65872.1712999142,415016.7238014611,51961.51680666938,41471.32882734459,76332.22052327156,11408.429332705882,173380.06380766808,62581.58000155143,1363.6754670466385,19192.264490455105,26842.762267333295,10617.037694824006,0.0,38945.86357825003,23053.926290081767,22782.96512777784,19351.317922934046,88722.41981462452,69569.72704029594,22175.40339284814,82402.0551350061,63066.485798560134,35732.52955875323,283.6990662150616,14350.94262906211,10096.307227250609,70464.97641614493,1964.0843794258392,13482.232488511632,20615.877633432945,83451.2431812476,19571.965188021575,21130.10314935809,164779.1120428638,82983.60992127564,21313.305345723067,55482.91420730743,146759.44350225932,47980.923754032316,11622.044845170536,153704.19464897126,8497.455922668512,39379.29874388411,203897.4323492473,36476.3132565128,80668.11292976803,857.4032554087822,9379.195347410598,80704.68696069227,61989.337979332035,9449.574381296348,2943.8741273602495
2022-05-06,5729.187394496166,19271.528236945698,14456.37943779516,1015.2126559861083,65462.09461129726,405717.0027773606,51435.06115631728,40127.58312235712,72609.32161980688,10193.170830395295,168294.27112520713,63155.14996806744,1492.7167999281626,19331.950351561223,25325.017887280905,9991.11884963671,0.0,37937.895714949605,22590.437190581477,22961.532972498127,19302.29742202796,87807.38573320834,64007.98315691149,21894.46010334529,78004.11737721425,62522.058539687816,34540.02274626638,306.19419801608484,13255.608758819699,10426.01114817421,68183.90742011013,34089.815178004224,10626.30446176351,19172.677682248777,81739.32532505729,22179.973730756195,20855.58764371342,158191.06381902704,81354.3208857329,21091.770133676662,54245.012740829006,125595.65639072572,44692.726931626516,11258.278493449841,153533.67362870643,9496.37288502473,38902.4020047047,201227.64058030318,34551.34287173519,81752.38521233945,859.0737226437506,9537.405423145687,81439.58900436206,59868.48193609061,11292.197698692906,2958.5646363458886
2022-05-07,4716.063845123956,16211.272638793822,14596.044810513034,1010.9201039709694,62307.38619938421,397448.38658004114,51762.21542066911,39640.52027937396,51823.37707159797,9729.227983705521,149881.79023336814,66569.655925012,2301.039693805076,19057.10037182275,25378.95744211581,24466.670146179928,0.0,37485.445970192435,22208.484919368602,22181.597850086135,18556.659325189412,87388.41484317338,61768.02075331536,21615.57390816506,77080.69590124078,62465.65260126643,34598.45572632327,317.4661425207128,13488.922033709605,10033.619836082315,69400.93015464392,33848.04870840617,13638.412269117938,23487.293741792717,79203.12228525901,22102.22187339943,20571.543331557255,149937.63351592625,80773.94304037082,20761.32672590188,52254.73994829206,122284.41367468405,26367.37499353493,11317.21024340425,153399.08224829804,9165.383548322245,39364.91804135759,203287.94720432247,7630.523538856282,81769.73319764373,961.392608530076,9456.690467276414,81342.73330438112,63266.787312053595,11240.18612079797,2988.1358327918974
2022-05-08,3557.7854916713527,13182.240514246172,14428.231762761248,979.198150821383,59000.202398826055,389244.679851084,51741.28089838746,38798.235030481046,29449.456462396633,9190.264212341943,132271.25234626478,69180.37089064339,2225.5239070573343,18612.59046426402,25072.65456439281,23952.07494316665,0.0,37062.22321623382,21616.86008458278,21377.603255010687,17839.957507123192,86591.36574414787,59592.17425877593,21197.665460980035,76050.0207570588,61848.81695804037,34450.59882365991,321.94460733989365,12865.205331795538,9953.641827310548,71112.42259888323,33217.50219914467,15114.492994559792,27040.44381222207,77188.13733645687,21907.816273341083,20026.93821596207,142885.92810242527,79994.68750924733,20236.647481551856,50026.66029196797,118904.9211883163,26934.428748967875,11206.071209691278,153099.1960427642,8602.808296116298,39367.09658557448,205190.12209052805,7065.225633464335,81544.25640966216,1087.9571194547032,9246.105483177616,80845.05870392377,65886.43702475852,11098.657659971444,2846.2478537395673
2022-05-09,2728.844973320629,10623.874672400354,14762.158828818658,979.1060609107315,56599.70320556877,381645.0770096418,52126.67372623295,38451.55545947888,9477.579888953192,9203.327147665617,116475.04564356418,72649.67867476952,2334.7180524086366,18862.674346499578,25134.244587787452,25174.171494387607,0.0,36959.85321750416,21105.582455992087,21003.102344308016,17458.04084608874,86292.46827961848,57992.01688581748,21511.20749415115,76249.93396200698,62074.401368938044,34794.14228016469,358.42629330520384,13002.975470658184,9799.32885746478,73698.98976915474,33857.829673796936,15040.871949376964,31126.302234200604,75705.0502396926,22219.936840646515,19983.4097299471,138089.4973897139,79323.06967466894,20125.669719970247,48364.78847307661,116885.5973172602,29113.15971423763,11501.173038916855,153622.1021660369,8496.809427986207,39660.00085646675,207679.79514074497,7098.025951643074,81674.19328486561,1258.3663032763773,9411.651288876432,80856.79159849253,69345.99524977057,11515.118100822358,2974.4706748527
2022-05-10,2477.910083038134,10147.138349062063,14213.63981529838,1007.4211043646328,62322.68869649244,372771.3382646682,49877.59765595885,38077.230492884824,9123.785661191638,6109.39367436998,118770.74824939868,55189.19434638876,2252.5706719826735,17425.8104739667,23431.152762629365,29420.867457033335,0.0,36127.64667280052,20639.93921946303,21450.21020391863,17303.245867262827,84268.48135394441,57171.02465323584,21163.678342101106,75145.78333665022,61887.25648994998,33678.10689726667,226.46949412976167,12644.30151808417,7410.093941828278,75582.0336526355,34108.81700882331,15348.03296788877,32199.470648972063,71932.802103858,21462.716562917365,18870.65144970264,137496.43970725266,78561.27011299747,19381.937796087117,45883.066496779895,116229.7396012366,30719.049805755043,11150.405716791176,149556.33442171218,7923.88975440981,39303.0531137866,201710.40880895188,7129.044010181855,82197.79734525044,1176.011347117647,9140.401679495737,82184.02934440636,69002.35193056834,11574.570990618065,2934.2188242461257
2022-05-11,2430.8651646086414,18814.108995149272,15101.44549488543,957.6418050659241,64915.45103114205,377589.7490519559,50626.205314750114,38230.50303955143,9211.456043733033,10005.072861796973,173693.41317007976,55481.09275412983,2394.613979617164,14451.960818108199,22643.89193972075,30585.12272216125,0.0,36199.33722785204,20371.10875696131,22253.115639366264,17512.785767476547,84580.85032439622,57314.150405387554,20884.855140268155,71718.92506948976,61714.15167107307,33449.26614871533,122.01446069721985,12604.790314234377,7478.765468430593,77483.78191104125,34182.56055352655,11117.761647937246,23225.905122151842,72734.10973952727,20547.486179121934,18221.326272614573,158984.73467264872,111903.85343503873,19454.225473505343,47740.24221509002,113617.0980892511,30541.131235643355,11068.01778363312,28894.94149036149,7597.923594029739,38645.44719424224,199344.14984331676,32583.678218525743,78935.00665827324,1112.7580490655766,9328.739198798547,83314.3126615993,52367.90227290116,11246.555441077977,2939.791486818925
2022-05-12,4140.287570693934,18568.099501759465,14505.587821658946,405.80101605367645,63988.71076163933,280516.7766406954,49306.120973988094,38760.88990768153,9292.591092346856,10859.10660729227,152467.0757486918,57117.32309537358,2937.960896916418,14645.62859602751,22267.05795839581,29746.759052835914,0.0,35971.01615378078,19468.745188816487,21128.44848111797,17254.45694932703,70009.31668996226,57937.5958595566,21171.17728271871,71259.4661239725,61734.14415807207,34110.84651204431,91.58004944486198,12398.95114920258,6687.433769179195,78701.966272123,34725.73851928336,15034.048217314834,33161.724219568125,59858.97620889018,21053.097905643262,17776.978518534026,154853.11651254335,109942.81004386643,19275.805716114115,44618.74883403048,116044.76599436277,29898.496032932067,11564.74298645161,29088.50832376105,8625.069682651378,35251.29407840144,196953.70492712597,27222.33973357572,79484.51653001763,1064.687558914202,9305.422988789654,79798.88236828685,51840.88344792123,12470.880463876192,2827.9085566198783
2022-05-13,4199.987226136564,18337.31693962203,15334.432993806058,438.1220761988116,62579.38428821783,279019.24016557407,48958.27328105241,38513.65283254653,9138.545623284022,10744.519232162076,151216.683450356,57080.155964565696,2570.6730785786835,14498.466308859628,22158.395484053624,27993.063002242354,0.0,35619.289226408175,19526.790357954545,20727.39454897743,17715.875777541867,69406.78207583232,62786.39184386791,21411.435487710172,70362.53461284256,61796.157813837235,34007.66529980395,155.60688751637096,11995.62263258904,8326.855587343229,79226.03332488454,3132.391546707801,18345.876344901768,34011.301788816796,60684.74910915626,20422.347116315483,17636.734758869185,148944.68200271783,148886.56122543837,19301.147054071134,43827.30087420523,114137.37760596184,27832.420147723562,11822.518842088391,29193.88174914866,7214.770220472412,35276.6661947734,197340.3701095145,25857.792402577346,77438.61335811118,881.0743911504808,8988.257608773201,78645.62722745442,51572.52627658104,10325.484839247338,2834.6691445110205
2022-05-14,4703.9359575301505,21259.46989803159,15605.033370936926,473.593709418273,62747.80237152626,280297.33823268535,49055.823181672255,38976.96574407377,9358.00696414218,10365.005265162114,150282.35296506705,57256.37552871098,2401.9569023242243,14447.19474096136,22377.238910283417,12128.445017504435,0.0,35086.815370738834,20321.83448469697,21980.991658680243,19226.092913745044,83855.88153868965,65808.90377885979,21167.82107968561,70499.62867956406,60287.54603007275,34318.927845151135,160.24162204554378,12433.067050126814,8034.482103488905,76608.04385851619,3068.6417785063177,15740.771750543616,30039.97146579937,78307.00806442808,21530.134038258955,17849.53353222635,157185.22283068232,149672.63237972575,19577.11313033402,43566.63694332842,105008.11250693808,25019.639111115954,11594.865058011812,29269.979068971552,7093.078768766507,36250.000321985564,195031.3591859855,25081.85302082674,78034.04824391869,711.8633537810779,8872.878282163134,78648.47195753311,48224.88864909875,10232.967918506349,2857.4427721538136
2022-05-15,4998.664391190356,24209.888723118074,15544.88648944345,494.88558583759897,62678.92489008815,281595.5677169279,48823.58329437775,39084.920678038565,9176.994565001929,9895.621115530923,150068.12636847046,56765.58361398898,2436.746243710262,14265.827660427736,22279.32078855889,12243.94120139459,0.0,34558.018005868245,20944.131352746772,23185.70355651236,20736.082296072585,83520.28797293728,68865.76499318377,20787.6861855766,70529.57167961945,58234.10497711594,34427.691736720066,161.46557942004986,12084.33104538018,7991.376798134107,74545.62795189398,2970.8574198735564,11391.552480098875,24122.07988913884,79709.72375795472,21762.27899061417,17835.702334880098,167012.10025861353,150103.08784194788,19668.7486235201,43107.71227284301,96268.34151526332,21799.656420537325,11203.118098866516,29314.43668461116,6786.397583007844,36818.83708887902,192561.72437634112,24234.12852033315,78396.34890457315,581.3730905173832,8636.908905933924,78263.64802639034,44235.46102469638,10059.594181189399,2716.411369076116
2022-05-16,5772.674293580396,28422.207997402773,16024.905551162768,530.9885534092681,63524.42343992428,283316.3035986307,48974.62309765588,39689.408315339584,9922.546318183578,10016.006265062697,152224.42355073534,56999.79130444727,2680.1918625795433,14619.83687284994,22509.27403628915,13257.703188965632,0.0,34272.90878996724,21658.190788373337,24869.245300182167,22650.837662043738,83666.0800275281,72611.92038483695,21125.297499759847,71706.11101233521,56962.99722195171,35031.83482190419,178.68135689992357,12428.587376348385,7888.18795806421,73336.21854408234,2986.8671533312945,6885.217365001244,18093.971097110618,81645.08939105575,22506.234515291522,18273.39965864963,180332.72476729684,150746.75484840598,20167.965348103284,43146.977090631895,87745.8079367668,19652.8699515332,11221.578815892748,29516.774611055796,6837.284040113306,37677.25777879086,190625.940243717,24579.678014188892,79099.73722417616,476.27021850011494,8752.527511066663,78371.97073862182,40765.24272706731,10390.725780313374,2833.1376035962517
2022-05-17,5738.795413949644,28181.55337635824,16161.097611578789,530.8856879455243,59694.89151450547,294355.74066422565,49125.159844349524,39405.94542624151,9552.14167341115,13751.95793411235,159205.60032769945,59481.189905633015,2558.140276749623,16138.711514693261,22604.37255412831,11643.802189548627,0.0,34590.449740486285,21728.842422553407,26075.93659284115,21930.834895404092,83837.83315803389,74292.38389590474,21538.05021689666,73994.0733690853,59977.87105122307,35456.515099514,162.86529577842435,12527.134245329722,7527.450096740898,70413.53653488286,2945.8023059802035,7029.583223081874,19613.048533731744,83640.04629216528,22821.15464252688,19619.69401549375,161375.05505451842,151848.77445998325,20490.96688204461,44445.7464836409,114913.71367864747,32975.59430298354,11337.289491089801,31181.550585758283,6974.836461510377,38289.04245553617,195669.03577089065,24632.459481277645,79313.62908815057,572.8534076566426,8588.057718356618,77441.97164995784,41103.27120228489,7319.530420197881,2793.8454930023713
2022-05-18,5616.883663058849,21229.90075624855,15172.450789447683,443.90189565493387,59401.98166962992,297195.81638316973,49240.51542006564,38953.44243712433,9512.653502070774,10723.442303205788,164415.00512219276,64309.55997223897,1780.4991121666362,19284.373805991716,23089.28634991151,12527.13182201327,0.0,35142.184843347764,21744.296056736865,24173.466473229426,22552.545886616466,84947.70605584257,77815.55141891252,24545.686048956293,73546.37182857684,52033.264038357374,36141.96019581795,144.64617518138158,13194.194010702726,3882.1778441207703,78406.02809706905,2991.4459636885554,4009.4831700657523,16795.52509633665,82994.10289088511,22596.98222013984,19686.418042524107,158277.92763463035,121566.76718104482,20324.96463497601,43536.48909490541,116645.5124881795,31005.195932940307,12060.882629083797,31510.96084700414,6920.183982810041,38334.79085244852,196121.7790798698,17940.794174869483,79640.56650972836,540.1343814807361,8872.237269682026,77936.67412932438,52733.41365433093,7190.988515150956,2846.9131095412563
2022-05-19,4195.158851751324,20823.971262254963,15266.957485794715,396.6199975909236,55879.73501699303,399778.20265681285,46158.98517229176,39042.218947334055,9599.612742456766,11479.657819694681,162748.79961160643,70971.98607705206,1581.9789444934559,18709.32411013228,22558.603796339656,26830.513903360326,0.0,35056.77488506983,21204.68613424914,24176.61195749922,22926.01440569089,98196.55639658966,78742.1961199571,20871.618342960377,76151.70665661748,57702.397004726234,36141.230015453366,146.3289920477686,11043.458646328576,4131.519091233382,70525.38704948543,2887.5875691353167,2682.0873303505455,7751.391626413325,94505.03207314212,20458.400678113343,18763.250664584313,154549.66693076363,119391.8752448891,19598.56804096144,42653.91037560569,117230.99504447712,31325.6805413062,12019.064866294515,31513.63541612101,6868.861271458623,42440.31915261067,189151.59617159452,23231.17167174343,80020.1440532945,660.5878561208078,8900.180306502009,76986.38413109432,52697.461217772376,10818.353922676768,2667.824309657346
2022-05-20,3625.1456009689573,19935.052788078305,18989.940680115316,457.2169850888325,51646.1164090674,407333.20158866345,46560.41491048538,38604.931674294676,9019.489551761486,10761.195176260882,159395.1318262348,62076.987157693104,1277.9676975407542,14894.637248267585,23152.567633904047,25033.580040899316,0.0,35625.34830259775,20830.027721833638,24414.22387568423,18884.923399472314,97351.42853340354,77448.48905324844,19913.561215720027,75614.18612939048,57564.22628452998,35263.989366409165,64.25058581321125,13667.679693184442,2887.108381318857,68290.47434279534,3013.939765529775,109.04256087523923,12940.15027526608,83096.57169812736,19883.55233228772,18505.67624642652,150944.97516146806,79168.33257777814,19452.271267341563,41952.73029068999,115631.10699753191,34771.77146427925,11514.380351511823,31351.242499188524,6561.001353908109,42603.126172778546,185785.37378199035,21960.065254875484,79413.25544180155,617.0663690697185,8735.891885256433,76327.31845691588,53515.89377422336,10508.91240744983,2653.0552709378203
2022-05-21,3698.331944543825,19993.761997902115,18359.382021792477,441.5513097804234,51581.03532316394,408190.43308968295,46287.62591064339,38608.02674417592,8187.7565558236665,10590.948162595023,158779.03811552314,61980.79087220377,1204.0027839404124,15233.767541479476,23330.138845884652,27342.70815237808,0.0,37023.79299568392,20312.8138433415,23731.646021388056,20671.618980137093,81068.1434276469,77630.14817561308,19781.210324889355,68875.0220906991,58751.78725828864,35485.45107873079,49.27932729209805,14267.433206531501,4648.382786026016,69463.37374545806,3013.115886319138,108.45056970277544,16258.461991109538,81532.01614660598,20118.587450192997,18697.23090288627,144812.6221754514,81549.24038456603,19474.991339857446,42078.13208882022,115391.38109884196,37760.40720209611,11509.044478951293,37402.39958410051,6536.555205442236,43507.84167266135,190187.10766155104,21102.46732624739,79583.21065213236,610.8712243358182,9052.923159374544,76612.92647627142,54147.20804320293,10437.904039449973,2664.538972862418
2022-05-22,3620.7694381869783,20084.167198417068,17355.452849768775,414.3942017582655,51325.98309918947,409080.6032725095,45703.82722541404,38262.069752260635,7034.935554331867,10310.014329878322,158921.98368618143,61165.074479383526,1230.9271982982964,15432.024318581076,23177.20188888239,30234.54086590462,0.0,37923.846495166654,19601.02139697817,23021.45073816791,22455.91359063014,80692.80937995574,77873.57222455979,19520.06041631802,62094.571091984384,59415.60092887346,35496.68912731264,33.542747652730775,13971.110067865002,6474.425256553472,71131.2991017409,2977.0835715038797,95.76011611931482,19083.65990621795,80485.64764824523,20248.163223864678,18651.429934875843,139876.4633999557,83749.92320548849,19314.84543312428,42012.04892705419,115287.58261079513,40266.916186535505,11333.05497515598,43407.281761509694,6337.8731644908285,43917.72804128658,194446.04723967932,20595.83487845874,79516.4632315159,626.1186830050387,9233.074540285112,76520.53050701416,54093.597784892656,10284.089238255796,2523.5505944941337
2022-05-23,3887.8650460384306,21110.956877605393,16957.754616945916,401.05493822048766,51822.5040690954,410586.5585637933,45478.5847612831,38403.48350391147,6565.81800182348,10634.870528015608,161581.1502440746,61132.77928120437,1363.7654197417144,16216.842920738565,23365.066975903876,35416.770884234065,0.0,38525.64109591499,18960.042582012782,22774.750322272128,24679.539635219764,80782.45786507675,78882.59944348365,19934.316785998704,56286.74443516085,60897.95106586144,36016.994548092574,20.20801060177707,14451.564074058113,8216.255821953186,73673.79732296916,3054.8869009624154,77.330961179316,22305.273009070846,79988.86671002861,20852.182578738204,19077.45749158419,137241.44498251108,86081.20891796936,19552.6646626441,42434.17780929215,116091.66349415567,45287.137333258535,11568.832850894218,49665.613581605496,6471.458776357605,44664.65406808102,199271.82006172286,20925.007771835146,79796.13109057331,667.1678929909585,9786.447162532966,76910.3114092861,54712.42251432935,10646.685007746313,2621.9633920064275
2022-05-24,3828.2148863204034,21754.045451050522,16509.358306905397,392.09838744057004,52381.94352535661,413052.0032617823,53647.8127173293,38447.20201624462,10276.59631158885,7158.354055881089,166569.85505333956,61389.95919374187,1355.9651211533364,16279.456091856284,24175.254950280316,37920.06852310741,0.0,39164.84218131674,19431.497749612736,21234.146550932863,28334.11507081528,81323.72494024146,79546.28825682634,19220.799913284056,56857.44953111567,61814.3563136806,36858.108110926405,154.191996003242,14171.381639650475,8636.802698704723,79069.62131764663,3283.206975387628,78.91019520765434,17834.463443895518,78915.46110044484,20950.402869939167,19187.940257732116,158286.21757282264,87979.28168715404,19630.61701246818,42830.74671749645,118268.38700851024,31368.951667563062,11435.13439909955,31186.540112846607,5172.441195059118,46538.0191604034,197585.03118434912,20939.357768340753,79686.87439201055,550.3694001888904,9565.548151376115,75040.02067641303,56028.10982692934,14227.183568710494,2716.154592691363
2022-05-25,4680.57229345868,21569.35151275135,16483.090184909233,315.7060895821728,53624.14024136885,414300.46870631824,52317.047135700835,37877.46267530458,10304.54350842894,11200.35144422475,169960.8594594616,62666.334290660605,989.5278429591543,15928.645792046198,24289.04246384878,41356.99067542692,0.0,40345.610858999076,19425.35721304316,22065.58938397835,29801.070964315997,82019.89579364198,81123.00991452622,15490.209866294848,77714.68149758173,62280.77896713489,38005.051377233605,157.4380138028643,14620.43025915344,8740.293489753774,74242.831613199,2772.8746876966984,17443.44516132326,15315.567374981356,82982.08767493739,20986.52232330517,19122.4580598603,150894.1365314126,89899.22845238763,20230.340957313303,42464.07215320888,119953.24180191815,28743.64046489054,11462.985952461455,34736.58654495444,6032.284759209159,46678.132603480015,203578.7205848113,4540.231654683228,79825.92545375471,560.4401852958015,8447.323643696336,75155.6553207029,56630.55527525103,13959.804510843485,2716.62892004491
2022-05-26,4459.5386604823825,21484.397512884254,15532.32714059489,246.0512948017767,54192.064637542615,431156.1575150941,55602.379405538406,38457.88139006295,11065.226227609808,12417.499565047194,173299.47814008375,53167.61565775589,1107.8661058093987,17279.937189699922,23681.740111640112,26373.229727471597,0.0,40408.853225396604,19251.013662743495,26014.740821465795,29460.395037797352,82219.06372871209,83453.46431681687,18814.91501831091,80648.21386274991,65684.542082438,38974.88651524097,247.86339469315905,17449.65196985071,5903.580445776733,80762.97571292327,2904.745551894946,20359.247995203947,15838.144275973247,84488.34224679165,21409.100191077127,19384.311151262977,152356.644788757,92123.68147983745,20509.896958177407,42806.05273204001,123647.83236106137,27028.835753594085,11315.070602033438,40667.43883410399,6050.512715378032,39512.42883785095,208223.19628466896,494.16521383293366,80346.13458712406,412.47482616735067,7966.404150806782,75353.93408665979,58321.989899574,10837.336996608321,2701.3446446641274
2022-05-27,4516.757347047586,21668.620613865114,13379.137806578086,275.8153506336344,78777.56716290477,434641.2501957607,57948.24395536998,42754.6082491526,11152.577499873596,13059.348722377612,176881.84100577023,65838.46544846636,1345.3399649564117,16892.37140889117,24274.121200351925,25137.17688639904,0.0,105851.05118572462,19957.244612538754,25996.15417646413,34137.591816080254,84166.72048715831,83597.46547418687,18934.564932896683,83496.66116926429,68176.91481143744,40370.275077375314,270.05324349615347,16806.748902323554,6135.361805361324,81612.33563099435,2766.912119312353,21255.816057670407,16685.581562548196,85333.9471702638,21736.492781116478,20091.792043919875,152346.4420810388,92629.88892762766,20785.544754155006,43773.514045560274,124803.14717693099,25315.14861786736,11544.990135343933,46962.853045026386,6383.622204065081,40851.1254416299,209483.34853957963,442.6440924834924,83135.23547480213,491.34826331697445,7833.432057960471,77771.26508339355,60405.924255859325,10986.815585144972,2829.1958496910065
2022-05-28,4442.344159880797,20468.321158563882,11574.171601888922,242.43068324068702,77289.2875113029,434877.8611570648,50041.78048267683,41466.718110476926,11315.528847917843,11874.51741429164,151653.19883489583,56174.32767455009,1165.4027475392186,15466.976284124457,22382.011783423237,20666.73213881332,0.0,103130.48810770022,18583.02233900685,25635.32903092618,30474.299642582402,82578.12661982492,80824.72208557033,17626.91692116514,76249.39184535951,63382.851141674175,37408.49016163201,254.6936660555884,11313.828152376986,8795.991629969893,78548.83361160426,2571.6683184653584,16886.657457469657,15423.182737182533,80844.13145225031,20901.28358862664,18812.29692491532,149585.4149818534,90600.27976823207,19331.95430446296,40098.5337759643,109521.17323434334,23709.9389729039,11465.881775953208,40540.24296223995,6507.154276677175,38112.63805373075,202216.17696526405,2148.411247690354,82132.81813706098,414.8710770750906,7443.605361044571,71023.68565018041,56492.2571057714,10099.364064685617,2512.337327976149
2022-05-29,4193.761854148113,19301.85914155726,9557.191961438375,203.61591641949343,75551.16756875515,435152.00521335215,41802.63417694836,39812.26508733843,10997.166483873378,10651.745946942889,127267.59454355591,45942.46987699187,1094.5585426248763,13915.181799910466,20162.315201372716,17074.69607196013,0.0,100670.78972628314,17015.744331022,25240.018173128447,26890.800146511825,80631.49417069326,78134.8818158547,16219.743635415301,68954.44623722519,58007.29103591493,34198.288880587555,234.30595786834,10340.535435403868,7352.0994461756645,76055.9137638985,2352.0107137814307,10653.84491891888,13240.971922364295,76919.688946788,19953.95350149371,17295.73689923352,148129.07778866385,88338.04451084489,17699.790032132518,36241.0572771394,94303.21745060752,21738.255747097355,11219.360208402699,34080.21836413748,6450.893556908276,34815.4567168226,194772.3275302527,3233.307411102748,80888.96955012328,359.0833794569479,6961.94409229621,63934.8228301735,51826.83951077798,9143.367620439569,2060.942635514447
2022-05-30,4343.012330531393,18978.67877421573,7878.971108388257,172.392237474878,74938.67555625035,436082.5305881844,33886.550016432586,38668.630383837946,11786.484033254643,10093.724102735852,104510.19931079041,36373.89854544219,1112.71776030994,12859.742018614237,18227.530789710265,14631.277492290164,0.0,99176.73199527872,15498.889292868942,25355.270403361625,23795.233646912264,79146.21998584477,76200.56503052662,15356.043843399551,62740.84501067778,53386.477314721196,31424.471204398164,235.84875531284555,9971.538832323697,5879.7429067261555,74426.79953945626,2222.8953554891054,4674.840724625794,11066.947753864382,73534.44013467556,19452.308348031384,16200.20160760756,149288.6424767602,86186.35002679688,16418.76002573905,32777.95933616386,79946.26452546245,20914.635073017063,11381.524621412766,27782.176137074566,6730.050893392464,31672.496213325554,187848.12636627862,4677.159918471902,79998.74568532247,318.73093865881924,6765.463180904862,57248.490588403365,47769.801533301084,8623.896113172112,1803.1712595162373
2022-05-31,4225.2448060914585,17995.10858789054,5965.465531154942,133.9345976900957,74509.61716238914,432847.8918454456,25802.597435706928,37069.75427470344,11430.393957405922,9558.057130327874,79297.5823772863,26517.86827565512,1052.4058427335383,11506.379127197255,16054.660073124807,12026.937498845527,0.0,96731.81166745999,13719.778549638686,24620.45325772795,20332.01337844749,77032.19604349426,73496.7612898522,14186.56348310641,56441.891910892715,47661.735791903484,27712.86324129805,198.52219485417407,9056.053789979203,4721.709825390098,71032.39868494208,2048.385744449806,134.33521327017345,8124.635870862096,69667.78037959202,18457.411828517696,14718.786825646002,146466.4031961106,83585.47911813176,14810.451717533588,28609.418106831738,63941.56463310884,19500.252092905164,11232.595439519368,21216.467084961976,7053.420492132624,27482.730870561354,179188.48147231428,6103.5751364226635,78770.7268279906,273.7183517813309,6421.246014174664,50175.63865085177,42158.85316106071,7814.397888416746,1431.732305731443
2022-06-01,4049.47283193007,18710.444392863985,6532.98019205045,265.9584633449819,72952.56367104764,400974.60616044287,25856.873385000334,36660.663442352656,10027.282271945855,4790.131519352226,59111.38047256334,27166.166579552722,1317.2004400794006,14933.55563887683,16091.377778986423,9465.925774676294,0.0,93174.76828924524,13693.423753361847,22685.553233758077,17927.944254632283,67154.70053859676,67919.40158650448,16435.198758228566,64471.10205134513,55863.021578406384,23895.776489617914,202.7014427711878,11202.693466321616,4728.6754740640135,63033.91590463182,2772.8746876966984,82.47076980003955,10190.12556058177,60712.88618383271,18321.582838635375,15881.193390813869,132331.79492489583,74911.12861723994,14866.487059167115,28835.48230083832,108652.50073246237,22603.395780131774,11204.623315709086,25055.718574892027,6466.6816613559095,27461.314577424935,161007.07567476624,18721.449045237016,78784.52708543465,302.5564768444725,6285.053345514958,50476.7440876549,47514.50384867292,9234.584623016894,1434.2075450171528
2022-06-02,4103.374163437145,18449.844118490488,11629.945744187973,255.23231326452955,73725.19220151396,395674.6008997501,48943.52483521942,34577.25483413911,10428.363750692633,5159.748428688566,59008.85508861954,54149.5980582864,1167.4908441428909,14101.470421015872,19251.808721674548,9299.170104589122,0.0,93320.82117355394,16589.96003413192,22212.061566862456,17719.980151123036,67149.08621236889,67353.13036848251,16503.8881642693,66683.60879067302,55162.71375852413,24009.38584150518,205.0596759308866,11454.837251146178,4544.177389951555,63035.47535915162,2816.9370518897827,96.41155221910182,10438.924701103371,60177.549223282185,18857.920489443626,15878.680552789227,129698.74328606758,73253.28127647449,19279.80277276857,38682.19412342557,110507.6727973483,22741.1657234358,10335.822766426094,25145.42389365637,6513.365797220644,34164.87477143119,159665.89862835442,19863.92774203718,73735.0465610606,311.97334567987434,6233.259013342158,71283.3183106235,47906.60183058168,9189.806001180357,2455.8574853497594
2022-06-03,4162.541556891491,17990.407932770668,12248.03409380016,294.91025952365527,73102.13642160529,396497.7558692406,49224.03591712359,34396.07431192971,9974.91452572984,4982.980546024531,58312.25728565973,55119.31032999705,1277.9676975407542,14409.104442827758,19582.902467223892,8750.945074183299,0.0,92565.51679406477,16663.03262745637,22179.083596368233,17677.841693951665,66571.16814855853,67367.6093888528,16351.130184530703,65519.70027754094,55367.60488367073,23498.7910319742,206.8065730862737,11032.803045563727,4722.587021752203,62353.601201426136,2825.631805708297,100.49020315953419,10720.176101678335,61554.21920529277,18259.76016924162,15698.479431600885,126106.78859245521,73461.52257436694,19182.832702892312,38493.440366912924,108874.7151558768,21182.68324708871,10306.314216271237,25117.200053663033,6518.430357945783,34239.48955293166,160061.9054996886,18822.620321578135,73609.48996661422,312.19996261931425,6226.367130605694,71168.08217144586,47958.99943642927,9119.820390954197,2478.904981210094
2022-06-04,4156.833472776639,17961.214625015124,12274.895824178571,293.66331128937253,72311.60124739552,395763.83686208515,49378.54567308112,34440.89087108576,10044.704841688681,4786.852256132237,58033.71349923617,55197.55833399028,1159.4336697501424,14406.49282490423,19772.75739903714,8313.917039964053,0.0,92323.08742613706,16877.619976081354,22058.045692444834,17551.018367864166,66736.91217818744,67128.17233237489,16299.791436752941,65265.37525515838,55691.95483574356,23667.357113335787,207.17431473820812,11370.786731955184,4554.70928062001,62054.06174762009,2800.712623875452,106.19118283396762,11523.674618020554,60824.75585410254,18329.614918963543,15789.319640099167,126744.04710949045,73803.91680919229,19254.11554564879,38581.3270337518,108661.88033105276,21526.462098533426,10198.513754003598,25118.417070938205,6464.183688482088,35044.56869685808,160292.1741460385,18308.29320540511,73629.61925931537,293.13949251541675,6169.537792444373,71297.48320221363,48460.65298020123,9091.651643452733,2516.378079609404
2022-06-05,3985.4303387502746,17960.4293349737,12044.68028016891,284.4483656513526,71272.2497554866,395067.49928071717,49201.06978415633,34174.058653264125,9689.37970632398,4551.0274684838205,58032.85413323608,54633.58667850455,1143.0486630078278,14273.696291238783,19682.70065894145,8134.335023029188,0.0,92021.01648206894,16941.294790402615,21904.993328369663,17443.9090677523,66614.23913612906,66944.63411061866,16141.582118881553,64915.37103018023,55517.66273524702,23695.88749881874,203.22958871948646,10988.26186949273,4528.2282398804555,62200.063916298976,2743.7667302670734,100.01612128017325,11818.953172738708,60474.19153169103,18303.045889608486,15679.80364136276,128544.30856366771,73970.64274518612,19144.50885076605,38493.64151032251,108469.23040103128,21570.491702344054,9943.124146968692,25092.544968294376,6238.919687867828,35453.78210717013,160394.8559169058,17642.793703214644,73431.08587128582,285.7325689670774,6028.114151931358,71075.2841951917,48348.79799040691,8990.8804118883,2409.1075105896234
2022-06-06,4192.655724791836,18793.651649744454,12233.62017499295,284.42161435024383,71286.26277992806,394968.9781431212,49409.87285037699,34342.40475753998,10308.047187747232,4587.271381671114,58949.99458978426,54768.09794199777,1222.7557013046094,14677.486869512166,19882.282722241576,8544.41512105224,0.0,92417.78126128223,17074.076530216225,22196.232561499466,17668.113535618802,66875.81214307083,67417.55938271992,16542.742266100217,65618.6495985978,56102.352188911966,24064.599800281347,219.09737810347772,11243.470288967537,4467.740761777969,63088.9391336342,2791.810524094991,86.53702798637744,12266.044475038128,60534.48974488343,18702.420887499185,15966.147131772153,132760.04997288264,74242.16950392978,19429.805933305277,38853.090305579615,109347.25611869677,22879.46054059089,10050.467070343382,25201.6034001103,6341.299922406789,36137.52261530797,160951.0883709793,17888.70033361,73552.59987459886,290.24238264424184,6131.938856003996,71300.94344882856,48837.46748745848,9342.511801302287,2530.534990115463
2022-06-07,4144.629593955204,19042.93551204603,12061.028448495112,269.8102765061348,71476.47880485114,391107.41720041743,49428.141469824215,34104.014805190236,9923.251951278746,4639.296562446454,58621.82930126363,54410.36873274142,1220.2680927206452,14800.618143404234,19840.70846693148,9072.35496542658,0.0,92154.40314370151,16915.16700815389,21741.896135449413,17648.99102030469,66605.92409666989,67218.63008600727,16657.012033586572,66397.04192076786,55527.96440113565,23717.42597974688,198.52219485417407,10875.075699492007,4682.040139222452,62492.101014124884,2786.084119278464,88.30426606570843,11875.199438199452,60184.86295906742,18643.982760015664,15890.546442640947,133559.07133000286,74131.38704842664,19346.841938936563,38360.95941144332,107876.35451555757,23767.23071018567,9883.314158064906,25060.398753805093,6479.152576046979,35650.58672276855,160004.57739506132,17910.970488192386,73362.66185040436,291.31453153870217,6105.479484419505,71041.09150160357,47672.65826591508,9423.99787303753,2513.3510736976914
2022-06-08,4049.47283193007,18710.444392863985,11885.497362003476,265.9584633449819,72952.56367104764,400974.60616044287,49292.54132224874,34005.91890558632,10027.282271945855,4790.131519352226,59111.38047256334,54642.99771045552,1317.2004400794006,14933.55563887683,19739.800008409376,9465.925774676294,0.0,93174.76828924524,16816.800684305887,22685.553233758077,17927.944254632283,67154.70053859676,67919.40158650448,16435.198758228566,64471.10205134513,55863.021578406384,23895.776489617914,202.7014427711878,11202.693466321616,4728.6754740640135,63033.91590463182,2772.8746876966984,82.47076980003955,10190.12556058177,60712.88618383271,18321.582838635375,15881.193390813869,132331.79492489583,74911.12861723994,19422.01315770527,39061.85214778897,108652.50073246237,22603.395780131774,9998.931010864695,25055.718574892027,6466.6816613559095,35461.21969085655,161007.07567476624,18721.449045237016,73257.64158236951,302.5564768444725,6285.053345514958,71374.47190991775,47514.50384867292,9234.584623016894,2535.452469026553
2022-06-09,4103.374163437145,18449.844118490488,11629.945744187973,255.23231326452955,73725.19220151396,395674.6008997501,48943.52483521942,34577.25483413911,10428.363750692633,5159.748428688566,59008.85508861954,54149.5980582864,1167.4908441428909,14101.470421015872,19251.808721674548,9299.170104589122,0.0,93320.82117355394,16589.96003413192,22212.061566862456,17719.980151123036,67149.08621236889,67353.13036848251,16503.8881642693,66683.60879067302,55162.71375852413,24009.38584150518,205.0596759308866,11454.837251146178,4544.177389951555,63035.47535915162,2816.9370518897827,96.41155221910182,10438.924701103371,60177.549223282185,18857.920489443626,15878.680552789227,129698.74328606758,73253.28127647449,19279.80277276857,38682.19412342557,110507.6727973483,22741.1657234358,10335.822766426094,25145.42389365637,6513.365797220644,34164.87477143119,159665.89862835442,19863.92774203718,73735.0465610606,311.97334567987434,6233.259013342158,71283.3183106235,47906.60183058168,9189.806001180357,2455.8574853497594
2022-06-10,4162.541556891491,17990.407932770668,12248.03409380016,294.91025952365527,73102.13642160529,396497.7558692406,49224.03591712359,34396.07431192971,9974.91452572984,4982.980546024531,58312.25728565973,55119.31032999705,1277.9676975407542,14409.104442827758,19582.902467223892,8750.945074183299,0.0,92565.51679406477,16663.03262745637,22179.083596368233,17677.841693951665,66571.16814855853,67367.6093888528,16351.130184530703,65519.70027754094,55367.60488367073,23498.7910319742,206.8065730862737,11032.803045563727,4722.587021752203,62353.601201426136,2825.631805708297,100.49020315953419,10720.176101678335,61554.21920529277,18259.76016924162,15698.479431600885,126106.78859245521,73461.52257436694,19182.832702892312,38493.440366912924,108874.7151558768,21182.68324708871,10306.314216271237,25117.200053663033,6518.430357945783,34239.48955293166,160061.9054996886,18822.620321578135,73609.48996661422,312.19996261931425,6226.367130605694,71168.08217144586,47958.99943642927,9119.820390954197,2478.904981210094
2022-06-11,4156.833472776639,17961.214625015124,12274.895824178571,293.66331128937253,72311.60124739552,395763.83686208515,49378.54567308112,34440.89087108576,10044.704841688681,4786.852256132237,58033.71349923617,55197.55833399028,1159.4336697501424,14406.49282490423,19772.75739903714,8313.917039964053,0.0,92323.08742613706,16877.619976081354,22058.045692444834,17551.018367864166,66736.91217818744,67128.17233237489,16299.791436752941,65265.37525515838,55691.95483574356,23667.357113335787,207.17431473820812,11370.786731955184,4554.70928062001,62054.06174762009,2800.712623875452,106.19118283396762,11523.674618020554,60824.75585410254,18329.614918963543,15789.319640099167,126744.04710949045,73803.91680919229,19254.11554564879,38581.3270337518,108661.88033105276,21526.462098533426,10198.513754003598,25118.417070938205,6464.183688482088,35044.56869685808,160292.1741460385,18308.29320540511,73629.61925931537,293.13949251541675,6169.537792444373,71297.48320221363,48460.65298020123,9091.651643452733,2516.378079609404
2022-06-12,3985.4303387502746,17960.4293349737,12044.68028016891,284.4483656513526,71272.2497554866,395067.49928071717,49201.06978415633,34174.058653264125,9689.37970632398,4551.0274684838205,58032.85413323608,54633.58667850455,1143.0486630078278,14273.696291238783,19682.70065894145,8134.335023029188,0.0,92021.01648206894,16941.294790402615,21904.993328369663,17443.9090677523,66614.23913612906,66944.63411061866,16141.582118881553,64915.37103018023,55517.66273524702,23695.88749881874,203.22958871948646,10988.26186949273,4528.2282398804555,62200.063916298976,2743.7667302670734,100.01612128017325,11818.953172738708,60474.19153169103,18303.045889608486,15679.80364136276,128544.30856366771,73970.64274518612,19144.50885076605,38493.64151032251,108469.23040103128,21570.491702344054,9943.124146968692,25092.544968294376,6238.919687867828,35453.78210717013,160394.8559169058,17642.793703214644,73431.08587128582,285.7325689670774,6028.114151931358,71075.2841951917,48348.79799040691,8990.8804118883,2409.1075105896234
2022-06-13,166.1567914274421,2443.597633593844,1893.685053668385,32.446864520715295,6804.568358641375,44768.23936601905,6396.07964464703,2854.2723618147315,0.0,1046.6550414383364,17057.057157679126,6051.1601029174435,210.93902775570797,3116.278516274562,2639.2602294819635,1449.7508313646304,0.0,3919.0067504075146,0.0,2649.3793069809917,2714.3677992462417,8415.080651758328,8052.0033211978325,1799.2819581695912,7308.471716316428,8018.801728901723,4896.466359833642,22.639049486357777,1598.999545495114,757.7729822994268,8765.675661050707,511.577093499601,3135.586354485123,1404.3910619845992,7313.592982541083,2789.270631278532,2500.9527827412594,17323.915318592208,0.0,2398.334750388857,3906.3928376591575,14252.66659989852,3271.2781801169904,1080.993424525879,3546.7553408379777,937.0310568115176,4560.911111300394,24939.988297187254,2917.9212185542574,8374.16483099427,29.358170014794972,880.677988880868,10751.920260337993,4479.83089847118,1206.3747261064977,330.1581179395927
2022-06-14,536.8109393714873,2619.7889632277474,2190.210941080998,22.738378876178857,6692.79011392755,43887.47778907761,7424.6263605256945,2678.0311996051455,0.0,721.2555656280165,9985.839629607139,7182.076594845225,190.11943450177145,2746.9961260905584,2563.594799837488,1283.8057225208618,0.0,3971.6067241874302,0.0,2682.5565227562456,2706.5764251622268,7785.561134400836,7826.735950072605,1666.773736067058,7396.325112764338,6320.4880810508375,4827.820024374333,20.513042339198442,1570.1809397162738,794.1202743671051,8574.09267767197,394.58948448186106,6.575849600637862,943.5664894329846,7047.31718524251,2856.4801998246003,2399.891070093143,19038.751359723497,0.0,1765.9662324142657,4483.96765347397,13023.090360848017,2471.453496949321,1052.3918748928302,3408.8449067414567,817.0724209569429,4347.787985232421,22147.70948244651,2921.5538221187735,8319.036182446853,31.002792891879405,852.5554894426473,10376.297107269345,5680.602629675765,852.5888796883858,309.610489594348
2022-06-15,588.9042668221445,2103.636446138119,1614.3842666445146,19.133702398919564,6776.516280175018,43831.15430646988,7700.40523633808,2472.1325666988128,0.0,734.4000007707972,16305.578645547132,7034.547110109612,271.7171535885796,2699.341910503389,2452.3920661357547,1300.5546283476706,0.0,38092.62744617321,0.0,2762.096320547799,2715.5686304599994,7691.047849242127,7536.417321472287,1436.3602346951802,7199.769289699601,5333.300486770617,4759.096757489657,42.87374485835823,1590.901444963095,799.9754820970817,8490.360630302239,322.0378085454239,1859.7283925299994,801.1255732287423,7087.260949748415,2320.1948825356817,2304.2940420423015,19206.14999330542,7069.768327470527,2434.3307226197417,4449.079144667597,12904.69230832583,3192.7245877351274,1027.086935295092,2980.756936144218,792.9467261696238,4271.524699663732,22107.445949093682,3051.280263551422,8166.1861660969025,29.008291193387247,865.5486193990857,10347.39430595199,5507.367436407991,1127.323255671779,312.91470510053637
