state,2022-05-01 00:00:00,2022-05-02 00:00:00,2022-05-03 00:00:00,2022-05-04 00:00:00,2022-05-05 00:00:00,2022-05-06 00:00:00,2022-05-07 00:00:00,2022-05-08 00:00:00,2022-05-09 00:00:00,2022-05-10 00:00:00,2022-05-11 00:00:00,2022-05-12 00:00:00,2022-05-13 00:00:00,2022-05-14 00:00:00,2022-05-15 00:00:00,2022-05-16 00:00:00,2022-05-17 00:00:00,2022-05-18 00:00:00,2022-05-19 00:00:00,2022-05-20 00:00:00,2022-05-21 00:00:00,2022-05-22 00:00:00,2022-05-23 00:00:00,2022-05-24 00:00:00,2022-05-25 00:00:00,2022-05-26 00:00:00,2022-05-27 00:00:00,2022-05-28 00:00:00,2022-05-29 00:00:00,2022-05-30 00:00:00,2022-05-31 00:00:00,2022-06-01 00:00:00,2022-06-02 00:00:00,2022-06-03 00:00:00,2022-06-04 00:00:00,2022-06-05 00:00:00,2022-06-06 00:00:00,2022-06-07 00:00:00,2022-06-08 00:00:00,2022-06-09 00:00:00,2022-06-10 00:00:00,2022-06-11 00:00:00,2022-06-12 00:00:00,2022-06-13 00:00:00,2022-06-14 00:00:00,2022-06-15 00:00:00,lag
ak,5004.0,5080.5,5157.0,5177.0,5102.0,5661.0,4666.3333333,3671.6666667,2677.0,2459.0,4969.0,4150.0,4150.0,4654.3333333,5158.6666667,5663.0,5695.0,2776.0,4205.0,3582.0,3659.3333333,3736.6666667,3814.0,3799.0,4754.0,4470.0,4463.0,4395.5,4328.0,4260.5,4193.0,4113.0,4113.0,4113.0,4113.0,4113.0,4113.0,4113.0,4113.0,4113.0,4113.0,4113.0,4113.0,163.0,532.7142857,598.1428571,0
al,22530.0,21306.5,20083.0,20535.0,20328.0,19721.0,16616.3333333,13511.6666667,10407.0,18962.0,18512.0,18528.0,18765.0,21790.6666667,24816.3333333,27842.0,20246.0,20889.0,20779.0,20400.0,20493.3333333,20586.6666667,20680.0,21031.0,21223.0,21438.0,22174.0,20979.75,19785.5,18591.25,17397.0,18410.0,18410.0,18410.0,18410.0,18410.0,18410.0,18410.0,18410.0,18410.0,18410.0,18410.0,18410.0,2393.7142857,2532.7142857,2069.8571429,0
ar,17698.0,19136.5,20575.0,22912.0,17452.0,14225.0,14331.0,14437.0,14543.0,14203.0,15313.0,15032.0,15089.0,15321.6666667,15554.3333333,15787.0,16149.0,15385.0,15821.0,18686.0,18026.0,17366.0,16706.0,16497.0,16714.0,16096.0,13165.0,11364.0,9563.0,7762.0,5961.0,12052.0,12052.0,12052.0,12052.0,12052.0,12052.0,12052.0,12052.0,12052.0,12052.0,12052.0,12052.0,1865.5714286,2188.5714286,1637.0,0
as,760.0,555.0,350.0,1083.0,1197.0,957.0,957.0,957.0,957.0,1038.0,462.0,442.0,413.0,448.3333333,483.6666667,519.0,547.0,464.0,432.0,431.0,418.0,405.0,392.0,404.0,330.0,268.0,260.0,229.5,199.0,168.5,138.0,278.0,278.0,278.0,278.0,278.0,278.0,278.0,278.0,278.0,278.0,278.0,278.0,31.7142857,23.4285714,20.0,0
az,67651.0,66196.0,64741.0,63201.0,64597.0,64742.0,62295.6666667,59849.3333333,57403.0,63039.0,64333.0,62750.0,61891.0,62736.0,63581.0,64426.0,60381.0,58869.0,54798.0,51078.0,51571.3333333,52064.6666667,52558.0,52984.0,53143.0,70540.0,77911.0,77274.75,76638.5,76002.25,75366.0,72298.0,72298.0,72298.0,72298.0,72298.0,72298.0,72298.0,72298.0,72298.0,72298.0,72298.0,72298.0,6901.1428571,6769.7142857,6715.7142857,0
ca,440807.0,427257.5,413708.0,415833.0,415057.0,404914.0,397397.3333333,389880.6666667,382364.0,377161.0,319435.0,280544.0,278467.0,280261.3333333,282055.6666667,283850.0,297822.0,358503.0,399817.0,406527.0,408138.0,409749.0,411360.0,417916.0,408864.0,431198.0,433781.0,434822.0,435863.0,436904.0,437945.0,395713.0,395713.0,395713.0,395713.0,395713.0,395713.0,395713.0,395713.0,395713.0,395713.0,395713.0,395713.0,44852.5714286,44404.2857143,43256.0,0
co,60189.0,55802.0,51415.0,51338.0,52306.0,51481.0,51646.3333333,51811.6666667,51977.0,49716.0,50601.0,49633.0,49002.0,48946.0,48890.0,48834.0,48966.0,49216.0,46465.0,46602.0,46184.0,45766.0,45348.0,53474.0,52291.0,55971.0,58000.0,49929.75,41859.5,33789.25,25719.0,49268.0,49268.0,49268.0,49268.0,49268.0,49268.0,49268.0,49268.0,49268.0,49268.0,49268.0,49268.0,6377.7142857,7400.5714286,7696.5714286,0
ct,43684.0,42883.0,42082.0,41814.0,41128.0,40005.0,39468.0,38931.0,38394.0,38286.0,38551.0,38440.0,38396.0,38807.3333333,39218.6666667,39630.0,39622.0,39280.0,38719.0,38487.0,38440.0,38393.0,38346.0,38658.0,38195.0,41456.0,42624.0,41286.25,39948.5,38610.75,37273.0,34291.0,34291.0,34291.0,34291.0,34291.0,34291.0,34291.0,34291.0,34291.0,34291.0,34291.0,34291.0,2850.0,2692.7142857,2492.8571429,0
dc,14818.0,44090.5,73363.0,73957.0,73592.0,73185.0,51871.3333333,30557.6666667,9244.0,9244.0,9236.0,8959.0,9211.0,9366.6666667,9522.3333333,9678.0,9678.0,9538.0,9255.0,9091.0,8195.3333333,7299.6666667,6404.0,10412.0,10332.0,10668.0,11241.0,11326.0,11411.0,11496.0,11581.0,10054.0,10054.0,10054.0,10054.0,10054.0,10054.0,10054.0,10054.0,10054.0,10054.0,10054.0,10054.0,,,,0
de,13491.0,15138.0,16785.0,10689.0,10571.0,9780.0,9717.3333333,9654.6666667,9592.0,6296.0,9986.0,10062.0,10309.0,10352.3333333,10395.6666667,10439.0,14172.0,10703.0,10637.0,10325.0,10578.0,10831.0,11084.0,7377.0,11179.0,11506.0,12530.0,11860.0,11190.0,10520.0,9850.0,4781.0,4781.0,4781.0,4781.0,4781.0,4781.0,4781.0,4781.0,4781.0,4781.0,4781.0,4781.0,1090.8571429,743.2857143,733.0,0
fl,189183.0,184700.5,180218.0,156134.0,172120.0,169067.0,151292.6666667,133518.3333333,115744.0,157550.0,172132.0,151359.0,151911.0,151697.0,151483.0,151269.0,159092.0,162937.0,161566.0,160127.0,160273.6666667,160420.3333333,160567.0,166451.0,168433.0,172040.0,177694.0,153080.75,128467.5,103854.25,79241.0,58580.0,58580.0,58580.0,58580.0,58580.0,58580.0,58580.0,58580.0,58580.0,58580.0,58580.0,58580.0,16950.0,9978.7142857,16159.0,0
ga,65702.0,70041.5,74381.0,70018.0,63220.0,62677.0,65972.0,69267.0,72562.0,55485.0,55541.0,57700.0,56648.0,56742.3333333,56836.6666667,56931.0,59800.0,64379.0,71696.0,61607.0,61424.3333333,61241.6666667,61059.0,61719.0,62734.0,53710.0,65340.0,55670.0,46000.0,36330.0,26660.0,54702.0,54702.0,54702.0,54702.0,54702.0,54702.0,54702.0,54702.0,54702.0,54702.0,54702.0,54702.0,6043.8571429,7220.5714286,7042.1428571,0
gu,1827.0,1804.0,1781.0,1713.0,1418.0,2455.0,2409.3333333,2363.6666667,2318.0,2241.0,3364.0,3055.0,2442.0,2515.0,2588.0,2661.0,2545.0,1641.0,1645.0,1214.0,1260.6666667,1307.3333333,1354.0,1349.0,912.0,1152.0,1278.0,1220.25,1162.5,1104.75,1047.0,1214.0,1214.0,1214.0,1214.0,1214.0,1214.0,1214.0,1214.0,1214.0,1214.0,1214.0,1214.0,209.4285714,189.1428571,250.4285714,0
hi,18160.0,18278.0,18396.0,18349.0,19751.0,19470.0,19196.6666667,18923.3333333,18650.0,17086.0,14044.0,15072.0,14602.0,14553.0,14504.0,14455.0,15824.0,18740.0,14431.0,15001.0,15345.3333333,15689.6666667,16034.0,15962.0,15479.0,17783.0,17013.0,15580.25,14147.5,12714.75,11282.0,14512.0,14512.0,14512.0,14512.0,14512.0,14512.0,14512.0,14512.0,14512.0,14512.0,14512.0,14512.0,3081.1428571,2693.4285714,2623.1428571,0
ia,30652.0,28685.0,26718.0,26600.0,27437.0,25448.0,25257.3333333,25066.6666667,24876.0,23239.0,22573.0,22760.0,22266.0,22270.0,22274.0,22278.0,22419.0,23017.0,23058.0,23265.0,23218.3333333,23171.6666667,23125.0,23977.0,24213.0,24206.0,24392.0,22274.75,20157.5,18040.25,15923.0,19678.0,19678.0,19678.0,19678.0,19678.0,19678.0,19678.0,19678.0,19678.0,19678.0,19678.0,19678.0,2612.1428571,2542.5714286,2444.7142857,0
id,10525.0,10291.0,10057.0,10088.0,10030.0,25838.0,25853.0,25868.0,25883.0,28489.0,28385.0,28102.0,12408.0,12815.6666667,13223.3333333,13631.0,11275.0,11626.0,25347.0,25131.0,28892.0,32653.0,36414.0,36719.0,38382.0,24915.0,25235.0,21837.75,18440.5,15043.25,11646.0,8785.0,8785.0,8785.0,8785.0,8785.0,8785.0,8785.0,8785.0,8785.0,8785.0,8785.0,8785.0,1490.5714286,1243.1428571,1207.0,0
il,138940.0,135833.0,132726.0,122081.0,122103.0,103762.0,118955.0,134148.0,149341.0,149094.0,163145.0,180518.0,174531.0,159226.6666667,143922.3333333,128618.0,132606.0,132538.0,110054.0,2552.0,3137.6666667,3723.3333333,4309.0,7502.0,4825.0,2148.0,169244.0,154245.0,139246.0,124247.0,109248.0,142034.0,142034.0,142034.0,142034.0,142034.0,142034.0,142034.0,142034.0,142034.0,142034.0,142034.0,142034.0,11288.4285714,11423.8571429,12602.8571429,0
in,37775.0,38140.0,38505.0,38152.0,38254.0,37568.0,37264.6666667,36961.3333333,36658.0,35935.0,35612.0,35332.0,35272.0,34845.6666667,34419.3333333,33993.0,34406.0,34572.0,34434.0,35278.0,36255.6666667,37233.3333333,38211.0,38956.0,39691.0,104404.0,104819.0,102668.25,100517.5,98366.75,96216.0,91663.0,91663.0,91663.0,91663.0,91663.0,91663.0,91663.0,91663.0,91663.0,91663.0,91663.0,91663.0,3887.0,3950.4285714,37474.5714286,0
ks,23521.0,23446.5,23372.0,23225.0,23400.0,22829.0,22157.6666667,21486.3333333,20815.0,20547.0,20398.0,19761.0,19733.0,20275.3333333,20817.6666667,21360.0,21631.0,21773.0,21523.0,21050.0,20266.3333333,19482.6666667,18699.0,19344.0,19451.0,19540.0,20168.0,18540.5,16913.0,15285.5,13658.0,16839.0,16839.0,16839.0,16839.0,16839.0,16839.0,16839.0,16839.0,16839.0,16839.0,16839.0,16839.0,,,,0
ky,25427.0,24293.5,23160.0,23109.0,22707.0,22919.0,22262.0,21605.0,20948.0,21841.0,21716.0,21058.0,20689.0,22060.6666667,23432.3333333,24804.0,26551.0,23590.0,24096.0,24369.0,23817.6666667,23266.3333333,22715.0,21621.0,25406.0,25928.0,25948.0,25728.25,25508.5,25288.75,25069.0,22138.0,22138.0,22138.0,22138.0,22138.0,22138.0,22138.0,22138.0,22138.0,22138.0,22138.0,22138.0,2642.4285714,2731.4285714,2695.4285714,0
la,20759.0,19872.5,18986.0,19025.0,19288.0,19285.0,18674.0,18063.0,17452.0,17316.0,17253.0,17198.0,17700.0,19347.6666667,20995.3333333,22643.0,21947.0,22218.0,22851.0,18868.0,20802.3333333,22736.6666667,24671.0,28355.0,29359.0,29364.0,34107.0,30667.0,27227.0,23787.0,20347.0,17662.0,17662.0,17662.0,17662.0,17662.0,17662.0,17662.0,17662.0,17662.0,17662.0,17662.0,17662.0,2713.4285714,2708.5714286,2675.2857143,0
ma,90510.0,89852.0,89194.0,88731.0,88281.0,88129.0,87490.6666667,86852.3333333,86214.0,84533.0,84153.0,69661.0,84136.0,83954.0,83772.0,83590.0,84101.0,84518.0,97708.0,81390.0,81163.0,80936.0,80709.0,81579.0,81605.0,81810.0,84475.0,82674.75,80874.5,79074.25,77274.0,66815.0,66815.0,66815.0,66815.0,66815.0,66815.0,66815.0,66815.0,66815.0,66815.0,66815.0,66815.0,8407.4285714,7810.0,7652.1428571,0
md,71766.0,72311.0,72856.0,71359.0,69551.0,63977.0,61958.3333333,59939.6666667,57921.0,57270.0,56821.0,57922.0,62756.0,66011.6666667,69267.3333333,72523.0,74421.0,77146.0,78721.0,77411.0,77869.3333333,78327.6666667,78786.0,79684.0,80425.0,83431.0,83557.0,81073.75,78590.5,76107.25,73624.0,67335.0,67335.0,67335.0,67335.0,67335.0,67335.0,67335.0,67335.0,67335.0,67335.0,67335.0,67335.0,8042.1428571,7840.2857143,7471.5714286,0
me,23674.0,23111.0,22548.0,22453.0,22060.0,21984.0,21772.3333333,21560.6666667,21349.0,20860.0,20863.0,21061.0,21499.0,21321.3333333,21143.6666667,20966.0,21229.0,24520.0,20763.0,19995.0,19924.6666667,19854.3333333,19784.0,18945.0,15474.0,18717.0,19012.0,17754.75,16497.5,15240.25,13983.0,16418.0,16418.0,16418.0,16418.0,16418.0,16418.0,16418.0,16418.0,16418.0,16418.0,16418.0,16418.0,1785.7142857,1642.8571429,1434.8571429,0
mi,79375.0,79183.5,78992.0,89246.0,81000.0,78039.0,77415.6666667,76792.3333333,76169.0,74186.0,72918.0,70047.0,70394.0,70806.0,71218.0,71630.0,73049.0,74776.0,74856.0,75648.0,69174.3333333,62700.6666667,56227.0,76925.0,79014.0,79276.0,83534.0,76580.75,69627.5,62674.25,55721.0,65549.0,65549.0,65549.0,65549.0,65549.0,65549.0,65549.0,65549.0,65549.0,65549.0,65549.0,65549.0,7300.7142857,7301.8571429,7320.1428571,0
mn,65312.0,64702.0,64092.0,64278.0,63571.0,62789.0,62367.0,61945.0,61523.0,61972.0,61428.0,62228.0,62060.0,60192.3333333,58324.6666667,56457.0,60060.0,51792.0,58164.0,57810.0,58659.0,59508.0,60357.0,61899.0,71706.0,66210.0,68468.0,63282.75,58097.5,52912.25,47727.0,55604.0,55604.0,55604.0,55604.0,55604.0,55604.0,55604.0,55604.0,55604.0,55604.0,55604.0,55604.0,7947.5714286,6329.1428571,5308.5714286,0
mo,37078.0,43183.5,49289.0,35499.0,35409.0,34971.0,34780.6666667,34590.3333333,34400.0,33784.0,33304.0,33802.0,34432.0,34499.6666667,34567.3333333,34635.0,35568.0,35985.0,35814.0,35704.0,35672.3333333,35640.6666667,35609.0,36974.0,37840.0,38622.0,40874.0,37605.5,34337.0,31068.5,27800.0,23792.0,23792.0,23792.0,23792.0,23792.0,23792.0,23792.0,23792.0,23792.0,23792.0,23792.0,23792.0,4841.0,4843.0,4738.4285714,0
mp,0.0,60.0,120.0,253.0,285.0,305.0,315.6666667,326.3333333,337.0,235.0,124.0,92.0,155.0,159.3333333,163.6666667,168.0,169.0,147.0,147.0,64.0,49.0,34.0,19.0,160.0,160.0,249.0,269.0,253.25,237.5,221.75,206.0,206.0,206.0,206.0,206.0,206.0,206.0,206.0,206.0,206.0,206.0,206.0,206.0,21.2857143,21.2857143,43.5714286,0
ms,14506.0,16209.0,17912.0,13820.0,13954.0,13382.0,13215.0,13048.0,12881.0,12950.0,12532.0,12056.0,12110.0,12177.3333333,12244.6666667,12312.0,12830.0,13118.0,10738.0,13798.0,13970.6666667,14143.3333333,14316.0,14514.0,14536.0,16967.0,11687.0,11084.0,10481.0,9878.0,9275.0,11138.0,11138.0,11138.0,11138.0,11138.0,11138.0,11138.0,11138.0,11138.0,11138.0,11138.0,11138.0,1584.0,1608.1428571,1581.7142857,0
mt,7758.0,7720.5,7683.0,7654.0,10227.0,10162.0,10140.0,10118.0,10096.0,7285.0,7280.0,6774.0,8116.0,8119.6666667,8123.3333333,8127.0,3782.0,3779.0,4185.0,2814.0,4697.6666667,6581.3333333,8465.0,8491.0,8508.0,5980.0,10305.0,8889.25,7473.5,6057.75,4642.0,4603.0,4603.0,4603.0,4603.0,4603.0,4603.0,4603.0,4603.0,4603.0,4603.0,4603.0,4603.0,780.7142857,780.7142857,778.7142857,0
nc,78530.0,77837.0,77144.0,76417.0,69986.0,68461.0,70019.3333333,71577.6666667,73136.0,75721.0,76959.0,78167.0,79548.0,77290.6666667,75033.3333333,72776.0,70543.0,77875.0,70046.0,68568.0,70082.3333333,71596.6666667,73111.0,79215.0,73740.0,80214.0,81944.0,79248.75,76553.5,73858.25,71163.0,62607.0,62607.0,62607.0,62607.0,62607.0,62607.0,62607.0,62607.0,62607.0,62607.0,62607.0,62607.0,8698.7142857,8589.8571429,8432.8571429,0
nd,2613.0,2286.5,1960.0,1946.0,33452.0,33672.0,33730.6666667,33789.3333333,33848.0,34169.0,34406.0,3132.0,3094.0,3058.0,3022.0,2986.0,2951.0,3011.0,2861.0,2977.0,3002.6666667,3028.3333333,3054.0,3289.0,2791.0,2878.0,2733.0,2562.75,2392.5,2222.25,2052.0,2791.0,2791.0,2791.0,2791.0,2791.0,2791.0,2791.0,2791.0,2791.0,2791.0,2791.0,2791.0,511.4285714,395.2857143,324.1428571,0
ne,17632.0,17632.0,17632.0,17812.0,13145.0,9940.0,12072.6666667,14205.3333333,16338.0,16338.0,12672.0,14658.0,17161.0,13933.6666667,10706.3333333,7479.0,7483.0,4570.0,2615.0,102.0,96.0,90.0,84.0,19844.0,19882.0,19850.0,19883.0,14948.0,10013.0,5078.0,143.0,94.0,94.0,94.0,94.0,94.0,94.0,94.0,94.0,94.0,94.0,94.0,94.0,3406.0,7.0,2119.7142857,0
nh,16499.0,18068.5,19638.0,24510.0,22192.0,20097.0,22903.0,25709.0,28515.0,30469.0,25612.0,35697.0,35651.0,29292.6666667,22934.3333333,16576.0,18559.0,18521.0,8344.0,13564.0,15854.0,18144.0,20434.0,16876.0,16889.0,17049.0,17490.0,15039.5,12589.0,10138.5,7688.0,11237.0,11237.0,11237.0,11237.0,11237.0,11237.0,11237.0,11237.0,11237.0,11237.0,11237.0,11237.0,1286.5714286,892.8571429,883.4285714,0
nj,84645.0,85366.0,86087.0,85209.0,84087.0,80520.0,78957.3333333,77394.6666667,75832.0,72472.0,72642.0,60315.0,76205.0,78064.0,79923.0,81782.0,84267.0,82889.0,95225.0,81857.0,81279.0,80701.0,80123.0,79507.0,82877.0,85132.0,84061.0,80593.25,77125.5,73657.75,70190.0,60636.0,60636.0,60636.0,60636.0,60636.0,60636.0,60636.0,60636.0,60636.0,60636.0,60636.0,60636.0,7325.8571429,7100.1428571,7078.2857143,0
nm,22238.0,22211.5,22185.0,22940.0,19187.0,22456.0,22292.0,22128.0,21964.0,21282.0,20733.0,26453.0,21449.0,21715.0,21981.0,22247.0,22629.0,22801.0,20056.0,20131.0,20291.3333333,20451.6666667,20612.0,20774.0,21176.0,20988.0,22007.0,21080.75,20154.5,19228.25,18302.0,18487.0,18487.0,18487.0,18487.0,18487.0,18487.0,18487.0,18487.0,18487.0,18487.0,18487.0,18487.0,2757.1428571,2832.4285714,2341.1428571,0
nv,21102.0,20818.5,20535.0,20570.0,21060.0,21025.0,20619.3333333,20213.6666667,19808.0,18794.0,18158.0,17718.0,17780.0,17891.0,18002.0,18113.0,19540.0,19618.0,18701.0,18656.0,18740.6666667,18825.3333333,18910.0,19110.0,19056.0,19320.0,20255.0,18856.0,17457.0,16058.0,14659.0,15826.0,15826.0,15826.0,15826.0,15826.0,15826.0,15826.0,15826.0,15826.0,15826.0,15826.0,15826.0,2479.0,2390.1428571,2296.2857143,0
ny,179807.0,177036.0,174265.0,172494.0,165078.0,162992.0,153711.3333333,144430.6666667,135150.0,156044.0,156104.0,155134.0,153465.0,161141.3333333,168817.6666667,176494.0,156995.0,155410.0,154830.0,155526.0,148457.3333333,141388.6666667,134320.0,153990.0,148160.0,152633.0,156970.0,153350.25,149730.5,146110.75,142491.0,129934.0,129934.0,129934.0,129934.0,129934.0,129934.0,129934.0,129934.0,129934.0,129934.0,129934.0,129934.0,16955.1428571,18522.0,18858.1428571,0
oh,84495.0,83970.5,83446.0,82750.0,83791.0,81913.0,80951.3333333,79989.6666667,79028.0,78386.0,110492.0,149625.0,149909.0,150001.3333333,150093.6666667,150186.0,151510.0,120033.0,78526.0,79712.0,81728.3333333,83744.6666667,85761.0,87783.0,88765.0,93020.0,93266.0,90799.25,88332.5,85865.75,83399.0,73966.0,73966.0,73966.0,73966.0,73966.0,73966.0,73966.0,73966.0,73966.0,73966.0,73966.0,73966.0,,,6980.5714286,0
ok,22969.0,22513.5,22058.0,22024.0,21329.0,21214.0,20804.3333333,20394.6666667,19985.0,19329.0,19326.0,19290.0,19413.0,19617.6666667,19822.3333333,20027.0,20435.0,20191.0,19613.0,19565.0,19515.3333333,19465.6666667,19416.0,19577.0,20097.0,20525.0,20906.0,19372.0,17838.0,16304.0,14770.0,19294.0,19294.0,19294.0,19294.0,19294.0,19294.0,19294.0,19294.0,19294.0,19294.0,19294.0,19294.0,2381.5714286,1761.1428571,2418.2857143,0
or,54536.0,55275.0,56014.0,55427.0,55431.0,54460.0,52342.3333333,50224.6666667,48107.0,46224.0,47232.0,44577.0,44001.0,43639.6666667,43278.3333333,42917.0,44776.0,43073.0,42614.0,42119.0,42148.6666667,42178.3333333,42208.0,43149.0,42012.0,42766.0,43947.0,40165.75,36384.5,32603.25,28822.0,38646.0,38646.0,38646.0,38646.0,38646.0,38646.0,38646.0,38646.0,38646.0,38646.0,38646.0,38646.0,3885.5714286,4517.2857143,4401.7142857,0
pa,357186.0,360182.0,363178.0,126842.0,144133.0,125198.0,122136.0,119074.0,116012.0,116934.0,113489.0,113968.0,113776.0,104880.6666667,95985.3333333,87090.0,115610.0,116514.0,115133.0,115265.0,115251.3333333,115237.6666667,115224.0,118985.0,119818.0,121435.0,124408.0,109388.25,94368.5,79348.75,64329.0,108530.0,108530.0,108530.0,108530.0,108530.0,108530.0,108530.0,108530.0,108530.0,108530.0,108530.0,108530.0,14146.1428571,13102.0,12890.1428571,0
pr,47778.0,42017.5,36257.0,40084.0,47067.0,26794.0,27324.6666667,27855.3333333,28386.0,28833.0,30142.0,29329.0,29311.0,25928.0,22545.0,19162.0,30951.0,30600.0,30729.0,36619.0,39131.3333333,41643.6666667,44156.0,29443.0,28368.0,26514.0,26660.0,24570.75,22481.5,20392.25,18303.0,22308.0,22308.0,22308.0,22308.0,22308.0,22308.0,22308.0,22308.0,22308.0,22308.0,22308.0,22308.0,3189.5714286,2319.7142857,3151.0,0
ri,11959.0,11978.0,11997.0,11586.0,11358.0,11034.0,11209.0,11384.0,11559.0,11396.0,11181.0,11302.0,11587.0,11484.0,11381.0,11278.0,11587.0,12184.0,11746.0,11285.0,11399.0,11513.0,11627.0,11687.0,11580.0,11058.0,11315.0,11356.25,11397.5,11438.75,11480.0,10101.0,10101.0,10101.0,10101.0,10101.0,10101.0,10101.0,10101.0,10101.0,10101.0,10101.0,10101.0,1086.4285714,1075.5714286,1037.5714286,0
sc,1286.0,77403.5,153521.0,153664.0,153506.0,153508.0,153366.0,153224.0,153082.0,29232.0,28961.0,29051.0,29189.0,29263.6666667,29338.3333333,29413.0,31247.0,31583.0,31473.0,31346.0,37394.3333333,43442.6666667,49491.0,31252.0,34816.0,40615.0,46955.0,40531.5,34108.0,27684.5,21261.0,25113.0,25113.0,25113.0,25113.0,25113.0,25113.0,25113.0,25113.0,25113.0,25113.0,25113.0,25113.0,3534.2857143,3416.0,2987.5714286,0
sd,9292.0,9382.5,9473.0,9562.0,8390.0,9369.0,9118.3333333,8867.6666667,8617.0,7865.0,7556.0,8516.0,7118.0,7056.6666667,6995.3333333,6934.0,6923.0,6882.0,6782.0,6473.0,6503.0,6533.0,6563.0,5134.0,5999.0,5974.0,6298.0,6473.75,6649.5,6825.25,7001.0,6431.0,6431.0,6431.0,6431.0,6431.0,6431.0,6431.0,6431.0,6431.0,6431.0,6431.0,6431.0,950.2857143,811.0,788.5714286,0
tn,41096.0,39859.0,38622.0,38585.0,40524.0,39946.0,39492.3333333,39038.6666667,38585.0,38760.0,38315.0,36276.0,36223.0,36367.3333333,36511.6666667,36656.0,37760.0,38007.0,43674.0,43746.0,43648.6666667,43551.3333333,43454.0,45895.0,46279.0,40661.0,41947.0,38236.0,34525.0,30814.0,27103.0,35158.0,35158.0,35158.0,35158.0,35158.0,35158.0,35158.0,35158.0,35158.0,35158.0,35158.0,35158.0,4437.2857143,4287.7142857,4235.0,0
tx,572112.0,389551.0,206990.0,205625.0,204757.0,201576.0,203347.3333333,205118.6666667,206890.0,202132.0,198517.0,197784.0,197682.0,195088.3333333,192494.6666667,189901.0,196078.0,195308.0,189949.0,186107.0,190242.6666667,194378.3333333,198514.0,197998.0,202734.0,209101.0,209846.0,202275.25,194704.5,187133.75,179563.0,160339.0,160339.0,160339.0,160339.0,160339.0,160339.0,160339.0,160339.0,160339.0,160339.0,160339.0,160339.0,24845.1428571,22194.0,22015.7142857,0
ut,26761.0,26806.5,26852.0,26848.0,33733.0,7416.0,7373.6666667,7331.3333333,7289.0,31903.0,31972.0,25175.0,25236.0,25237.6666667,25239.3333333,25241.0,658.0,17604.0,21484.0,21432.0,21450.6666667,21469.3333333,21488.0,21476.0,4455.0,457.0,432.0,1889.0,3346.0,4803.0,6260.0,18370.0,18370.0,18370.0,18370.0,18370.0,18370.0,18370.0,18370.0,18370.0,18370.0,18370.0,18370.0,2996.4285714,2996.4285714,2994.0,0
va,78163.0,77830.0,77497.0,80466.0,80423.0,81643.0,81638.0,81633.0,81628.0,82364.0,79208.0,79243.0,77335.0,77908.3333333,78481.6666667,79055.0,79474.0,79916.0,79777.0,79307.0,79455.0,79603.0,79751.0,79848.0,80102.0,80102.0,83024.0,82000.5,80977.0,79953.5,78930.0,73511.0,73511.0,73511.0,73511.0,73511.0,73511.0,73511.0,73511.0,73511.0,73511.0,73511.0,73511.0,8369.4285714,8335.8571429,8194.4285714,0
vi,1296.0,1212.0,1128.0,931.0,819.0,820.0,977.3333333,1134.6666667,1292.0,1203.0,1096.0,1017.0,841.0,723.6666667,606.3333333,489.0,586.0,532.0,631.0,589.0,621.0,653.0,685.0,563.0,552.0,394.0,469.0,421.75,374.5,327.25,280.0,298.0,298.0,298.0,298.0,298.0,298.0,298.0,298.0,298.0,298.0,298.0,298.0,30.1428571,31.7142857,28.5714286,0
vt,9657.0,9673.0,9689.0,9291.0,9281.0,9448.0,9454.3333333,9460.6666667,9467.0,9234.0,9155.0,9208.0,8904.0,8870.6666667,8837.3333333,8804.0,8676.0,8707.0,8807.0,8654.0,9050.6666667,9447.3333333,9844.0,8443.0,8290.0,7883.0,7760.0,7441.75,7123.5,6805.25,6487.0,6168.0,6168.0,6168.0,6168.0,6168.0,6168.0,6168.0,6168.0,6168.0,6168.0,6168.0,6168.0,885.8571429,861.2857143,849.4285714,0
wa,78489.0,79672.5,80856.0,79349.0,80633.0,81499.0,81254.3333333,81009.6666667,80765.0,82391.0,83134.0,79728.0,78703.0,78563.0,78423.0,78283.0,77637.0,77768.0,76918.0,76383.0,76529.6666667,76676.3333333,76823.0,75229.0,74993.0,75287.0,77828.0,70946.5,64065.0,57183.5,50302.0,71220.0,71220.0,71220.0,71220.0,71220.0,71220.0,71220.0,71220.0,71220.0,71220.0,71220.0,71220.0,10739.7142857,10402.4285714,10325.0,0
wi,53981.0,58730.5,63480.0,63805.0,62237.0,60042.0,62793.3333333,65544.6666667,68296.0,54082.0,53011.0,52048.0,51722.0,47864.0,44006.0,40148.0,53399.0,53381.0,52908.0,53671.0,53742.0,53813.0,53884.0,56528.0,57326.0,58555.0,60581.0,56069.5,51558.0,47046.5,42535.0,48098.0,48098.0,48098.0,48098.0,48098.0,48098.0,48098.0,48098.0,48098.0,48098.0,48098.0,48098.0,4412.0,5731.2857143,5575.0,0
wv,11934.0,11590.0,11246.0,11283.0,9458.0,11389.0,11371.6666667,11354.3333333,11337.0,11297.0,11202.0,12482.0,10414.0,10352.6666667,10291.3333333,10230.0,7144.0,12234.0,10828.0,10599.0,10560.0,10521.0,10482.0,13886.0,8767.0,10847.0,11081.0,10217.5,9354.0,8490.5,7627.0,9198.0,9198.0,9198.0,9198.0,9198.0,9198.0,9198.0,9198.0,9198.0,9198.0,9198.0,9198.0,1187.7142857,832.1428571,1122.8571429,0
wy,3341.0,3213.5,3086.0,3001.0,2986.0,2973.0,2958.0,2943.0,2928.0,2908.125,2888.25,2868.375,2848.5,2828.625,2808.75,2788.875,2769.0,2797.0,2706.0,2666.0,2637.6666667,2609.3333333,2581.0,2692.0,2669.0,2740.0,2843.0,2487.0,2131.0,1775.0,1419.0,2491.0,2491.0,2491.0,2491.0,2491.0,2491.0,2491.0,2491.0,2491.0,2491.0,2491.0,2491.0,325.0,306.8571429,307.4285714,0
